Date,Time,Solar_Irradiance,Temperature,Humidity,Wind_Speed,Cloud_Cover,Solar_Energy,Datetime
2023-01-01,00:00,0.0,9.7,98.0,5.98,41.4,0.0,2023-01-01 00:00:00
2023-01-01,01:00,0.0,10.1,95.9,2.73,31.8,0.0,2023-01-01 01:00:00
2023-01-01,02:00,0.0,7.1,98.0,2.97,43.6,0.0,2023-01-01 02:00:00
2023-01-01,03:00,0.0,11.9,98.0,2.88,56.8,0.0,2023-01-01 03:00:00
2023-01-01,04:00,0.0,5.8,98.0,2.3,30.4,0.0,2023-01-01 04:00:00
2023-01-01,05:00,0.0,13.0,89.3,3.37,30.4,0.0,2023-01-01 05:00:00
2023-01-01,06:00,0.0,11.6,97.9,3.34,57.6,0.0,2023-01-01 06:00:00
2023-01-01,07:00,25.93,14.9,89.0,3.25,45.4,0.8,2023-01-01 07:00:00
2023-01-01,08:00,224.63,15.3,86.8,6.48,26.9,9.52,2023-01-01 08:00:00
2023-01-01,09:00,371.11,16.8,86.8,2.95,42.1,16.38,2023-01-01 09:00:00
2023-01-01,10:00,520.37,18.6,75.3,1.17,27.0,21.37,2023-01-01 10:00:00
2023-01-01,11:00,617.66,20.3,78.4,2.18,26.9,24.7,2023-01-01 11:00:00
2023-01-01,12:00,596.89,19.2,81.6,4.8,37.5,24.12,2023-01-01 12:00:00
2023-01-01,13:00,636.08,22.3,70.3,4.09,5.2,25.3,2023-01-01 13:00:00
2023-01-01,14:00,556.17,18.7,73.5,7.12,8.0,23.22,2023-01-01 14:00:00
2023-01-01,15:00,384.45,20.4,79.0,4.64,25.5,15.44,2023-01-01 15:00:00
2023-01-01,16:00,226.81,21.3,72.5,2.27,18.7,9.66,2023-01-01 16:00:00
2023-01-01,17:00,34.69,20.7,81.5,1.86,38.6,1.68,2023-01-01 17:00:00
2023-01-01,18:00,0.0,18.5,75.5,3.76,20.3,0.0,2023-01-01 18:00:00
2023-01-01,19:00,0.0,15.5,78.4,4.48,12.7,0.0,2023-01-01 19:00:00
2023-01-01,20:00,0.0,16.3,91.9,2.12,55.9,0.0,2023-01-01 20:00:00
2023-01-01,21:00,0.0,11.9,88.5,4.15,30.5,0.0,2023-01-01 21:00:00
2023-01-01,22:00,0.0,14.8,95.4,5.88,34.9,0.0,2023-01-01 22:00:00
2023-01-01,23:00,0.0,10.2,90.1,4.83,12.5,0.0,2023-01-01 23:00:00
2023-01-02,00:00,0.0,6.6,96.8,4.47,26.2,0.0,2023-01-02 00:00:00
2023-01-02,01:00,0.0,6.6,98.0,5.24,36.1,0.0,2023-01-02 01:00:00
2023-01-02,02:00,0.0,8.7,89.3,1.76,17.1,0.0,2023-01-02 02:00:00
2023-01-02,03:00,0.0,9.0,98.0,2.31,40.0,0.0,2023-01-02 03:00:00
2023-01-02,04:00,0.0,12.9,90.6,1.25,25.4,0.0,2023-01-02 04:00:00
2023-01-02,05:00,0.0,8.5,98.0,2.0,30.0,0.0,2023-01-02 05:00:00
2023-01-02,06:00,0.0,11.6,87.2,6.44,25.4,0.0,2023-01-02 06:00:00
2023-01-02,07:00,17.91,11.1,94.0,2.4,62.2,0.31,2023-01-02 07:00:00
2023-01-02,08:00,218.75,13.7,85.6,4.46,34.2,9.75,2023-01-02 08:00:00
2023-01-02,09:00,401.92,19.2,74.7,4.62,18.5,17.24,2023-01-02 09:00:00
2023-01-02,10:00,461.11,15.5,95.1,4.37,46.7,19.88,2023-01-02 10:00:00
2023-01-02,11:00,609.64,19.9,83.0,3.91,16.1,24.24,2023-01-02 11:00:00
2023-01-02,12:00,600.21,20.5,80.0,3.6,37.5,24.2,2023-01-02 12:00:00
2023-01-02,13:00,639.21,20.3,70.8,3.3,5.0,26.31,2023-01-02 13:00:00
2023-01-02,14:00,551.59,21.5,70.0,6.49,14.5,22.64,2023-01-02 14:00:00
2023-01-02,15:00,385.83,18.3,85.2,0.87,37.3,16.2,2023-01-02 15:00:00
2023-01-02,16:00,197.22,22.7,86.1,1.39,45.5,8.34,2023-01-02 16:00:00
2023-01-02,17:00,17.27,22.3,82.9,3.63,37.0,0.97,2023-01-02 17:00:00
2023-01-02,18:00,0.0,17.7,86.2,2.91,32.7,0.0,2023-01-02 18:00:00
2023-01-02,19:00,0.0,20.5,81.2,3.25,29.9,0.0,2023-01-02 19:00:00
2023-01-02,20:00,0.0,17.1,85.5,9.92,12.2,0.0,2023-01-02 20:00:00
2023-01-02,21:00,0.0,13.7,85.2,5.14,23.6,0.0,2023-01-02 21:00:00
2023-01-02,22:00,0.0,14.1,82.8,6.01,27.5,0.0,2023-01-02 22:00:00
2023-01-02,23:00,0.0,9.5,98.0,3.08,50.3,0.0,2023-01-02 23:00:00
2023-01-03,00:00,0.0,6.8,98.0,2.49,40.0,0.0,2023-01-03 00:00:00
2023-01-03,01:00,0.0,5.8,87.6,5.09,8.4,0.0,2023-01-03 01:00:00
2023-01-03,02:00,0.0,12.2,91.0,5.38,39.7,0.0,2023-01-03 02:00:00
2023-01-03,03:00,0.0,7.8,92.3,3.9,29.1,0.0,2023-01-03 03:00:00
2023-01-03,04:00,0.0,9.0,96.7,6.22,24.7,0.0,2023-01-03 04:00:00
2023-01-03,05:00,0.0,8.3,96.4,7.53,44.1,0.0,2023-01-03 05:00:00
2023-01-03,06:00,0.0,13.2,94.1,3.53,50.3,0.0,2023-01-03 06:00:00
2023-01-03,07:00,25.68,11.6,92.0,2.41,48.8,1.55,2023-01-03 07:00:00
2023-01-03,08:00,227.18,13.6,91.6,3.74,22.3,9.63,2023-01-03 08:00:00
2023-01-03,09:00,391.15,16.6,75.9,8.61,30.2,15.82,2023-01-03 09:00:00
2023-01-03,10:00,498.1,15.6,88.5,2.74,39.8,20.93,2023-01-03 10:00:00
2023-01-03,11:00,534.8,18.4,79.7,4.23,49.5,22.66,2023-01-03 11:00:00
2023-01-03,12:00,636.58,22.2,71.6,4.64,27.7,25.81,2023-01-03 12:00:00
2023-01-03,13:00,605.65,21.1,77.2,2.36,32.1,25.07,2023-01-03 13:00:00
2023-01-03,14:00,540.89,20.7,74.5,4.08,18.3,21.89,2023-01-03 14:00:00
2023-01-03,15:00,401.37,20.7,74.1,2.84,16.9,16.65,2023-01-03 15:00:00
2023-01-03,16:00,209.2,19.0,83.9,5.77,47.1,8.99,2023-01-03 16:00:00
2023-01-03,17:00,12.79,22.3,77.8,4.76,55.2,0.65,2023-01-03 17:00:00
2023-01-03,18:00,0.0,16.0,83.8,5.53,33.8,0.0,2023-01-03 18:00:00
2023-01-03,19:00,0.0,16.4,88.0,2.29,49.9,0.0,2023-01-03 19:00:00
2023-01-03,20:00,0.0,14.7,88.8,1.21,40.3,0.0,2023-01-03 20:00:00
2023-01-03,21:00,0.0,14.8,83.8,5.74,25.2,0.0,2023-01-03 21:00:00
2023-01-03,22:00,0.0,13.5,92.7,3.16,40.3,0.0,2023-01-03 22:00:00
2023-01-04,00:00,0.0,9.8,94.8,1.68,34.8,0.0,2023-01-04 00:00:00
2023-01-04,01:00,0.0,9.2,98.0,3.74,58.8,0.0,2023-01-04 01:00:00
2023-01-04,02:00,0.0,4.4,89.2,2.03,0.0,0.0,2023-01-04 02:00:00
2023-01-04,03:00,0.0,5.8,98.0,3.98,47.7,0.0,2023-01-04 03:00:00
2023-01-04,04:00,0.0,8.2,98.0,4.83,36.7,0.0,2023-01-04 04:00:00
2023-01-04,05:00,0.0,9.2,95.7,3.83,30.9,0.0,2023-01-04 05:00:00
2023-01-04,06:00,0.0,9.3,92.0,6.31,36.7,0.0,2023-01-04 06:00:00
2023-01-04,07:00,35.37,14.2,83.3,2.06,5.6,1.59,2023-01-04 07:00:00
2023-01-04,08:00,216.67,14.5,84.9,3.64,32.1,9.44,2023-01-04 08:00:00
2023-01-04,09:00,376.69,15.6,89.6,2.1,40.7,15.67,2023-01-04 09:00:00
2023-01-04,10:00,427.05,15.2,90.1,5.99,57.5,18.13,2023-01-04 10:00:00
2023-01-04,11:00,604.91,18.6,80.4,6.73,27.6,24.68,2023-01-04 11:00:00
2023-01-04,12:00,647.76,14.9,81.4,3.22,23.2,26.45,2023-01-04 12:00:00
2023-01-04,13:00,600.71,20.0,75.0,2.8,27.8,23.97,2023-01-04 13:00:00
2023-01-04,14:00,460.86,20.6,75.1,2.67,49.1,18.98,2023-01-04 14:00:00
2023-01-04,15:00,372.89,20.7,81.1,5.83,40.3,15.89,2023-01-04 15:00:00
2023-01-04,16:00,222.57,16.8,83.1,4.57,27.4,10.1,2023-01-04 16:00:00
2023-01-04,17:00,32.42,19.1,83.8,6.04,43.1,0.87,2023-01-04 17:00:00
2023-01-04,18:00,0.0,15.6,86.9,1.84,36.8,0.0,2023-01-04 18:00:00
2023-01-04,19:00,0.0,14.5,87.7,3.55,49.9,0.0,2023-01-04 19:00:00
2023-01-04,20:00,0.0,15.7,86.5,4.54,24.8,0.0,2023-01-04 20:00:00
2023-01-04,21:00,0.0,16.5,86.8,6.23,30.4,0.0,2023-01-04 21:00:00
2023-01-04,22:00,0.0,11.5,87.0,3.14,29.5,0.0,2023-01-04 22:00:00
2023-01-04,23:00,0.0,8.7,92.4,2.83,13.4,0.0,2023-01-04 23:00:00
2023-01-05,00:00,0.0,9.5,98.0,6.44,40.3,0.0,2023-01-05 00:00:00
2023-01-05,01:00,0.0,10.3,92.6,1.34,39.8,0.0,2023-01-05 01:00:00
2023-01-05,02:00,0.0,9.5,93.5,3.57,35.9,0.0,2023-01-05 02:00:00
2023-01-05,03:00,0.0,13.5,90.0,3.48,32.3,0.0,2023-01-05 03:00:00
2023-01-05,04:00,0.0,7.9,85.8,2.01,14.6,0.0,2023-01-05 04:00:00
2023-01-05,05:00,0.0,10.6,87.1,3.19,29.5,0.0,2023-01-05 05:00:00
2023-01-05,06:00,0.0,14.2,82.4,4.8,30.7,0.0,2023-01-05 06:00:00
2023-01-05,07:00,17.37,15.5,75.5,3.07,23.8,1.3,2023-01-05 07:00:00
2023-01-05,08:00,225.74,10.9,96.3,2.81,33.4,9.95,2023-01-05 08:00:00
2023-01-05,09:00,379.39,15.9,78.7,5.19,41.9,16.0,2023-01-05 09:00:00
2023-01-05,10:00,397.73,20.1,87.3,8.55,64.2,16.93,2023-01-05 10:00:00
2023-01-05,11:00,571.47,23.8,77.2,5.17,38.5,22.73,2023-01-05 11:00:00
2023-01-05,12:00,600.66,20.9,77.4,5.7,39.7,24.5,2023-01-05 12:00:00
2023-01-05,13:00,579.07,19.5,76.8,6.86,34.7,23.73,2023-01-05 13:00:00
2023-01-05,14:00,558.42,18.6,74.8,5.33,7.1,23.32,2023-01-05 14:00:00
2023-01-05,15:00,384.03,24.2,72.6,8.03,35.5,15.83,2023-01-05 15:00:00
2023-01-05,16:00,204.11,20.9,81.9,4.96,36.8,8.32,2023-01-05 16:00:00
2023-01-05,17:00,17.43,17.1,82.0,4.46,72.8,0.92,2023-01-05 17:00:00
2023-01-05,18:00,0.0,17.0,79.1,4.63,33.0,0.0,2023-01-05 18:00:00
2023-01-05,19:00,0.0,16.5,87.6,6.27,40.4,0.0,2023-01-05 19:00:00
2023-01-05,20:00,0.0,15.4,85.9,4.57,35.3,0.0,2023-01-05 20:00:00
2023-01-05,21:00,0.0,11.2,90.8,5.05,18.3,0.0,2023-01-05 21:00:00
2023-01-05,22:00,0.0,10.3,98.0,2.37,53.0,0.0,2023-01-05 22:00:00
2023-01-05,23:00,0.0,7.2,98.0,6.43,47.1,0.0,2023-01-05 23:00:00
2023-01-06,00:00,0.0,11.0,94.3,3.43,48.2,0.0,2023-01-06 00:00:00
2023-01-06,01:00,0.0,7.9,98.0,2.09,22.7,0.0,2023-01-06 01:00:00
2023-01-06,02:00,0.0,9.2,98.0,5.32,57.4,0.0,2023-01-06 02:00:00
2023-01-06,03:00,0.0,11.1,89.2,3.02,15.3,0.0,2023-01-06 03:00:00
2023-01-06,04:00,0.0,9.5,97.4,2.21,45.2,0.0,2023-01-06 04:00:00
2023-01-06,05:00,0.0,9.9,98.0,2.57,69.2,0.0,2023-01-06 05:00:00
2023-01-06,06:00,0.0,11.7,91.1,1.22,21.5,0.0,2023-01-06 06:00:00
2023-01-06,07:00,30.17,12.9,89.3,1.67,27.9,0.87,2023-01-06 07:00:00
2023-01-06,08:00,217.48,16.6,81.6,4.1,37.9,9.56,2023-01-06 08:00:00
2023-01-06,09:00,394.22,16.5,89.6,5.89,28.8,17.18,2023-01-06 09:00:00
2023-01-06,10:00,545.46,16.4,79.7,3.43,13.1,22.92,2023-01-06 10:00:00
2023-01-06,11:00,587.46,20.5,76.45,4.27,37.4,24.54,2023-01-06 11:00:00
2023-01-06,12:00,644.66,21.8,73.2,5.39,20.4,26.16,2023-01-06 12:00:00
2023-01-06,13:00,553.03,17.7,83.3,3.02,43.5,22.74,2023-01-06 13:00:00
2023-01-06,14:00,527.96,23.1,76.5,4.42,22.6,21.85,2023-01-06 14:00:00
2023-01-06,15:00,332.82,20.8,84.9,3.0,59.6,14.5,2023-01-06 15:00:00
2023-01-06,16:00,235.23,20.1,76.5,4.36,24.6,9.53,2023-01-06 16:00:00
2023-01-06,17:00,33.18,20.4,72.5,2.38,31.5,1.89,2023-01-06 17:00:00
2023-01-06,18:00,0.0,16.3,90.3,7.92,48.6,0.0,2023-01-06 18:00:00
2023-01-06,19:00,0.0,17.6,76.1,1.57,17.9,0.0,2023-01-06 19:00:00
2023-01-06,20:00,0.0,13.7,87.6,3.69,39.8,0.0,2023-01-06 20:00:00
2023-01-06,21:00,0.0,10.1,96.9,2.71,56.0,0.0,2023-01-06 21:00:00
2023-01-06,22:00,0.0,9.6,90.4,4.14,12.2,0.0,2023-01-06 22:00:00
2023-01-06,23:00,0.0,11.1,87.0,3.34,39.1,0.0,2023-01-06 23:00:00
2023-01-07,00:00,0.0,7.4,98.0,2.8,40.8,0.0,2023-01-07 00:00:00
2023-01-07,01:00,0.0,11.4,98.0,2.54,48.6,0.0,2023-01-07 01:00:00
2023-01-07,02:00,0.0,10.4,84.0,2.21,18.3,0.0,2023-01-07 02:00:00
2023-01-07,03:00,0.0,10.9,88.6,5.2,17.1,0.0,2023-01-07 03:00:00
2023-01-07,04:00,0.0,9.3,94.7,2.4,44.7,0.0,2023-01-07 04:00:00
2023-01-07,05:00,0.0,10.5,93.0,5.13,41.3,0.0,2023-01-07 05:00:00
2023-01-07,06:00,0.0,9.2,98.0,3.6,40.6,0.0,2023-01-07 06:00:00
2023-01-07,07:00,23.44,14.5,82.2,1.54,42.1,0.93,2023-01-07 07:00:00
2023-01-07,08:00,228.84,15.0,87.2,2.12,26.7,10.15,2023-01-07 08:00:00
2023-01-07,09:00,377.66,16.9,82.8,6.18,26.5,16.25,2023-01-07 09:00:00
2023-01-07,10:00,493.66,20.3,77.8,4.15,26.3,20.21,2023-01-07 10:00:00
2023-01-07,11:00,618.15,17.5,75.8,2.22,26.1,25.71,2023-01-07 11:00:00
2023-01-07,12:00,489.59,19.3,90.3,4.69,64.8,20.53,2023-01-07 12:00:00
2023-01-07,13:00,557.0,20.7,79.2,5.5,44.0,23.42,2023-01-07 13:00:00
2023-01-07,14:00,529.67,18.6,75.6,2.91,19.0,21.82,2023-01-07 14:00:00
2023-01-07,15:00,365.83,19.8,82.4,3.93,46.7,15.24,2023-01-07 15:00:00
2023-01-07,16:00,247.33,20.4,74.3,2.74,22.2,10.42,2023-01-07 16:00:00
2023-01-07,17:00,31.72,18.0,77.2,1.6,48.7,1.87,2023-01-07 17:00:00
2023-01-07,18:00,0.0,19.7,82.0,3.21,54.2,0.0,2023-01-07 18:00:00
2023-01-07,19:00,0.0,13.1,90.1,4.98,24.6,0.0,2023-01-07 19:00:00
2023-01-07,20:00,0.0,16.3,82.4,3.48,51.3,0.0,2023-01-07 20:00:00
2023-01-07,21:00,0.0,13.9,85.6,3.24,43.1,0.0,2023-01-07 21:00:00
2023-01-07,22:00,0.0,10.3,95.1,3.07,49.2,0.0,2023-01-07 22:00:00
2023-01-07,23:00,0.0,8.4,98.0,3.48,65.3,0.0,2023-01-07 23:00:00
2023-01-08,00:00,0.0,5.3,98.0,2.85,33.7,0.0,2023-01-08 00:00:00
2023-01-08,01:00,0.0,7.0,91.6,4.2,26.1,0.0,2023-01-08 01:00:00
2023-01-08,02:00,0.0,10.1,89.3,1.47,24.0,0.0,2023-01-08 02:00:00
2023-01-08,03:00,0.0,8.4,93.5,5.38,25.1,0.0,2023-01-08 03:00:00
2023-01-08,04:00,0.0,11.2,94.8,2.16,36.2,0.0,2023-01-08 04:00:00
2023-01-08,05:00,0.0,8.9,98.0,4.31,42.5,0.0,2023-01-08 05:00:00
2023-01-08,06:00,0.0,12.5,90.6,3.44,41.5,0.0,2023-01-08 06:00:00
2023-01-08,07:00,28.9,11.4,98.0,5.13,49.8,0.83,2023-01-08 07:00:00
2023-01-08,08:00,212.86,12.5,89.9,5.53,37.6,9.63,2023-01-08 08:00:00
2023-01-08,09:00,338.21,15.6,94.7,2.32,59.2,14.72,2023-01-08 09:00:00
2023-01-08,10:00,522.24,16.1,91.9,4.54,33.4,21.26,2023-01-08 10:00:00
2023-01-08,11:00,360.38,15.7,96.5,2.24,78.2,15.71,2023-01-08 11:00:00
2023-01-08,12:00,587.56,19.1,77.5,1.88,46.8,23.95,2023-01-08 12:00:00
2023-01-08,13:00,634.37,20.2,76.2,6.7,24.5,26.09,2023-01-08 13:00:00
2023-01-08,14:00,540.71,22.5,69.1,2.11,21.3,21.54,2023-01-08 14:00:00
2023-01-08,15:00,368.97,21.7,77.5,2.43,44.6,14.78,2023-01-08 15:00:00
2023-01-08,16:00,216.99,21.6,84.0,1.92,34.0,9.07,2023-01-08 16:00:00
2023-01-08,17:00,28.52,19.8,77.4,3.53,48.1,1.14,2023-01-08 17:00:00
2023-01-08,18:00,0.0,17.9,85.5,6.53,44.5,0.0,2023-01-08 18:00:00
2023-01-08,19:00,0.0,13.6,85.2,2.6,36.3,0.0,2023-01-08 19:00:00
2023-01-08,20:00,0.0,14.5,83.2,3.86,24.7,0.0,2023-01-08 20:00:00
2023-01-08,21:00,0.0,13.8,85.9,3.27,14.6,0.0,2023-01-08 21:00:00
2023-01-08,22:00,0.0,13.9,88.1,2.93,30.7,0.0,2023-01-08 22:00:00
2023-01-08,23:00,0.0,11.2,94.9,4.0,50.2,0.0,2023-01-08 23:00:00
2023-01-09,00:00,0.0,11.3,90.7,3.94,41.1,0.0,2023-01-09 00:00:00
2023-01-09,01:00,0.0,6.6,96.2,3.04,19.2,0.0,2023-01-09 01:00:00
2023-01-09,02:00,0.0,7.6,98.0,5.74,40.5,0.0,2023-01-09 02:00:00
2023-01-09,03:00,0.0,9.35,93.5,1.39,43.7,0.0,2023-01-09 03:00:00
2023-01-09,04:00,0.0,11.1,97.2,1.63,24.6,0.0,2023-01-09 04:00:00
2023-01-09,05:00,0.0,9.7,98.0,8.73,40.2,0.0,2023-01-09 05:00:00
2023-01-09,06:00,0.0,11.1,98.0,4.96,38.8,0.0,2023-01-09 06:00:00
2023-01-09,07:00,32.9,13.9,85.6,5.35,20.7,1.94,2023-01-09 07:00:00
2023-01-09,08:00,218.05,12.2,97.2,4.15,43.2,10.06,2023-01-09 08:00:00
2023-01-09,09:00,361.91,18.7,79.5,3.3,46.3,15.52,2023-01-09 09:00:00
2023-01-09,10:00,451.19,15.6,87.5,4.29,54.1,18.75,2023-01-09 10:00:00
2023-01-09,11:00,518.63,15.0,94.0,1.68,53.7,21.57,2023-01-09 11:00:00
2023-01-09,12:00,667.31,19.4,76.4,5.02,17.2,26.87,2023-01-09 12:00:00
2023-01-09,13:00,610.34,23.1,70.7,3.85,23.8,24.06,2023-01-09 13:00:00
2023-01-09,14:00,480.24,21.3,69.4,7.23,45.6,19.96,2023-01-09 14:00:00
2023-01-09,15:00,367.32,21.4,77.6,4.33,45.6,16.2,2023-01-09 15:00:00
2023-01-09,16:00,215.06,19.5,77.5,2.04,45.6,9.0,2023-01-09 16:00:00
2023-01-09,17:00,23.5,18.2,98.0,3.56,95.7,1.56,2023-01-09 17:00:00
2023-01-09,18:00,0.0,14.4,89.2,1.43,46.4,0.0,2023-01-09 18:00:00
2023-01-09,19:00,0.0,11.7,93.7,4.94,54.9,0.0,2023-01-09 19:00:00
2023-01-09,20:00,0.0,14.6,98.0,3.67,52.2,0.0,2023-01-09 20:00:00
2023-01-09,21:00,0.0,15.0,93.6,3.08,47.6,0.0,2023-01-09 21:00:00
2023-01-09,22:00,0.0,11.8,94.8,7.57,33.1,0.0,2023-01-09 22:00:00
2023-01-09,23:00,0.0,11.1,98.0,6.89,49.3,0.0,2023-01-09 23:00:00
2023-01-10,00:00,0.0,11.8,92.2,7.14,26.8,0.0,2023-01-10 00:00:00
2023-01-10,01:00,0.0,9.0,92.1,2.4,34.8,0.0,2023-01-10 01:00:00
2023-01-10,02:00,0.0,8.0,92.2,4.84,31.1,0.0,2023-01-10 02:00:00
2023-01-10,03:00,0.0,6.9,98.0,6.98,39.6,0.0,2023-01-10 03:00:00
2023-01-10,04:00,0.0,12.6,91.1,4.0,73.1,0.0,2023-01-10 04:00:00
2023-01-10,05:00,0.0,10.9,85.9,2.37,10.4,0.0,2023-01-10 05:00:00
2023-01-10,06:00,0.0,9.5,89.2,5.46,48.7,0.0,2023-01-10 06:00:00
2023-01-10,07:00,43.67,10.5,88.2,6.03,14.2,2.49,2023-01-10 07:00:00
2023-01-10,08:00,228.63,16.4,86.6,4.69,31.3,10.45,2023-01-10 08:00:00
2023-01-10,09:00,351.86,13.9,93.9,2.74,54.7,14.97,2023-01-10 09:00:00
2023-01-10,10:00,499.91,20.5,82.8,2.25,39.4,20.92,2023-01-10 10:00:00
2023-01-10,11:00,578.275,13.5,93.2,4.26,22.2,25.51,2023-01-10 11:00:00
2023-01-10,12:00,656.64,21.9,73.5,3.59,27.7,26.02,2023-01-10 12:00:00
2023-01-10,13:00,542.69,20.8,92.2,4.49,48.6,22.29,2023-01-10 13:00:00
2023-01-10,14:00,547.68,20.4,77.1,1.81,27.4,22.48,2023-01-10 14:00:00
2023-01-10,15:00,383.69,19.7,84.7,1.95,41.6,15.62,2023-01-10 15:00:00
2023-01-10,16:00,220.24,22.8,73.1,3.05,39.1,10.05,2023-01-10 16:00:00
2023-01-10,17:00,21.14,19.7,84.1,2.58,28.6,0.18,2023-01-10 17:00:00
2023-01-10,18:00,0.0,15.6,98.0,4.23,70.5,0.0,2023-01-10 18:00:00
2023-01-10,19:00,0.0,12.6,98.0,3.07,47.9,0.0,2023-01-10 19:00:00
2023-01-10,20:00,0.0,14.5,80.5,4.58,8.0,0.0,2023-01-10 20:00:00
2023-01-10,21:00,0.0,12.6,86.4,5.1,41.2,0.0,2023-01-10 21:00:00
2023-01-10,22:00,0.0,8.4,96.4,2.23,28.5,0.0,2023-01-10 22:00:00
2023-01-10,23:00,0.0,9.8,91.3,6.54,51.2,0.0,2023-01-10 23:00:00
2023-01-11,00:00,0.0,7.9,93.6,5.23,27.0,0.0,2023-01-11 00:00:00
2023-01-11,01:00,0.0,8.4,97.5,4.27,37.2,0.0,2023-01-11 01:00:00
2023-01-11,02:00,0.0,9.5,98.0,6.38,44.55,0.0,2023-01-11 02:00:00
2023-01-11,03:00,0.0,11.0,97.7,2.61,51.9,0.0,2023-01-11 03:00:00
2023-01-11,04:00,0.0,10.6,89.9,3.31,20.9,0.0,2023-01-11 04:00:00
2023-01-11,05:00,0.0,8.6,95.3,1.64,26.35,0.0,2023-01-11 05:00:00
2023-01-11,06:00,0.0,11.8,84.9,3.47,31.8,0.0,2023-01-11 06:00:00
2023-01-11,07:00,44.7,12.7,88.6,3.69,29.1,2.0,2023-01-11 07:00:00
2023-01-11,08:00,176.17,11.7,98.0,4.22,65.4,7.92,2023-01-11 08:00:00
2023-01-11,09:00,378.7,16.4,82.8,1.48,45.0,15.24,2023-01-11 09:00:00
2023-01-11,10:00,551.65,20.5,69.5,1.19,20.0,22.43,2023-01-11 10:00:00
2023-01-11,11:00,518.22,18.4,83.6,3.3,52.7,21.11,2023-01-11 11:00:00
2023-01-11,12:00,419.35,16.5,93.2,2.24,70.7,17.77,2023-01-11 12:00:00
2023-01-11,13:00,521.13,20.0,81.8,5.03,54.4,21.67,2023-01-11 13:00:00
2023-01-11,14:00,551.81,18.0,72.8,4.49,16.1,22.97,2023-01-11 14:00:00
2023-01-11,15:00,391.27,21.5,76.8,2.89,31.6,16.8,2023-01-11 15:00:00
2023-01-11,16:00,177.13,20.3,86.2,1.32,57.9,8.45,2023-01-11 16:00:00
2023-01-11,17:00,31.1,18.1,80.4,2.21,28.3,0.92,2023-01-11 17:00:00
2023-01-11,18:00,0.0,16.5,84.4,4.62,45.6,0.0,2023-01-11 18:00:00
2023-01-11,19:00,0.0,15.3,92.1,8.67,50.5,0.0,2023-01-11 19:00:00
2023-01-11,20:00,0.0,14.2,84.2,2.89,25.0,0.0,2023-01-11 20:00:00
2023-01-11,21:00,0.0,11.2,87.9,5.34,38.0,0.0,2023-01-11 21:00:00
2023-01-11,22:00,0.0,8.6,91.2,5.9,0.0,0.0,2023-01-11 22:00:00
2023-01-11,23:00,0.0,12.0,89.3,1.34,23.5,0.0,2023-01-11 23:00:00
2023-01-12,00:00,0.0,8.2,96.1,6.48,35.6,0.0,2023-01-12 00:00:00
2023-01-12,01:00,0.0,8.6,86.0,3.51,20.7,0.0,2023-01-12 01:00:00
2023-01-12,02:00,0.0,8.6,98.0,7.44,63.9,0.0,2023-01-12 02:00:00
2023-01-12,03:00,0.0,8.9,98.0,3.84,18.0,0.0,2023-01-12 03:00:00
2023-01-12,04:00,0.0,6.8,92.0,2.47,32.8,0.0,2023-01-12 04:00:00
2023-01-12,05:00,0.0,6.9,98.0,7.79,41.4,0.0,2023-01-12 05:00:00
2023-01-12,06:00,0.0,10.1,98.0,2.51,61.0,0.0,2023-01-12 06:00:00
2023-01-12,07:00,37.6,13.3,85.8,6.06,17.9,1.1,2023-01-12 07:00:00
2023-01-12,08:00,198.09,12.8,89.0,2.16,56.9,9.12,2023-01-12 08:00:00
2023-01-12,09:00,375.19,15.0,88.1,4.53,39.6,15.75,2023-01-12 09:00:00
2023-01-12,10:00,543.35,20.9,68.1,3.27,24.7,22.37,2023-01-12 10:00:00
2023-01-12,11:00,562.56,15.0,89.5,7.69,46.4,23.25,2023-01-12 11:00:00
2023-01-12,12:00,601.61,18.0,81.0,2.22,42.4,25.49,2023-01-12 12:00:00
2023-01-12,13:00,624.36,23.3,69.2,3.25,30.4,25.56,2023-01-12 13:00:00
2023-01-12,14:00,511.54,20.0,83.5,4.34,40.5,21.91,2023-01-12 14:00:00
2023-01-12,15:00,397.06,18.6,79.6,7.91,33.6,17.68,2023-01-12 15:00:00
2023-01-12,16:00,223.29,21.4,80.1,2.79,41.1,9.22,2023-01-12 16:00:00
2023-01-12,17:00,36.19,18.5,86.6,3.2,49.4,1.24,2023-01-12 17:00:00
2023-01-12,18:00,0.0,16.5,96.1,3.49,63.2,0.0,2023-01-12 18:00:00
2023-01-12,19:00,0.0,16.0,76.4,2.55,20.9,0.0,2023-01-12 19:00:00
2023-01-12,20:00,0.0,12.9,98.0,5.45,71.4,0.0,2023-01-12 20:00:00
2023-01-12,21:00,0.0,10.7,86.6,1.68,10.1,0.0,2023-01-12 21:00:00
2023-01-12,22:00,0.0,10.9,91.4,4.7,37.1,0.0,2023-01-12 22:00:00
2023-01-12,23:00,0.0,8.1,95.3,3.82,48.2,0.0,2023-01-12 23:00:00
2023-01-13,00:00,0.0,8.9,98.0,2.5,44.2,0.0,2023-01-13 00:00:00
2023-01-13,01:00,0.0,8.9,90.6,3.63,30.6,0.0,2023-01-13 01:00:00
2023-01-13,02:00,0.0,9.6,96.9,5.56,36.8,0.0,2023-01-13 02:00:00
2023-01-13,03:00,0.0,10.3,98.0,3.42,32.5,0.0,2023-01-13 03:00:00
2023-01-13,04:00,0.0,8.2,98.0,1.87,31.1,0.0,2023-01-13 04:00:00
2023-01-13,05:00,0.0,10.7,98.0,1.28,52.7,0.0,2023-01-13 05:00:00
2023-01-13,06:00,0.0,12.0,90.4,5.16,45.3,0.0,2023-01-13 06:00:00
2023-01-13,07:00,34.01,13.1,90.8,2.91,29.5,1.8,2023-01-13 07:00:00
2023-01-13,08:00,200.96,13.2,89.0,6.72,53.4,8.57,2023-01-13 08:00:00
2023-01-13,09:00,372.98,13.8,89.5,4.22,44.5,17.13,2023-01-13 09:00:00
2023-01-13,10:00,452.13,18.0,93.0,3.38,52.1,18.82,2023-01-13 10:00:00
2023-01-13,11:00,557.0,15.3,87.0,3.96,49.4,23.2,2023-01-13 11:00:00
2023-01-13,12:00,649.94,18.8,83.1,3.47,27.5,27.16,2023-01-13 12:00:00
2023-01-13,13:00,612.95,15.3,89.0,6.34,31.5,24.76,2023-01-13 13:00:00
2023-01-13,14:00,471.34,17.7,90.5,3.47,51.1,20.46,2023-01-13 14:00:00
2023-01-13,15:00,354.68,18.3,79.8,1.76,49.1,15.0,2023-01-13 15:00:00
2023-01-13,16:00,228.8,21.3,80.1,4.12,39.6,9.52,2023-01-13 16:00:00
2023-01-13,17:00,34.17,19.6,80.4,4.25,41.7,1.05,2023-01-13 17:00:00
2023-01-13,18:00,0.0,16.1,95.0,5.08,59.1,0.0,2023-01-13 18:00:00
2023-01-13,19:00,0.0,17.0,75.6,6.75,31.1,0.0,2023-01-13 19:00:00
2023-01-13,20:00,0.0,15.7,90.0,3.41,48.1,0.0,2023-01-13 20:00:00
2023-01-13,21:00,0.0,12.2,91.8,3.0,36.9,0.0,2023-01-13 21:00:00
2023-01-13,22:00,0.0,8.6,88.3,3.62,36.7,0.0,2023-01-13 22:00:00
2023-01-13,23:00,0.0,9.5,96.3,6.27,56.4,0.0,2023-01-13 23:00:00
2023-01-14,00:00,0.0,8.7,92.8,8.02,52.8,0.0,2023-01-14 00:00:00
2023-01-14,01:00,0.0,6.0,98.0,7.66,52.7,0.0,2023-01-14 01:00:00
2023-01-14,02:00,0.0,8.7,98.0,2.44,60.0,0.0,2023-01-14 02:00:00
2023-01-14,03:00,0.0,8.8,97.8,3.65,40.8,0.0,2023-01-14 03:00:00
2023-01-14,04:00,0.0,9.7,98.0,2.58,50.7,0.0,2023-01-14 04:00:00
2023-01-14,05:00,0.0,10.3,89.3,3.07,35.8,0.0,2023-01-14 05:00:00
2023-01-14,06:00,0.0,12.4,97.2,1.18,45.3,0.0,2023-01-14 06:00:00
2023-01-14,07:00,25.76,12.2,91.2,2.09,38.5,1.03,2023-01-14 07:00:00
2023-01-14,08:00,222.65,14.4,89.0,3.2,41.9,9.34,2023-01-14 08:00:00
2023-01-14,09:00,374.6,14.9,93.8,3.06,49.4,16.47,2023-01-14 09:00:00
2023-01-14,10:00,539.84,16.0,79.1,2.67,28.2,22.63,2023-01-14 10:00:00
2023-01-14,11:00,419.11,20.7,87.8,2.44,71.8,16.93,2023-01-14 11:00:00
2023-01-14,12:00,668.78,15.6,84.6,4.97,25.4,27.8,2023-01-14 12:00:00
2023-01-14,13:00,632.23,21.4,71.3,2.74,22.2,26.14,2023-01-14 13:00:00
2023-01-14,14:00,456.0,18.9,88.7,4.71,57.8,18.75,2023-01-14 14:00:00
2023-01-14,15:00,368.4,18.5,87.2,3.08,52.3,15.18,2023-01-14 15:00:00
2023-01-14,16:00,209.59,19.7,82.5,5.34,49.8,9.02,2023-01-14 16:00:00
2023-01-14,17:00,31.56,15.6,88.5,2.13,49.9,1.68,2023-01-14 17:00:00
2023-01-14,18:00,0.0,15.6,88.8,2.07,40.3,0.0,2023-01-14 18:00:00
2023-01-14,19:00,0.0,14.1,88.8,4.55,27.0,0.0,2023-01-14 19:00:00
2023-01-14,20:00,0.0,13.7,90.1,6.47,41.6,0.0,2023-01-14 20:00:00
2023-01-14,21:00,0.0,11.1,95.4,1.99,30.3,0.0,2023-01-14 21:00:00
2023-01-14,22:00,0.0,13.9,95.6,1.55,55.1,0.0,2023-01-14 22:00:00
2023-01-14,23:00,0.0,13.1,82.8,6.78,38.2,0.0,2023-01-14 23:00:00
2023-01-15,00:00,0.0,5.2,93.7,1.84,28.6,0.0,2023-01-15 00:00:00
2023-01-15,01:00,0.0,9.2,98.0,2.54,36.1,0.0,2023-01-15 01:00:00
2023-01-15,02:00,0.0,9.6,96.4,6.69,47.2,0.0,2023-01-15 02:00:00
2023-01-15,03:00,0.0,9.2,95.0,5.34,32.5,0.0,2023-01-15 03:00:00
2023-01-15,04:00,0.0,7.7,98.0,2.96,28.6,0.0,2023-01-15 04:00:00
2023-01-15,05:00,0.0,9.4,97.0,7.18,44.6,0.0,2023-01-15 05:00:00
2023-01-15,06:00,0.0,9.7,96.8,3.98,44.6,0.0,2023-01-15 06:00:00
2023-01-15,07:00,52.81,11.7,87.3,1.54,33.4,2.25,2023-01-15 07:00:00
2023-01-15,08:00,227.65,11.9,92.1,4.69,33.9,10.06,2023-01-15 08:00:00
2023-01-15,09:00,374.9,15.4,90.4,3.84,44.4,16.52,2023-01-15 09:00:00
2023-01-15,10:00,564.08,14.3,81.1,4.0,19.2,23.2,2023-01-15 10:00:00
2023-01-15,11:00,645.24,17.9,74.4,9.11,19.9,26.7,2023-01-15 11:00:00
2023-01-15,12:00,660.53,17.0,92.6,2.05,30.2,27.13,2023-01-15 12:00:00
2023-01-15,13:00,601.33,20.2,78.8,4.43,37.8,24.46,2023-01-15 13:00:00
2023-01-15,14:00,508.16,18.8,80.5,3.48,45.6,20.82,2023-01-15 14:00:00
2023-01-15,15:00,318.73,20.4,88.0,2.64,63.1,12.96,2023-01-15 15:00:00
2023-01-15,16:00,213.04,21.2,81.5,4.63,53.8,9.85,2023-01-15 16:00:00
2023-01-15,17:00,38.07,21.1,73.6,4.49,38.6,1.69,2023-01-15 17:00:00
2023-01-15,18:00,0.0,12.5,93.4,5.79,40.7,0.0,2023-01-15 18:00:00
2023-01-15,19:00,0.0,14.1,81.9,6.02,25.9,0.0,2023-01-15 19:00:00
2023-01-15,20:00,0.0,13.5,96.2,3.95,40.7,0.0,2023-01-15 20:00:00
2023-01-15,21:00,0.0,13.3,91.2,2.88,36.6,0.0,2023-01-15 21:00:00
2023-01-15,22:00,0.0,8.1,98.0,3.8,45.8,0.0,2023-01-15 22:00:00
2023-01-15,23:00,0.0,8.0,95.6,3.04,28.6,0.0,2023-01-15 23:00:00
2023-01-16,00:00,0.0,9.1,98.0,2.67,49.3,0.0,2023-01-16 00:00:00
2023-01-16,01:00,0.0,8.4,98.0,3.9,64.5,0.0,2023-01-16 01:00:00
2023-01-16,02:00,0.0,8.7,98.0,4.44,39.9,0.0,2023-01-16 02:00:00
2023-01-16,03:00,0.0,9.0,98.0,4.09,47.5,0.0,2023-01-16 03:00:00
2023-01-16,04:00,0.0,9.4,98.0,7.18,51.8,0.0,2023-01-16 04:00:00
2023-01-16,05:00,0.0,10.1,90.0,2.76,35.5,0.0,2023-01-16 05:00:00
2023-01-16,06:00,0.0,11.1,94.0,3.09,44.8,0.0,2023-01-16 06:00:00
2023-01-16,07:00,34.85,13.7,91.8,4.49,41.7,1.26,2023-01-16 07:00:00
2023-01-16,08:00,229.82,10.0,92.4,4.14,42.9,10.8,2023-01-16 08:00:00
2023-01-16,09:00,419.3,18.4,85.0,0.66,29.9,17.06,2023-01-16 09:00:00
2023-01-16,10:00,518.33,13.1,86.9,2.83,41.8,21.98,2023-01-16 10:00:00
2023-01-16,11:00,571.64,16.3,85.2,2.56,49.0,23.18,2023-01-16 11:00:00
2023-01-16,12:00,501.26,18.8,85.4,5.64,63.2,20.5,2023-01-16 12:00:00
2023-01-16,13:00,523.11,21.0,85.4,5.89,55.9,21.2,2023-01-16 13:00:00
2023-01-16,14:00,339.85,14.6,93.3,2.7,73.8,14.55,2023-01-16 14:00:00
2023-01-16,15:00,406.95,19.8,70.6,1.75,30.0,17.01,2023-01-16 15:00:00
2023-01-16,16:00,203.05,20.7,86.9,2.32,54.6,8.22,2023-01-16 16:00:00
2023-01-16,17:00,49.05,20.1,79.1,2.17,44.2,1.97,2023-01-16 17:00:00
2023-01-16,18:00,0.0,15.8,90.6,2.48,74.3,0.0,2023-01-16 18:00:00
2023-01-16,19:00,0.0,15.0,81.8,2.47,29.4,0.0,2023-01-16 19:00:00
2023-01-16,20:00,0.0,12.9,94.7,3.57,28.9,0.0,2023-01-16 20:00:00
2023-01-16,21:00,0.0,11.8,87.8,2.86,32.5,0.0,2023-01-16 21:00:00
2023-01-16,22:00,0.0,9.2,88.1,3.94,9.6,0.0,2023-01-16 22:00:00
2023-01-16,23:00,0.0,8.2,94.3,2.97,33.6,0.0,2023-01-16 23:00:00
2023-01-17,00:00,0.0,9.6,88.3,5.43,30.6,0.0,2023-01-17 00:00:00
2023-01-17,01:00,0.0,8.5,95.3,7.09,44.3,0.0,2023-01-17 01:00:00
2023-01-17,02:00,0.0,8.9,93.2,3.23,47.1,0.0,2023-01-17 02:00:00
2023-01-17,03:00,0.0,8.6,98.0,1.36,70.1,0.0,2023-01-17 03:00:00
2023-01-17,04:00,0.0,10.1,98.0,2.49,56.3,0.0,2023-01-17 04:00:00
2023-01-17,05:00,0.0,11.4,98.0,1.75,33.3,0.0,2023-01-17 05:00:00
2023-01-17,06:00,0.0,7.9,92.4,2.97,28.5,0.0,2023-01-17 06:00:00
2023-01-17,07:00,42.36,10.9,92.6,4.37,49.4,2.32,2023-01-17 07:00:00
2023-01-17,08:00,257.95,13.6,91.3,3.75,22.2,11.13,2023-01-17 08:00:00
2023-01-17,09:00,294.14,15.5,98.0,2.5,69.5,13.42,2023-01-17 09:00:00
2023-01-17,10:00,433.3,15.8,92.8,5.09,59.7,18.31,2023-01-17 10:00:00
2023-01-17,11:00,607.74,19.9,74.4,1.93,35.0,23.98,2023-01-17 11:00:00
2023-01-17,12:00,682.95,22.8,76.9,2.43,16.3,27.11,2023-01-17 12:00:00
2023-01-17,14:00,526.95,20.2,78.0,2.28,40.3,22.23,2023-01-17 14:00:00
2023-01-17,15:00,337.31,21.3,87.8,4.55,60.6,13.75,2023-01-17 15:00:00
2023-01-17,16:00,248.2,15.9,80.6,7.88,18.1,10.12,2023-01-17 16:00:00
2023-01-17,17:00,44.18,18.3,76.1,5.57,33.0,2.15,2023-01-17 17:00:00
2023-01-17,18:00,0.0,18.8,82.5,2.09,42.1,0.0,2023-01-17 18:00:00
2023-01-17,19:00,0.0,14.4,85.9,3.76,42.7,0.0,2023-01-17 19:00:00
2023-01-17,20:00,0.0,11.8,79.1,3.31,35.2,0.0,2023-01-17 20:00:00
2023-01-17,21:00,0.0,12.1,91.2,8.81,51.3,0.0,2023-01-17 21:00:00
2023-01-17,22:00,0.0,10.9,88.0,7.44,26.0,0.0,2023-01-17 22:00:00
2023-01-17,23:00,0.0,8.1,93.2,1.9,39.9,0.0,2023-01-17 23:00:00
2023-01-18,00:00,0.0,12.6,94.5,6.38,44.3,0.0,2023-01-18 00:00:00
2023-01-18,01:00,0.0,7.3,98.0,2.26,50.2,0.0,2023-01-18 01:00:00
2023-01-18,02:00,0.0,5.9,98.0,2.86,53.2,0.0,2023-01-18 02:00:00
2023-01-18,03:00,0.0,8.0,89.5,3.01,25.6,0.0,2023-01-18 03:00:00
2023-01-18,04:00,0.0,10.4,92.9,2.71,19.5,0.0,2023-01-18 04:00:00
2023-01-18,05:00,0.0,9.8,95.6,5.76,61.7,0.0,2023-01-18 05:00:00
2023-01-18,06:00,0.0,11.9,84.7,2.9,47.5,0.0,2023-01-18 06:00:00
2023-01-18,07:00,43.99,10.9,96.4,5.45,31.3,1.58,2023-01-18 07:00:00
2023-01-18,08:00,191.81,16.7,88.0,9.15,65.8,8.65,2023-01-18 08:00:00
2023-01-18,09:00,379.65,16.6,93.2,5.65,44.2,15.77,2023-01-18 09:00:00
2023-01-18,10:00,426.67,18.9,89.0,2.98,60.2,17.72,2023-01-18 10:00:00
2023-01-18,11:00,579.62,18.9,85.7,4.74,43.5,23.12,2023-01-18 11:00:00
2023-01-18,12:00,428.61,18.549999999999997,91.5,3.82,73.4,18.01,2023-01-18 12:00:00
2023-01-18,13:00,441.25,18.2,90.4,5.22,68.8,18.75,2023-01-18 13:00:00
2023-01-18,14:00,520.91,19.1,81.5,2.05,38.8,21.36,2023-01-18 14:00:00
2023-01-18,15:00,345.48,22.2,86.1,4.33,57.1,14.5,2023-01-18 15:00:00
2023-01-18,16:00,211.21,22.0,80.5,5.13,52.2,9.31,2023-01-18 16:00:00
2023-01-18,17:00,35.82,16.2,88.5,5.05,63.0,1.66,2023-01-18 17:00:00
2023-01-18,18:00,0.0,17.5,83.1,7.42,28.0,0.0,2023-01-18 18:00:00
2023-01-18,19:00,0.0,14.8,82.5,1.43,52.8,0.0,2023-01-18 19:00:00
2023-01-18,20:00,0.0,12.8,98.0,2.98,58.4,0.0,2023-01-18 20:00:00
2023-01-18,21:00,0.0,13.0,89.9,3.56,16.1,0.0,2023-01-18 21:00:00
2023-01-18,22:00,0.0,13.1,91.3,2.81,24.8,0.0,2023-01-18 22:00:00
2023-01-18,23:00,0.0,10.6,91.7,2.81,11.9,0.0,2023-01-18 23:00:00
2023-01-19,00:00,0.0,8.2,97.1,2.17,39.0,0.0,2023-01-19 00:00:00
2023-01-19,01:00,0.0,9.1,98.0,5.42,53.8,0.0,2023-01-19 01:00:00
2023-01-19,02:00,0.0,7.4,98.0,6.37,65.5,0.0,2023-01-19 02:00:00
2023-01-19,03:00,0.0,8.9,98.0,1.61,44.1,0.0,2023-01-19 03:00:00
2023-01-19,04:00,0.0,11.3,98.0,2.06,67.4,0.0,2023-01-19 04:00:00
2023-01-19,05:00,0.0,6.0,97.9,2.44,22.3,0.0,2023-01-19 05:00:00
2023-01-19,06:00,0.0,12.4,86.8,3.7,17.5,0.0,2023-01-19 06:00:00
2023-01-19,07:00,42.27,9.7,90.6,5.26,42.2,1.8,2023-01-19 07:00:00
2023-01-19,08:00,234.08,16.2,80.9,1.53,48.8,10.09,2023-01-19 08:00:00
2023-01-19,09:00,386.72,14.4,89.1,4.32,42.5,16.76,2023-01-19 09:00:00
2023-01-19,10:00,570.88,14.8,79.0,2.03,12.0,23.44,2023-01-19 10:00:00
2023-01-19,11:00,590.58,19.5,80.8,7.67,41.7,24.32,2023-01-19 11:00:00
2023-01-19,12:00,664.79,19.9,80.3,6.25,23.4,27.07,2023-01-19 12:00:00
2023-01-19,13:00,528.18,18.0,84.44999999999999,7.07,53.1,21.61,2023-01-19 13:00:00
2023-01-19,14:00,498.9,17.7,88.6,1.77,48.5,20.9,2023-01-19 14:00:00
2023-01-19,15:00,404.61,19.5,79.8,3.61,28.9,17.07,2023-01-19 15:00:00
2023-01-19,16:00,243.28,17.0,82.1,2.11,35.3,10.15,2023-01-19 16:00:00
2023-01-19,17:00,56.64,16.3,78.3,4.14,27.1,2.04,2023-01-19 17:00:00
2023-01-19,18:00,0.0,17.2,85.8,2.46,42.1,0.0,2023-01-19 18:00:00
2023-01-19,19:00,0.0,13.8,94.0,5.11,57.3,0.0,2023-01-19 19:00:00
2023-01-19,20:00,0.0,14.8,88.5,4.36,28.2,0.0,2023-01-19 20:00:00
2023-01-19,21:00,0.0,15.1,89.4,4.0,50.6,0.0,2023-01-19 21:00:00
2023-01-19,22:00,0.0,10.7,91.5,5.52,35.1,0.0,2023-01-19 22:00:00
2023-01-19,23:00,0.0,10.0,91.9,3.66,31.1,0.0,2023-01-19 23:00:00
2023-01-20,00:00,0.0,12.4,88.2,2.63,41.9,0.0,2023-01-20 00:00:00
2023-01-20,01:00,0.0,6.1,98.0,4.24,28.0,0.0,2023-01-20 01:00:00
2023-01-20,02:00,0.0,10.1,98.0,7.24,35.2,0.0,2023-01-20 02:00:00
2023-01-20,03:00,0.0,10.1,86.4,4.14,25.5,0.0,2023-01-20 03:00:00
2023-01-20,04:00,0.0,10.3,98.0,4.29,73.0,0.0,2023-01-20 04:00:00
2023-01-20,05:00,0.0,12.1,85.5,6.78,44.0,0.0,2023-01-20 05:00:00
2023-01-20,06:00,0.0,11.5,94.9,3.73,33.0,0.0,2023-01-20 06:00:00
2023-01-20,07:00,33.85,11.4,91.8,9.5,46.7,1.91,2023-01-20 07:00:00
2023-01-20,08:00,222.3,16.0,87.9,2.08,41.8,10.39,2023-01-20 08:00:00
2023-01-20,09:00,399.98,17.6,75.9,3.83,40.2,17.48,2023-01-20 09:00:00
2023-01-20,10:00,470.84,19.0,79.9,2.36,52.7,19.39,2023-01-20 10:00:00
2023-01-20,11:00,529.39,18.3,88.1,3.45,54.9,22.33,2023-01-20 11:00:00
2023-01-20,12:00,629.95,17.9,79.2,2.14,35.6,25.64,2023-01-20 12:00:00
2023-01-20,13:00,619.06,20.1,75.2,2.41,34.9,24.88,2023-01-20 13:00:00
2023-01-20,14:00,524.87,21.7,82.9,2.35,39.4,21.06,2023-01-20 14:00:00
2023-01-20,15:00,446.88,21.6,78.7,2.86,9.0,18.3,2023-01-20 15:00:00
2023-01-20,16:00,257.6,18.4,81.3,1.94,20.8,11.13,2023-01-20 16:00:00
2023-01-20,17:00,37.49,18.8,83.4,5.39,64.0,2.29,2023-01-20 17:00:00
2023-01-20,18:00,0.0,14.6,98.0,2.4,68.2,0.0,2023-01-20 18:00:00
2023-01-20,19:00,0.0,17.3,77.7,3.29,39.8,0.0,2023-01-20 19:00:00
2023-01-20,20:00,0.0,12.6,92.9,0.98,52.2,0.0,2023-01-20 20:00:00
2023-01-20,21:00,0.0,13.9,91.4,1.76,48.2,0.0,2023-01-20 21:00:00
2023-01-20,22:00,0.0,8.9,98.0,6.22,89.7,0.0,2023-01-20 22:00:00
2023-01-20,23:00,0.0,11.6,98.0,5.62,60.3,0.0,2023-01-20 23:00:00
2023-01-21,00:00,0.0,9.4,94.6,5.65,42.1,0.0,2023-01-21 00:00:00
2023-01-21,01:00,0.0,6.8,93.4,3.27,29.7,0.0,2023-01-21 01:00:00
2023-01-21,02:00,0.0,9.2,95.2,1.98,19.9,0.0,2023-01-21 02:00:00
2023-01-21,03:00,0.0,7.1,98.0,1.78,47.1,0.0,2023-01-21 03:00:00
2023-01-21,04:00,0.0,10.2,93.7,4.17,32.7,0.0,2023-01-21 04:00:00
2023-01-21,05:00,0.0,9.3,86.2,5.54,22.7,0.0,2023-01-21 05:00:00
2023-01-21,06:00,0.0,7.9,98.0,6.27,34.3,0.0,2023-01-21 06:00:00
2023-01-21,07:00,45.15,10.7,92.9,2.72,27.8,2.01,2023-01-21 07:00:00
2023-01-21,08:00,187.2,13.2,92.6,2.86,69.3,9.29,2023-01-21 08:00:00
2023-01-21,09:00,334.38,18.0,91.4,1.74,57.2,14.93,2023-01-21 09:00:00
2023-01-21,10:00,506.04,18.6,85.3,5.14,43.9,21.02,2023-01-21 10:00:00
2023-01-21,11:00,481.26,21.2,87.7,2.66,66.2,19.68,2023-01-21 11:00:00
2023-01-21,12:00,605.72,22.2,76.5,3.58,45.2,24.66,2023-01-21 12:00:00
2023-01-21,13:00,622.0,18.8,80.3,6.68,31.1,25.46,2023-01-21 13:00:00
2023-01-21,14:00,405.14,19.7,87.4,4.99,66.9,17.48,2023-01-21 14:00:00
2023-01-21,15:00,362.31,19.1,83.8,1.38,52.1,14.7,2023-01-21 15:00:00
2023-01-21,16:00,246.27,18.0,80.8,0.84,28.5,10.44,2023-01-21 16:00:00
2023-01-21,17:00,40.89,14.9,93.0,5.23,41.2,2.1,2023-01-21 17:00:00
2023-01-21,18:00,0.0,17.0,86.5,3.91,30.9,0.0,2023-01-21 18:00:00
2023-01-21,19:00,0.0,13.2,81.3,4.79,23.3,0.0,2023-01-21 19:00:00
2023-01-21,20:00,0.0,13.9,97.6,2.07,57.9,0.0,2023-01-21 20:00:00
2023-01-21,21:00,0.0,16.3,98.0,5.95,72.7,0.0,2023-01-21 21:00:00
2023-01-21,22:00,0.0,10.1,90.0,5.13,23.0,0.0,2023-01-21 22:00:00
2023-01-21,23:00,0.0,10.1,98.0,6.16,52.5,0.0,2023-01-21 23:00:00
2023-01-22,00:00,0.0,10.4,95.1,2.95,34.8,0.0,2023-01-22 00:00:00
2023-01-22,01:00,0.0,8.7,92.9,2.66,37.2,0.0,2023-01-22 01:00:00
2023-01-22,02:00,0.0,8.5,94.6,2.04,35.6,0.0,2023-01-22 02:00:00
2023-01-22,03:00,0.0,7.6,98.0,6.7,31.6,0.0,2023-01-22 03:00:00
2023-01-22,04:00,0.0,8.4,96.7,2.18,45.2,0.0,2023-01-22 04:00:00
2023-01-22,05:00,0.0,8.0,98.0,1.85,32.0,0.0,2023-01-22 05:00:00
2023-01-22,06:00,0.0,12.5,98.0,2.26,48.6,0.0,2023-01-22 06:00:00
2023-01-22,07:00,60.79,9.3,98.0,5.12,43.8,3.05,2023-01-22 07:00:00
2023-01-22,08:00,231.63,15.8,94.5,6.14,40.9,9.94,2023-01-22 08:00:00
2023-01-22,09:00,431.17,13.0,87.9,5.4,30.9,18.1,2023-01-22 09:00:00
2023-01-22,10:00,535.48,18.7,81.6,3.96,35.9,22.32,2023-01-22 10:00:00
2023-01-22,11:00,518.66,17.6,88.8,9.08,55.8,20.95,2023-01-22 11:00:00
2023-01-22,12:00,574.84,17.0,87.3,1.51,52.0,23.33,2023-01-22 12:00:00
2023-01-22,13:00,641.69,20.8,78.4,5.9,29.8,25.01,2023-01-22 13:00:00
2023-01-22,14:00,503.36,21.7,72.1,3.34,46.0,20.69,2023-01-22 14:00:00
2023-01-22,15:00,352.73,19.0,86.3,3.46,55.8,15.51,2023-01-22 15:00:00
2023-01-22,16:00,271.43,20.5,68.6,1.9,19.5,11.25,2023-01-22 16:00:00
2023-01-22,17:00,47.88,14.1,88.2,1.2,52.7,1.82,2023-01-22 17:00:00
2023-01-22,18:00,0.0,14.6,89.7,2.84,34.6,0.0,2023-01-22 18:00:00
2023-01-22,19:00,0.0,17.9,85.6,2.17,53.1,0.0,2023-01-22 19:00:00
2023-01-22,20:00,0.0,13.6,90.7,3.59,33.1,0.0,2023-01-22 20:00:00
2023-01-22,21:00,0.0,9.1,89.8,2.02,17.4,0.0,2023-01-22 21:00:00
2023-01-22,22:00,0.0,9.7,94.9,1.96,20.1,0.0,2023-01-22 22:00:00
2023-01-22,23:00,0.0,8.1,98.0,6.0,45.2,0.0,2023-01-22 23:00:00
2023-01-23,00:00,0.0,8.5,91.7,6.56,48.9,0.0,2023-01-23 00:00:00
2023-01-23,01:00,0.0,7.6,97.4,7.43,31.4,0.0,2023-01-23 01:00:00
2023-01-23,02:00,0.0,8.3,92.5,4.56,54.6,0.0,2023-01-23 02:00:00
2023-01-23,03:00,0.0,8.1,87.1,5.11,20.1,0.0,2023-01-23 03:00:00
2023-01-23,04:00,0.0,11.3,90.5,5.61,44.0,0.0,2023-01-23 04:00:00
2023-01-23,05:00,0.0,10.5,86.9,4.44,26.8,0.0,2023-01-23 05:00:00
2023-01-23,06:00,0.0,11.8,88.9,2.91,35.2,0.0,2023-01-23 06:00:00
2023-01-23,07:00,43.67,14.6,85.4,2.07,45.7,1.47,2023-01-23 07:00:00
2023-01-23,08:00,247.41,13.3,82.5,2.48,32.1,10.59,2023-01-23 08:00:00
2023-01-23,09:00,402.02,13.3,96.0,5.65,39.2,17.53,2023-01-23 09:00:00
2023-01-23,10:00,446.37,19.2,83.5,4.65,60.1,18.64,2023-01-23 10:00:00
2023-01-23,11:00,613.48,18.5,72.4,3.46,36.3,25.23,2023-01-23 11:00:00
2023-01-23,12:00,552.81,19.5,83.7,1.16,57.5,22.68,2023-01-23 12:00:00
2023-01-23,13:00,652.54,18.7,74.5,2.61,28.1,26.7,2023-01-23 13:00:00
2023-01-23,14:00,484.68,18.9,81.3,4.84,52.9,19.62,2023-01-23 14:00:00
2023-01-23,15:00,298.32,21.3,87.5,3.72,66.6,13.07,2023-01-23 15:00:00
2023-01-23,16:00,277.31,21.0,68.7,3.37,7.9,11.52,2023-01-23 16:00:00
2023-01-23,17:00,63.2,19.7,74.1,2.83,33.0,2.78,2023-01-23 17:00:00
2023-01-23,18:00,0.0,18.4,87.6,4.17,53.7,0.0,2023-01-23 18:00:00
2023-01-23,19:00,0.0,16.6,90.2,7.5,42.0,0.0,2023-01-23 19:00:00
2023-01-23,20:00,0.0,14.3,93.3,6.28,50.6,0.0,2023-01-23 20:00:00
2023-01-23,21:00,0.0,12.1,81.0,1.17,35.9,0.0,2023-01-23 21:00:00
2023-01-23,22:00,0.0,13.2,87.3,3.58,46.3,0.0,2023-01-23 22:00:00
2023-01-23,23:00,0.0,9.1,97.2,2.9,42.7,0.0,2023-01-23 23:00:00
2023-01-24,00:00,0.0,9.5,98.0,3.71,63.0,0.0,2023-01-24 00:00:00
2023-01-24,01:00,0.0,6.8,98.0,4.17,49.3,0.0,2023-01-24 01:00:00
2023-01-24,02:00,0.0,6.8,98.0,2.3,50.5,0.0,2023-01-24 02:00:00
2023-01-24,03:00,0.0,7.8,92.5,5.19,39.3,0.0,2023-01-24 03:00:00
2023-01-24,04:00,0.0,7.4,98.0,3.55,38.2,0.0,2023-01-24 04:00:00
2023-01-24,05:00,0.0,11.2,93.1,8.85,39.0,0.0,2023-01-24 05:00:00
2023-01-24,06:00,0.0,8.6,98.0,1.11,51.4,0.0,2023-01-24 06:00:00
2023-01-24,07:00,47.05,12.7,90.8,2.24,39.2,2.59,2023-01-24 07:00:00
2023-01-24,08:00,224.76,14.3,91.2,4.61,49.8,9.79,2023-01-24 08:00:00
2023-01-24,09:00,260.96,12.3,98.0,4.64,76.6,11.63,2023-01-24 09:00:00
2023-01-24,10:00,456.32,16.2,85.9,4.05,58.6,18.88,2023-01-24 10:00:00
2023-01-24,11:00,596.64,18.7,76.0,7.68,40.6,25.08,2023-01-24 11:00:00
2023-01-24,12:00,501.97,20.0,87.4,3.28,63.5,20.81,2023-01-24 12:00:00
2023-01-24,13:00,617.05,19.5,81.3,3.29,39.4,25.0,2023-01-24 13:00:00
2023-01-24,14:00,579.27,21.2,75.7,6.4,14.9,23.73,2023-01-24 14:00:00
2023-01-24,15:00,437.4,19.6,81.1,3.84,30.4,17.52,2023-01-24 15:00:00
2023-01-24,16:00,269.94,19.2,72.3,3.01,17.4,11.64,2023-01-24 16:00:00
2023-01-24,17:00,60.34,18.7,86.5,4.78,40.2,3.25,2023-01-24 17:00:00
2023-01-24,18:00,0.0,18.7,86.5,4.24,45.8,0.0,2023-01-24 18:00:00
2023-01-24,19:00,0.0,14.4,98.0,2.8,70.6,0.0,2023-01-24 19:00:00
2023-01-24,20:00,0.0,13.2,98.0,2.76,50.4,0.0,2023-01-24 20:00:00
2023-01-24,21:00,0.0,11.3,98.0,3.2,42.2,0.0,2023-01-24 21:00:00
2023-01-24,22:00,0.0,10.4,98.0,1.54,57.9,0.0,2023-01-24 22:00:00
2023-01-24,23:00,0.0,12.4,86.7,6.92,12.3,0.0,2023-01-24 23:00:00
2023-01-25,00:00,0.0,9.9,98.0,2.21,49.5,0.0,2023-01-25 00:00:00
2023-01-25,01:00,0.0,6.2,98.0,2.26,57.5,0.0,2023-01-25 01:00:00
2023-01-25,02:00,0.0,7.0,93.2,4.38,23.8,0.0,2023-01-25 02:00:00
2023-01-25,03:00,0.0,8.9,98.0,4.81,63.1,0.0,2023-01-25 03:00:00
2023-01-25,04:00,0.0,7.2,98.0,4.89,51.0,0.0,2023-01-25 04:00:00
2023-01-25,05:00,0.0,8.5,98.0,3.11,39.7,0.0,2023-01-25 05:00:00
2023-01-25,06:00,0.0,13.5,94.2,5.96,55.5,0.0,2023-01-25 06:00:00
2023-01-25,07:00,38.1,11.4,98.0,3.87,80.0,1.28,2023-01-25 07:00:00
2023-01-25,08:00,232.87,15.8,88.6,3.39,48.7,9.68,2023-01-25 08:00:00
2023-01-25,09:00,381.48,17.9,90.8,5.4,49.7,16.98,2023-01-25 09:00:00
2023-01-25,10:00,541.47,15.7,86.5,2.51,39.1,23.01,2023-01-25 10:00:00
2023-01-25,11:00,643.42,16.7,83.6,5.83,33.2,26.15,2023-01-25 11:00:00
2023-01-25,12:00,553.64,18.7,87.9,3.84,58.4,23.14,2023-01-25 12:00:00
2023-01-25,13:00,635.04,17.9,83.3,6.27,33.1,25.86,2023-01-25 13:00:00
2023-01-25,14:00,512.95,20.3,80.0,2.3,47.0,20.35,2023-01-25 14:00:00
2023-01-25,15:00,417.44,19.5,81.9,6.8,38.8,16.68,2023-01-25 15:00:00
2023-01-25,16:00,215.57,19.9,79.2,4.6,53.1,9.23,2023-01-25 16:00:00
2023-01-25,17:00,54.35,20.8,78.3,4.23,51.0,2.99,2023-01-25 17:00:00
2023-01-25,18:00,0.0,18.5,84.9,3.31,61.5,0.0,2023-01-25 18:00:00
2023-01-25,19:00,0.0,16.5,86.7,7.22,38.3,0.0,2023-01-25 19:00:00
2023-01-25,20:00,0.0,10.5,95.4,3.41,41.9,0.0,2023-01-25 20:00:00
2023-01-25,21:00,0.0,13.3,87.3,3.66,31.3,0.0,2023-01-25 21:00:00
2023-01-25,22:00,0.0,14.1,91.4,5.19,39.3,0.0,2023-01-25 22:00:00
2023-01-25,23:00,0.0,4.4,98.0,2.7,51.6,0.0,2023-01-25 23:00:00
2023-01-26,00:00,0.0,10.1,98.0,2.73,57.8,0.0,2023-01-26 00:00:00
2023-01-26,01:00,0.0,8.0,92.0,5.14,32.6,0.0,2023-01-26 01:00:00
2023-01-26,02:00,0.0,6.5,98.0,1.91,59.5,0.0,2023-01-26 02:00:00
2023-01-26,03:00,0.0,9.7,96.3,5.5,66.8,0.0,2023-01-26 03:00:00
2023-01-26,04:00,0.0,11.9,95.9,4.26,52.6,0.0,2023-01-26 04:00:00
2023-01-26,05:00,0.0,11.2,98.0,3.84,74.6,0.0,2023-01-26 05:00:00
2023-01-26,06:00,0.0,10.4,91.1,2.44,34.8,0.0,2023-01-26 06:00:00
2023-01-26,07:00,73.83,10.8,90.2,5.22,27.8,3.57,2023-01-26 07:00:00
2023-01-26,08:00,279.41,14.3,87.7,5.36,19.8,12.04,2023-01-26 08:00:00
2023-01-26,09:00,310.38,17.2,95.1,3.59,68.9,13.33,2023-01-26 09:00:00
2023-01-26,10:00,459.69,16.4,89.2,3.17,56.2,20.15,2023-01-26 10:00:00
2023-01-26,11:00,594.02,17.8,89.8,2.52,45.6,24.24,2023-01-26 11:00:00
2023-01-26,12:00,590.87,24.3,68.2,5.0,50.6,23.58,2023-01-26 12:00:00
2023-01-26,13:00,653.27,21.8,82.2,4.34,29.6,26.27,2023-01-26 13:00:00
2023-01-26,14:00,293.05,22.1,90.4,2.33,83.1,12.21,2023-01-26 14:00:00
2023-01-26,15:00,381.13,17.2,86.7,5.28,48.4,16.5,2023-01-26 15:00:00
2023-01-26,16:00,219.41,18.0,81.5,6.06,48.1,10.08,2023-01-26 16:00:00
2023-01-26,17:00,61.3,18.4,85.0,1.44,57.3,2.58,2023-01-26 17:00:00
2023-01-26,18:00,0.0,15.3,92.9,5.12,53.6,0.0,2023-01-26 18:00:00
2023-01-26,19:00,0.0,18.5,87.2,5.76,49.8,0.0,2023-01-26 19:00:00
2023-01-26,20:00,0.0,16.6,86.4,8.8,34.6,0.0,2023-01-26 20:00:00
2023-01-26,21:00,0.0,11.6,93.1,2.48,53.5,0.0,2023-01-26 21:00:00
2023-01-26,22:00,0.0,14.3,93.5,3.09,74.7,0.0,2023-01-26 22:00:00
2023-01-26,23:00,0.0,9.8,98.0,7.49,66.6,0.0,2023-01-26 23:00:00
2023-01-27,00:00,0.0,13.6,98.0,1.69,70.8,0.0,2023-01-27 00:00:00
2023-01-27,01:00,0.0,8.6,96.9,3.77,39.2,0.0,2023-01-27 01:00:00
2023-01-27,02:00,0.0,9.1,98.0,3.69,32.1,0.0,2023-01-27 02:00:00
2023-01-27,03:00,0.0,10.8,95.2,4.17,45.0,0.0,2023-01-27 03:00:00
2023-01-27,04:00,0.0,11.2,95.1,2.91,47.7,0.0,2023-01-27 04:00:00
2023-01-27,05:00,0.0,10.8,98.0,6.63,63.3,0.0,2023-01-27 05:00:00
2023-01-27,06:00,0.0,10.8,94.1,2.63,21.5,0.0,2023-01-27 06:00:00
2023-01-27,07:00,57.2,13.5,91.8,4.39,69.8,2.61,2023-01-27 07:00:00
2023-01-27,08:00,242.88,12.6,87.8,3.65,44.5,10.47,2023-01-27 08:00:00
2023-01-27,09:00,414.17,15.9,85.0,2.62,40.5,17.06,2023-01-27 09:00:00
2023-01-27,10:00,566.61,15.1,97.9,2.24,31.7,23.22,2023-01-27 10:00:00
2023-01-27,11:00,675.98,15.1,81.8,7.23,22.1,27.83,2023-01-27 11:00:00
2023-01-27,12:00,553.55,19.4,85.2,3.95,59.2,23.18,2023-01-27 12:00:00
2023-01-27,13:00,582.39,22.2,81.2,4.16,48.0,23.31,2023-01-27 13:00:00
2023-01-27,14:00,570.59,21.8,78.1,5.2,27.5,23.51,2023-01-27 14:00:00
2023-01-27,15:00,446.75,19.7,78.0,1.61,27.5,17.98,2023-01-27 15:00:00
2023-01-27,16:00,254.85,22.4,81.5,4.75,41.9,9.48,2023-01-27 16:00:00
2023-01-27,17:00,40.38,17.3,87.3,2.11,71.9,1.73,2023-01-27 17:00:00
2023-01-27,18:00,0.0,13.6,87.3,4.91,43.0,0.0,2023-01-27 18:00:00
2023-01-27,19:00,0.0,11.7,93.2,1.98,24.3,0.0,2023-01-27 19:00:00
2023-01-27,20:00,0.0,12.0,92.8,5.58,43.2,0.0,2023-01-27 20:00:00
2023-01-27,21:00,0.0,14.0,84.7,4.56,42.8,0.0,2023-01-27 21:00:00
2023-01-27,22:00,0.0,9.9,81.5,3.15,6.4,0.0,2023-01-27 22:00:00
2023-01-27,23:00,0.0,10.7,92.2,3.03,46.1,0.0,2023-01-27 23:00:00
2023-01-28,00:00,0.0,11.9,93.1,2.03,43.9,0.0,2023-01-28 00:00:00
2023-01-28,01:00,0.0,6.3,98.0,6.32,57.8,0.0,2023-01-28 01:00:00
2023-01-28,02:00,0.0,9.0,98.0,1.85,75.1,0.0,2023-01-28 02:00:00
2023-01-28,03:00,0.0,9.3,98.0,3.54,64.2,0.0,2023-01-28 03:00:00
2023-01-28,04:00,0.0,7.4,98.0,2.47,43.3,0.0,2023-01-28 04:00:00
2023-01-28,05:00,0.0,12.3,94.1,9.5,30.8,0.0,2023-01-28 05:00:00
2023-01-28,06:00,0.0,10.6,98.0,4.07,86.0,0.0,2023-01-28 06:00:00
2023-01-28,07:00,52.88,11.9,92.6,2.03,48.2,2.32,2023-01-28 07:00:00
2023-01-28,08:00,255.21,17.9,87.0,4.49,47.6,11.09,2023-01-28 08:00:00
2023-01-28,09:00,401.61,16.6,88.4,8.81,47.0,17.41,2023-01-28 09:00:00
2023-01-28,10:00,505.19,18.8,84.9,4.16,50.3,20.43,2023-01-28 10:00:00
2023-01-28,11:00,599.77,20.8,82.7,3.47,45.2,24.15,2023-01-28 11:00:00
2023-01-28,12:00,657.21,18.1,84.5,2.74,38.7,26.82,2023-01-28 12:00:00
2023-01-28,13:00,628.48,22.2,74.6,1.68,39.1,24.37,2023-01-28 13:00:00
2023-01-28,14:00,521.19,19.2,88.2,2.43,46.9,21.97,2023-01-28 14:00:00
2023-01-28,15:00,421.22,18.9,82.3,3.91,39.2,18.06,2023-01-28 15:00:00
2023-01-28,16:00,266.31,18.8,79.4,5.0,36.7,10.56,2023-01-28 16:00:00
2023-01-28,17:00,59.86,17.2,96.2,6.01,48.9,2.3,2023-01-28 17:00:00
2023-01-28,18:00,0.0,18.6,82.5,5.27,43.5,0.0,2023-01-28 18:00:00
2023-01-28,19:00,0.0,16.1,94.3,1.89,69.9,0.0,2023-01-28 19:00:00
2023-01-28,20:00,0.0,13.2,82.8,5.13,7.6,0.0,2023-01-28 20:00:00
2023-01-28,21:00,0.0,13.8,94.7,4.05,63.7,0.0,2023-01-28 21:00:00
2023-01-28,22:00,0.0,10.6,98.0,3.52,66.0,0.0,2023-01-28 22:00:00
2023-01-28,23:00,0.0,9.3,86.7,4.0,16.2,0.0,2023-01-28 23:00:00
2023-01-29,00:00,0.0,9.0,98.0,0.84,42.7,0.0,2023-01-29 00:00:00
2023-01-29,01:00,0.0,9.2,89.7,1.51,42.2,0.0,2023-01-29 01:00:00
2023-01-29,02:00,0.0,8.8,88.3,3.78,26.7,0.0,2023-01-29 02:00:00
2023-01-29,03:00,0.0,7.7,98.0,2.16,36.1,0.0,2023-01-29 03:00:00
2023-01-29,04:00,0.0,10.5,87.0,3.87,31.1,0.0,2023-01-29 04:00:00
2023-01-29,05:00,0.0,9.5,96.4,3.01,74.1,0.0,2023-01-29 05:00:00
2023-01-29,06:00,0.0,10.0,95.5,6.36,61.8,0.0,2023-01-29 06:00:00
2023-01-29,07:00,49.62,9.9,98.0,7.07,66.9,1.93,2023-01-29 07:00:00
2023-01-29,08:00,205.19,15.9,83.6,8.01,58.6,9.59,2023-01-29 08:00:00
2023-01-29,09:00,439.23,15.7,80.3,6.25,30.9,18.93,2023-01-29 09:00:00
2023-01-29,10:00,539.29,17.5,77.9,8.34,39.9,21.9,2023-01-29 10:00:00
2023-01-29,11:00,555.33,20.3,82.2,4.71,55.1,22.09,2023-01-29 11:00:00
2023-01-29,12:00,699.93,18.5,77.9,7.33,29.5,28.45,2023-01-29 12:00:00
2023-01-29,13:00,521.25,17.5,86.4,4.35,58.5,21.92,2023-01-29 13:00:00
2023-01-29,14:00,525.55,20.3,88.0,5.39,44.2,21.35,2023-01-29 14:00:00
2023-01-29,15:00,410.73,20.5,75.0,1.93,42.2,16.38,2023-01-29 15:00:00
2023-01-29,16:00,216.6,18.9,85.9,4.57,58.5,8.87,2023-01-29 16:00:00
2023-01-29,17:00,64.58,21.0,83.5,6.72,54.5,3.48,2023-01-29 17:00:00
2023-01-29,18:00,0.0,12.7,87.6,3.85,42.4,0.0,2023-01-29 18:00:00
2023-01-29,19:00,0.0,17.7,91.7,2.23,65.2,0.0,2023-01-29 19:00:00
2023-01-29,20:00,0.0,15.6,82.9,3.79,31.6,0.0,2023-01-29 20:00:00
2023-01-29,21:00,0.0,13.4,95.7,4.71,57.0,0.0,2023-01-29 21:00:00
2023-01-29,22:00,0.0,5.1,98.0,5.11,56.7,0.0,2023-01-29 22:00:00
2023-01-29,23:00,0.0,12.2,84.3,3.77,43.2,0.0,2023-01-29 23:00:00
2023-01-30,00:00,0.0,7.1,98.0,2.38,53.1,0.0,2023-01-30 00:00:00
2023-01-30,01:00,0.0,7.5,98.0,6.64,29.5,0.0,2023-01-30 01:00:00
2023-01-30,02:00,0.0,7.9,98.0,5.13,62.1,0.0,2023-01-30 02:00:00
2023-01-30,03:00,0.0,9.1,94.1,2.63,45.5,0.0,2023-01-30 03:00:00
2023-01-30,04:00,0.0,10.1,98.0,5.41,40.4,0.0,2023-01-30 04:00:00
2023-01-30,05:00,0.0,11.5,98.0,2.98,64.0,0.0,2023-01-30 05:00:00
2023-01-30,06:00,0.0,12.6,89.8,2.83,37.7,0.0,2023-01-30 06:00:00
2023-01-30,07:00,74.34,13.1,86.3,5.86,27.1,3.81,2023-01-30 07:00:00
2023-01-30,08:00,282.24,14.9,86.6,5.96,24.9,12.5,2023-01-30 08:00:00
2023-01-30,09:00,356.87,13.8,86.9,3.21,57.3,15.61,2023-01-30 09:00:00
2023-01-30,10:00,592.06,15.8,82.4,0.86,29.0,24.33,2023-01-30 10:00:00
2023-01-30,11:00,409.22,20.0,95.5,2.23,74.6,26.509999999999998,2023-01-30 11:00:00
2023-01-30,12:00,712.26,20.9,72.2,6.39,17.0,28.69,2023-01-30 12:00:00
2023-01-30,13:00,430.38,21.3,82.3,6.25,73.7,18.03,2023-01-30 13:00:00
2023-01-30,14:00,508.1,19.3,85.9,3.45,51.4,20.75,2023-01-30 14:00:00
2023-01-30,15:00,416.89,21.6,76.6,2.79,46.8,17.2,2023-01-30 15:00:00
2023-01-30,16:00,244.33,17.3,83.8,2.78,40.1,10.16,2023-01-30 16:00:00
2023-01-30,17:00,56.69,20.4,77.9,6.23,54.2,2.13,2023-01-30 17:00:00
2023-01-30,18:00,0.0,16.7,82.7,2.88,47.7,0.0,2023-01-30 18:00:00
2023-01-30,19:00,0.0,18.8,90.9,3.72,64.8,0.0,2023-01-30 19:00:00
2023-01-30,20:00,0.0,11.4,95.8,4.85,49.9,0.0,2023-01-30 20:00:00
2023-01-30,21:00,0.0,15.8,85.8,2.34,50.5,0.0,2023-01-30 21:00:00
2023-01-30,22:00,0.0,10.5,95.4,2.56,42.8,0.0,2023-01-30 22:00:00
2023-01-30,23:00,0.0,9.3,95.5,3.03,47.4,0.0,2023-01-30 23:00:00
2023-01-31,00:00,0.0,9.4,96.1,4.42,53.3,0.0,2023-01-31 00:00:00
2023-01-31,01:00,0.0,7.2,98.0,5.46,40.849999999999994,0.0,2023-01-31 01:00:00
2023-01-31,02:00,0.0,8.1,98.0,3.88,28.4,0.0,2023-01-31 02:00:00
2023-01-31,03:00,0.0,7.1,98.0,1.94,59.8,0.0,2023-01-31 03:00:00
2023-01-31,04:00,0.0,7.8,98.0,3.42,51.2,0.0,2023-01-31 04:00:00
2023-01-31,05:00,0.0,10.8,95.2,1.9,45.9,0.0,2023-01-31 05:00:00
2023-01-31,06:00,0.0,9.6,98.0,1.66,48.9,0.0,2023-01-31 06:00:00
2023-01-31,07:00,72.51,11.3,93.3,4.09,53.9,3.06,2023-01-31 07:00:00
2023-01-31,08:00,257.05,11.7,96.0,7.22,40.6,11.21,2023-01-31 08:00:00
2023-01-31,09:00,436.01,14.9,88.3,5.62,37.0,18.32,2023-01-31 09:00:00
2023-01-31,10:00,508.26,19.6,82.4,5.14,51.6,21.49,2023-01-31 10:00:00
2023-01-31,11:00,652.8,16.9,81.2,4.83,34.0,26.46,2023-01-31 11:00:00
2023-01-31,12:00,582.66,18.1,89.9,6.23,54.8,23.81,2023-01-31 12:00:00
2023-01-31,13:00,684.31,20.4,74.6,4.99,23.1,27.65,2023-01-31 13:00:00
2023-01-31,14:00,433.49,19.5,84.0,4.27,64.1,18.18,2023-01-31 14:00:00
2023-01-31,15:00,365.78,24.0,76.4,3.06,55.7,14.92,2023-01-31 15:00:00
2023-01-31,16:00,247.94,19.1,87.6,1.74,52.5,11.24,2023-01-31 16:00:00
2023-01-31,17:00,62.31,19.1,80.8,3.49,63.4,2.48,2023-01-31 17:00:00
2023-01-31,18:00,0.0,18.9,88.6,6.61,73.6,0.0,2023-01-31 18:00:00
2023-01-31,19:00,0.0,17.4,94.2,4.05,63.9,0.0,2023-01-31 19:00:00
2023-01-31,20:00,0.0,14.6,82.7,2.22,21.0,0.0,2023-01-31 20:00:00
2023-01-31,21:00,0.0,12.4,89.9,4.39,29.5,0.0,2023-01-31 21:00:00
2023-01-31,22:00,0.0,14.9,91.8,3.51,39.3,0.0,2023-01-31 22:00:00
2023-01-31,23:00,0.0,9.8,98.0,6.72,49.1,0.0,2023-01-31 23:00:00
2023-02-01,00:00,0.0,8.3,98.0,2.09,56.8,0.0,2023-02-01 00:00:00
2023-02-01,01:00,0.0,7.3,98.0,4.74,38.2,0.0,2023-02-01 01:00:00
2023-02-01,02:00,0.0,5.1,98.0,4.57,51.9,0.0,2023-02-01 02:00:00
2023-02-01,03:00,0.0,9.9,98.0,8.2,37.7,0.0,2023-02-01 03:00:00
2023-02-01,04:00,0.0,4.8,98.0,3.97,39.9,0.0,2023-02-01 04:00:00
2023-02-01,05:00,0.0,10.0,91.8,5.94,28.0,0.0,2023-02-01 05:00:00
2023-02-01,06:00,0.0,10.9,93.5,1.1,35.2,0.0,2023-02-01 06:00:00
2023-02-01,07:00,68.4,16.7,87.6,1.88,28.8,2.97,2023-02-01 07:00:00
2023-02-01,08:00,280.41,11.0,96.4,2.98,34.4,12.43,2023-02-01 08:00:00
2023-02-01,09:00,336.74,14.2,97.7,4.23,64.9,14.45,2023-02-01 09:00:00
2023-02-01,10:00,573.45,17.0,78.9,3.43,34.8,23.52,2023-02-01 10:00:00
2023-02-01,11:00,289.73,18.1,93.9,2.31,88.6,12.66,2023-02-01 11:00:00
2023-02-01,12:00,593.53,18.5,85.5,4.08,56.5,24.57,2023-02-01 12:00:00
2023-02-01,13:00,590.39,19.9,88.8,3.98,51.8,24.05,2023-02-01 13:00:00
2023-02-01,14:00,566.17,18.0,81.1,3.78,36.2,23.81,2023-02-01 14:00:00
2023-02-01,15:00,359.1,20.7,88.9,1.67,59.6,15.02,2023-02-01 15:00:00
2023-02-01,16:00,271.87,15.3,84.9,6.65,40.4,11.76,2023-02-01 16:00:00
2023-02-01,17:00,82.65,18.5,83.0,4.1,50.9,3.59,2023-02-01 17:00:00
2023-02-01,18:00,0.0,16.2,98.0,2.6,87.5,0.0,2023-02-01 18:00:00
2023-02-01,19:00,0.0,17.6,91.8,4.6,47.6,0.0,2023-02-01 19:00:00
2023-02-01,20:00,0.0,17.4,89.6,2.85,66.3,0.0,2023-02-01 20:00:00
2023-02-01,21:00,0.0,12.1,81.2,3.69,38.5,0.0,2023-02-01 21:00:00
2023-02-01,22:00,0.0,13.8,85.2,2.95,48.6,0.0,2023-02-01 22:00:00
2023-02-01,23:00,0.0,9.4,98.0,6.04,75.6,0.0,2023-02-01 23:00:00
2023-02-02,00:00,0.0,7.4,93.0,9.09,40.1,0.0,2023-02-02 00:00:00
2023-02-02,01:00,0.0,11.6,98.0,2.09,76.7,0.0,2023-02-02 01:00:00
2023-02-02,02:00,0.0,9.2,98.0,1.09,60.1,0.0,2023-02-02 02:00:00
2023-02-02,03:00,0.0,8.5,87.7,2.39,41.0,0.0,2023-02-02 03:00:00
2023-02-02,04:00,0.0,10.3,97.8,4.09,59.0,0.0,2023-02-02 04:00:00
2023-02-02,05:00,0.0,10.6,95.5,2.16,64.1,0.0,2023-02-02 05:00:00
2023-02-02,06:00,0.0,11.2,91.9,5.41,58.8,0.0,2023-02-02 06:00:00
2023-02-02,07:00,76.08,10.4,87.7,3.25,25.9,3.92,2023-02-02 07:00:00
2023-02-02,08:00,262.82,13.8,84.7,4.19,38.6,10.89,2023-02-02 08:00:00
2023-02-02,09:00,423.6,17.0,87.8,3.46,45.8,18.38,2023-02-02 09:00:00
2023-02-02,10:00,516.17,17.1,91.2,6.31,48.4,20.375,2023-02-02 10:00:00
2023-02-02,11:00,541.39,20.2,82.9,1.22,58.8,22.37,2023-02-02 11:00:00
2023-02-02,12:00,609.54,20.2,80.4,4.84,52.1,24.54,2023-02-02 12:00:00
2023-02-02,13:00,668.39,18.5,78.0,4.41,29.5,27.81,2023-02-02 13:00:00
2023-02-02,14:00,501.05,17.9,82.5,4.39,55.2,20.85,2023-02-02 14:00:00
2023-02-02,15:00,364.15,19.8,79.8,3.28,58.6,14.75,2023-02-02 15:00:00
2023-02-02,16:00,241.04,18.6,80.0,0.98,57.9,10.48,2023-02-02 16:00:00
2023-02-02,17:00,57.31,19.1,82.5,4.61,65.7,3.04,2023-02-02 17:00:00
2023-02-02,18:00,0.0,16.0,98.0,5.55,62.0,0.0,2023-02-02 18:00:00
2023-02-02,19:00,0.0,14.7,89.3,1.63,56.4,0.0,2023-02-02 19:00:00
2023-02-02,20:00,0.0,16.2,76.0,3.4,48.4,0.0,2023-02-02 20:00:00
2023-02-02,21:00,0.0,13.0,84.3,2.1,24.6,0.0,2023-02-02 21:00:00
2023-02-02,22:00,0.0,10.0,92.6,4.19,55.9,0.0,2023-02-02 22:00:00
2023-02-02,23:00,0.0,10.1,98.0,5.22,52.6,0.0,2023-02-02 23:00:00
2023-02-03,00:00,0.0,11.6,95.9,4.48,53.9,0.0,2023-02-03 00:00:00
2023-02-03,01:00,0.0,9.1,94.3,2.85,30.7,0.0,2023-02-03 01:00:00
2023-02-03,02:00,0.0,9.4,94.2,1.97,33.7,0.0,2023-02-03 02:00:00
2023-02-03,03:00,0.0,7.2,98.0,5.28,65.7,0.0,2023-02-03 03:00:00
2023-02-03,04:00,0.0,11.0,90.0,2.88,49.3,0.0,2023-02-03 04:00:00
2023-02-03,05:00,0.0,14.3,93.3,1.07,60.1,0.0,2023-02-03 05:00:00
2023-02-03,06:00,0.0,9.9,98.0,4.0,50.3,0.0,2023-02-03 06:00:00
2023-02-03,07:00,68.77,10.7,98.0,2.52,50.3,3.24,2023-02-03 07:00:00
2023-02-03,08:00,212.95,14.7,93.0,5.65,64.0,8.41,2023-02-03 08:00:00
2023-02-03,09:00,422.59,17.5,83.8,1.99,42.1,18.51,2023-02-03 09:00:00
2023-02-03,10:00,520.76,17.2,89.0,3.37,51.3,20.89,2023-02-03 10:00:00
2023-02-03,11:00,640.54,16.7,91.7,2.55,42.9,26.61,2023-02-03 11:00:00
2023-02-03,12:00,658.0,19.3,79.9,4.61,43.4,26.05,2023-02-03 12:00:00
2023-02-03,13:00,620.13,21.2,82.3,3.89,45.2,25.6,2023-02-03 13:00:00
2023-02-03,14:00,499.37,19.6,80.6,5.25,53.2,20.56,2023-02-03 14:00:00
2023-02-03,15:00,431.56,21.2,80.2,3.48,42.7,18.01,2023-02-03 15:00:00
2023-02-03,16:00,218.36,21.6,88.7,0.76,68.7,8.44,2023-02-03 16:00:00
2023-02-03,17:00,75.61,19.0,75.5,2.37,36.5,3.59,2023-02-03 17:00:00
2023-02-03,18:00,0.0,17.3,83.7,10.61,47.1,0.0,2023-02-03 18:00:00
2023-02-03,19:00,0.0,17.4,88.5,3.24,43.3,0.0,2023-02-03 19:00:00
2023-02-03,20:00,0.0,12.8,98.0,4.24,71.6,0.0,2023-02-03 20:00:00
2023-02-03,21:00,0.0,11.1,98.0,6.33,52.8,0.0,2023-02-03 21:00:00
2023-02-03,22:00,0.0,10.9,98.0,1.05,65.4,0.0,2023-02-03 22:00:00
2023-02-03,23:00,0.0,9.2,91.7,4.44,27.6,0.0,2023-02-03 23:00:00
2023-02-04,00:00,0.0,7.8,98.0,2.72,54.3,0.0,2023-02-04 00:00:00
2023-02-04,01:00,0.0,11.9,98.0,2.67,63.6,0.0,2023-02-04 01:00:00
2023-02-04,02:00,0.0,12.3,82.2,2.42,51.5,0.0,2023-02-04 02:00:00
2023-02-04,03:00,0.0,8.0,98.0,5.5,66.2,0.0,2023-02-04 03:00:00
2023-02-04,04:00,0.0,9.4,94.6,3.1,42.5,0.0,2023-02-04 04:00:00
2023-02-04,05:00,0.0,9.8,98.0,1.5,71.4,0.0,2023-02-04 05:00:00
2023-02-04,06:00,0.0,13.4,98.0,1.71,84.7,0.0,2023-02-04 06:00:00
2023-02-04,07:00,79.11,15.2,92.8,2.02,44.8,3.74,2023-02-04 07:00:00
2023-02-04,08:00,275.18,11.2,96.3,6.25,43.6,11.35,2023-02-04 08:00:00
2023-02-04,09:00,296.39,16.8,88.8,3.34,72.1,11.51,2023-02-04 09:00:00
2023-02-04,10:00,388.46,15.0,95.4,6.48,74.0,16.77,2023-02-04 10:00:00
2023-02-04,11:00,639.47,21.8,74.8,5.46,42.4,26.15,2023-02-04 11:00:00
2023-02-04,12:00,638.24,20.4,81.1,5.63,44.0,25.18,2023-02-04 12:00:00
2023-02-04,13:00,625.15,18.7,80.3,2.71,46.0,25.65,2023-02-04 13:00:00
2023-02-04,14:00,601.01,20.0,77.8,2.64,30.1,24.87,2023-02-04 14:00:00
2023-02-04,15:00,444.22,19.7,78.5,3.94,36.5,18.48,2023-02-04 15:00:00
2023-02-04,16:00,289.68,20.5,77.4,3.3,35.2,12.6,2023-02-04 16:00:00
2023-02-04,17:00,89.16,20.5,87.1,3.71,38.7,3.95,2023-02-04 17:00:00
2023-02-04,18:00,0.0,15.3,88.0,1.39,49.7,0.0,2023-02-04 18:00:00
2023-02-04,19:00,0.0,19.3,76.8,7.67,53.8,0.0,2023-02-04 19:00:00
2023-02-04,20:00,0.0,17.3,96.5,1.43,73.5,0.0,2023-02-04 20:00:00
2023-02-04,21:00,0.0,11.3,95.9,2.19,35.3,0.0,2023-02-04 21:00:00
2023-02-04,22:00,0.0,11.5,91.1,4.55,65.0,0.0,2023-02-04 22:00:00
2023-02-04,23:00,0.0,13.2,89.2,2.06,47.0,0.0,2023-02-04 23:00:00
2023-02-05,00:00,0.0,11.5,97.0,1.78,49.9,0.0,2023-02-05 00:00:00
2023-02-05,01:00,0.0,8.1,98.0,2.05,60.8,0.0,2023-02-05 01:00:00
2023-02-05,02:00,0.0,9.9,93.6,1.46,33.8,0.0,2023-02-05 02:00:00
2023-02-05,03:00,0.0,14.1,93.0,2.54,56.4,0.0,2023-02-05 03:00:00
2023-02-05,04:00,0.0,9.4,95.4,2.64,53.1,0.0,2023-02-05 04:00:00
2023-02-05,05:00,0.0,9.1,91.3,3.66,58.0,0.0,2023-02-05 05:00:00
2023-02-05,06:00,0.0,11.8,98.0,3.39,55.0,0.0,2023-02-05 06:00:00
2023-02-05,07:00,43.64,13.3,98.0,3.54,87.5,1.58,2023-02-05 07:00:00
2023-02-05,08:00,261.74,13.5,90.7,4.22,41.1,11.61,2023-02-05 08:00:00
2023-02-05,09:00,437.29,16.8,84.8,2.45,42.7,18.39,2023-02-05 09:00:00
2023-02-05,10:00,564.46,15.2,91.1,1.95,41.3,24.27,2023-02-05 10:00:00
2023-02-05,11:00,643.63,17.5,84.8,6.02,42.3,25.64,2023-02-05 11:00:00
2023-02-05,12:00,666.75,21.0,79.4,4.31,41.1,27.04,2023-02-05 12:00:00
2023-02-05,13:00,470.27,17.1,80.9,1.45,68.5,19.87,2023-02-05 13:00:00
2023-02-05,14:00,398.12,22.1,81.5,7.35,71.9,16.29,2023-02-05 14:00:00
2023-02-05,15:00,438.27,16.6,88.6,4.63,42.1,18.11,2023-02-05 15:00:00
2023-02-05,16:00,286.12,16.5,87.4,2.04,38.1,12.14,2023-02-05 16:00:00
2023-02-05,17:00,61.26,17.8,83.9,7.59,57.7,2.06,2023-02-05 17:00:00
2023-02-05,18:00,0.0,18.0,77.3,3.06,42.3,0.0,2023-02-05 18:00:00
2023-02-05,19:00,0.0,18.4,87.9,8.26,60.1,0.0,2023-02-05 19:00:00
2023-02-05,20:00,0.0,14.6,79.9,1.75,53.7,0.0,2023-02-05 20:00:00
2023-02-05,21:00,0.0,12.5,83.6,2.09,27.9,0.0,2023-02-05 21:00:00
2023-02-05,22:00,0.0,12.5,98.0,4.43,73.8,0.0,2023-02-05 22:00:00
2023-02-05,23:00,0.0,8.6,98.0,1.07,77.6,0.0,2023-02-05 23:00:00
2023-02-06,00:00,0.0,9.6,98.0,1.02,41.8,0.0,2023-02-06 00:00:00
2023-02-06,01:00,0.0,6.6,98.0,5.26,45.2,0.0,2023-02-06 01:00:00
2023-02-06,02:00,0.0,8.7,93.0,2.13,55.3,0.0,2023-02-06 02:00:00
2023-02-06,03:00,0.0,8.5,98.0,6.52,56.0,0.0,2023-02-06 03:00:00
2023-02-06,04:00,0.0,7.9,98.0,3.33,60.9,0.0,2023-02-06 04:00:00
2023-02-06,05:00,0.0,10.6,98.0,5.97,81.1,0.0,2023-02-06 05:00:00
2023-02-06,06:00,0.0,11.8,93.0,3.29,48.3,0.0,2023-02-06 06:00:00
2023-02-06,07:00,84.09,15.1,92.3,3.8,39.0,3.87,2023-02-06 07:00:00
2023-02-06,08:00,289.43,11.6,88.0,2.84,30.3,12.71,2023-02-06 08:00:00
2023-02-06,09:00,438.16,15.9,84.8,4.44,40.0,18.37,2023-02-06 09:00:00
2023-02-06,10:00,528.19,16.1,91.4,2.85,50.5,22.56,2023-02-06 10:00:00
2023-02-06,11:00,398.97,20.3,83.3,2.41,77.9,16.92,2023-02-06 11:00:00
2023-02-06,12:00,663.96,21.1,75.8,1.6,43.2,26.84,2023-02-06 12:00:00
2023-02-06,13:00,593.65,21.2,78.8,1.43,54.3,24.1,2023-02-06 13:00:00
2023-02-06,14:00,522.68,19.2,84.1,2.8,50.7,21.45,2023-02-06 14:00:00
2023-02-06,15:00,328.61,21.9,83.0,4.89,68.8,13.49,2023-02-06 15:00:00
2023-02-06,16:00,116.34,17.0,95.5,2.32,88.9,5.3,2023-02-06 16:00:00
2023-02-06,17:00,85.73,15.6,84.7,2.77,43.0,3.96,2023-02-06 17:00:00
2023-02-06,18:00,0.0,15.2,83.8,6.33,43.6,0.0,2023-02-06 18:00:00
2023-02-06,19:00,0.0,16.0,95.1,4.34,66.6,0.0,2023-02-06 19:00:00
2023-02-06,20:00,0.0,15.7,90.4,6.54,61.2,0.0,2023-02-06 20:00:00
2023-02-06,21:00,0.0,7.6,98.0,6.41,78.7,0.0,2023-02-06 21:00:00
2023-02-06,22:00,0.0,13.9,89.6,1.47,59.7,0.0,2023-02-06 22:00:00
2023-02-06,23:00,0.0,10.5,93.0,7.19,45.6,0.0,2023-02-06 23:00:00
2023-02-07,00:00,0.0,6.6,98.0,1.37,60.2,0.0,2023-02-07 00:00:00
2023-02-07,01:00,0.0,9.0,98.0,6.63,68.0,0.0,2023-02-07 01:00:00
2023-02-07,02:00,0.0,10.5,98.0,3.88,63.6,0.0,2023-02-07 02:00:00
2023-02-07,03:00,0.0,9.9,98.0,3.82,58.9,0.0,2023-02-07 03:00:00
2023-02-07,04:00,0.0,11.4,98.0,4.75,67.3,0.0,2023-02-07 04:00:00
2023-02-07,05:00,0.0,7.9,98.0,6.02,68.9,0.0,2023-02-07 05:00:00
2023-02-07,06:00,0.0,10.8,98.0,4.22,72.1,0.0,2023-02-07 06:00:00
2023-02-07,07:00,82.5,11.4,94.4,3.33,61.1,3.84,2023-02-07 07:00:00
2023-02-07,08:00,268.23,17.7,88.7,1.81,48.8,11.6,2023-02-07 08:00:00
2023-02-07,09:00,387.5,17.3,83.7,5.24,53.5,16.01,2023-02-07 09:00:00
2023-02-07,10:00,434.1,22.7,83.2,1.91,69.4,18.11,2023-02-07 10:00:00
2023-02-07,11:00,659.31,18.0,82.6,4.83,39.1,26.51,2023-02-07 11:00:00
2023-02-07,12:00,593.12,18.5,85.6,3.79,56.9,24.08,2023-02-07 12:00:00
2023-02-07,13:00,633.36,20.1,79.7,3.15,45.4,25.66,2023-02-07 13:00:00
2023-02-07,14:00,522.97,23.1,75.0,4.2,51.8,21.0,2023-02-07 14:00:00
2023-02-07,15:00,325.61,19.7,81.6,5.12,70.5,13.47,2023-02-07 15:00:00
2023-02-07,16:00,246.17,20.0,89.2,6.9,54.2,10.53,2023-02-07 16:00:00
2023-02-07,17:00,89.52,19.0,82.5,2.61,52.0,4.31,2023-02-07 17:00:00
2023-02-07,18:00,0.0,17.6,80.8,7.02,30.9,0.0,2023-02-07 18:00:00
2023-02-07,19:00,0.0,15.0,92.6,7.34,62.5,0.0,2023-02-07 19:00:00
2023-02-07,20:00,0.0,14.3,98.0,5.43,61.0,0.0,2023-02-07 20:00:00
2023-02-07,21:00,0.0,12.7,98.0,6.05,83.8,0.0,2023-02-07 21:00:00
2023-02-07,22:00,0.0,11.6,94.9,4.63,46.7,0.0,2023-02-07 22:00:00
2023-02-07,23:00,0.0,12.0,95.0,1.26,54.6,0.0,2023-02-07 23:00:00
2023-02-08,00:00,0.0,12.6,90.5,4.02,55.4,0.0,2023-02-08 00:00:00
2023-02-08,01:00,0.0,7.3,98.0,4.96,75.3,0.0,2023-02-08 01:00:00
2023-02-08,02:00,0.0,7.9,93.6,6.91,50.2,0.0,2023-02-08 02:00:00
2023-02-08,03:00,0.0,7.4,98.0,3.99,55.8,0.0,2023-02-08 03:00:00
2023-02-08,04:00,0.0,9.8,92.1,5.28,60.8,0.0,2023-02-08 04:00:00
2023-02-08,05:00,0.0,9.4,98.0,4.7,54.5,0.0,2023-02-08 05:00:00
2023-02-08,06:00,0.0,12.1,94.8,2.68,45.0,0.0,2023-02-08 06:00:00
2023-02-08,07:00,79.63,15.1,90.0,2.06,54.6,3.9,2023-02-08 07:00:00
2023-02-08,08:00,211.3,10.1,98.0,4.98,67.8,9.6,2023-02-08 08:00:00
2023-02-08,09:00,448.48,17.1,79.1,2.46,36.3,18.96,2023-02-08 09:00:00
2023-02-08,10:00,527.31,16.8,84.9,2.51,53.7,22.21,2023-02-08 10:00:00
2023-02-08,11:00,647.02,19.7,73.0,4.36,41.2,26.56,2023-02-08 11:00:00
2023-02-08,12:00,497.99,18.2,93.2,5.24,69.6,20.43,2023-02-08 12:00:00
2023-02-08,13:00,703.45,22.6,70.1,4.05,28.8,27.3,2023-02-08 13:00:00
2023-02-08,14:00,550.45,22.3,77.4,6.09,43.3,22.52,2023-02-08 14:00:00
2023-02-08,15:00,377.42,21.5,86.1,2.35,57.3,16.05,2023-02-08 15:00:00
2023-02-08,16:00,188.73,21.3,92.3,2.55,75.1,7.41,2023-02-08 16:00:00
2023-02-08,17:00,84.99,17.5,86.3,4.33,50.7,3.77,2023-02-08 17:00:00
2023-02-08,18:00,0.0,16.5,87.6,5.55,43.3,0.0,2023-02-08 18:00:00
2023-02-08,19:00,0.0,17.5,90.1,3.85,79.9,0.0,2023-02-08 19:00:00
2023-02-08,20:00,0.0,13.3,94.3,0.89,29.9,0.0,2023-02-08 20:00:00
2023-02-08,21:00,0.0,15.7,80.5,4.54,18.7,0.0,2023-02-08 21:00:00
2023-02-08,22:00,0.0,11.1,98.0,5.43,58.3,0.0,2023-02-08 22:00:00
2023-02-08,23:00,0.0,11.3,92.5,2.66,44.1,0.0,2023-02-08 23:00:00
2023-02-09,00:00,0.0,13.3,94.0,1.4,36.7,0.0,2023-02-09 00:00:00
2023-02-09,01:00,0.0,7.6,98.0,3.75,62.6,0.0,2023-02-09 01:00:00
2023-02-09,02:00,0.0,8.8,98.0,1.29,55.6,0.0,2023-02-09 02:00:00
2023-02-09,03:00,0.0,10.8,96.1,3.29,43.5,0.0,2023-02-09 03:00:00
2023-02-09,04:00,0.0,11.2,90.5,1.01,32.8,0.0,2023-02-09 04:00:00
2023-02-09,05:00,0.0,9.9,98.0,2.42,65.1,0.0,2023-02-09 05:00:00
2023-02-09,06:00,0.0,10.8,98.0,3.17,61.7,0.0,2023-02-09 06:00:00
2023-02-09,07:00,85.22,12.7,89.7,1.81,50.5,3.01,2023-02-09 07:00:00
2023-02-09,08:00,177.63,17.3,90.0,1.82,79.7,7.62,2023-02-09 08:00:00
2023-02-09,09:00,457.08,15.8,85.9,5.53,35.9,19.25,2023-02-09 09:00:00
2023-02-09,10:00,625.87,17.8,84.2,1.28,29.1,25.44,2023-02-09 10:00:00
2023-02-09,11:00,662.7,18.2,89.7,4.61,41.6,27.48,2023-02-09 11:00:00
2023-02-09,12:00,622.37,21.2,73.9,5.43,51.3,24.83,2023-02-09 12:00:00
2023-02-09,13:00,574.52,20.8,82.8,1.92,55.6,22.52,2023-02-09 13:00:00
2023-02-09,14:00,539.14,18.9,85.7,2.27,56.45,21.95,2023-02-09 14:00:00
2023-02-09,15:00,397.98,18.8,87.3,4.35,57.3,16.46,2023-02-09 15:00:00
2023-02-09,16:00,286.6,16.3,87.9,2.84,33.2,11.42,2023-02-09 16:00:00
2023-02-09,17:00,60.46,17.5,94.8,3.56,73.6,2.76,2023-02-09 17:00:00
2023-02-09,18:00,0.0,19.1,80.1,5.61,50.7,0.0,2023-02-09 18:00:00
2023-02-09,19:00,0.0,18.6,85.2,1.96,68.7,0.0,2023-02-09 19:00:00
2023-02-09,20:00,0.0,15.9,91.7,4.24,57.1,0.0,2023-02-09 20:00:00
2023-02-09,21:00,0.0,14.1,97.5,6.92,58.8,0.0,2023-02-09 21:00:00
2023-02-09,22:00,0.0,11.5,98.0,1.42,60.5,0.0,2023-02-09 22:00:00
2023-02-09,23:00,0.0,11.9,90.5,1.45,58.7,0.0,2023-02-09 23:00:00
2023-02-10,00:00,0.0,10.1,96.1,3.92,61.9,0.0,2023-02-10 00:00:00
2023-02-10,01:00,0.0,12.2,98.0,7.32,72.2,0.0,2023-02-10 01:00:00
2023-02-10,02:00,0.0,8.6,98.0,2.4,55.2,0.0,2023-02-10 02:00:00
2023-02-10,03:00,0.0,11.4,98.0,2.91,62.9,0.0,2023-02-10 03:00:00
2023-02-10,04:00,0.0,11.2,98.0,1.72,50.9,0.0,2023-02-10 04:00:00
2023-02-10,05:00,0.0,11.9,95.8,3.05,73.9,0.0,2023-02-10 05:00:00
2023-02-10,06:00,0.0,8.2,96.6,1.31,42.1,0.0,2023-02-10 06:00:00
2023-02-10,07:00,46.79,14.9,95.4,3.17,79.3,1.7,2023-02-10 07:00:00
2023-02-10,08:00,261.11,14.5,92.6,3.92,51.7,11.68,2023-02-10 08:00:00
2023-02-10,09:00,481.32,15.5,87.5,7.8,30.8,20.35,2023-02-10 09:00:00
2023-02-10,10:00,512.35,15.1,85.0,5.46,54.2,21.84,2023-02-10 10:00:00
2023-02-10,11:00,665.43,19.0,82.0,5.49,42.1,26.63,2023-02-10 11:00:00
2023-02-10,12:00,556.5,20.0,89.7,2.43,64.9,22.26,2023-02-10 12:00:00
2023-02-10,13:00,644.37,18.2,75.9,1.65,42.5,26.83,2023-02-10 13:00:00
2023-02-10,14:00,573.5,18.1,84.0,4.15,45.6,23.56,2023-02-10 14:00:00
2023-02-10,15:00,489.23,21.4,69.0,3.76,23.9,20.45,2023-02-10 15:00:00
2023-02-10,16:00,281.94,21.5,76.6,3.74,45.5,11.32,2023-02-10 16:00:00
2023-02-10,17:00,99.76,19.4,64.9,1.79,15.9,4.22,2023-02-10 17:00:00
2023-02-10,18:00,0.0,19.8,83.0,3.64,28.5,0.0,2023-02-10 18:00:00
2023-02-10,19:00,0.0,16.2,90.2,2.03,63.7,0.0,2023-02-10 19:00:00
2023-02-10,20:00,0.0,14.7,90.7,3.31,64.1,0.0,2023-02-10 20:00:00
2023-02-10,21:00,0.0,11.6,98.0,1.46,58.7,0.0,2023-02-10 21:00:00
2023-02-10,22:00,0.0,9.0,91.8,5.8,37.8,0.0,2023-02-10 22:00:00
2023-02-10,23:00,0.0,13.9,87.5,0.94,51.6,0.0,2023-02-10 23:00:00
2023-02-11,00:00,0.0,11.7,98.0,6.86,52.5,0.0,2023-02-11 00:00:00
2023-02-11,01:00,0.0,6.5,98.0,5.86,35.2,0.0,2023-02-11 01:00:00
2023-02-11,02:00,0.0,9.1,98.0,4.99,75.1,0.0,2023-02-11 02:00:00
2023-02-11,03:00,0.0,8.9,98.0,8.15,65.7,0.0,2023-02-11 03:00:00
2023-02-11,04:00,0.0,9.2,98.0,1.39,49.3,0.0,2023-02-11 04:00:00
2023-02-11,05:00,0.0,9.9,92.7,4.35,53.0,0.0,2023-02-11 05:00:00
2023-02-11,06:00,0.0,12.5,91.5,5.73,55.7,0.0,2023-02-11 06:00:00
2023-02-11,07:00,106.33,14.8,89.5,1.9,21.9,5.04,2023-02-11 07:00:00
2023-02-11,08:00,265.5,15.6,83.1,4.06,48.9,11.56,2023-02-11 08:00:00
2023-02-11,09:00,455.18,16.2,95.4,3.19,42.3,18.88,2023-02-11 09:00:00
2023-02-11,10:00,592.44,17.6,80.7,3.37,37.5,24.34,2023-02-11 10:00:00
2023-02-11,11:00,638.26,20.8,87.2,6.43,48.4,26.56,2023-02-11 11:00:00
2023-02-11,12:00,428.86,20.9,87.3,3.84,79.5,17.92,2023-02-11 12:00:00
2023-02-11,13:00,542.69,20.8,87.5,1.69,62.2,22.59,2023-02-11 13:00:00
2023-02-11,14:00,571.38,20.8,85.4,6.82,44.0,23.17,2023-02-11 14:00:00
2023-02-11,15:00,376.11,21.3,88.9,2.22,61.2,15.74,2023-02-11 15:00:00
2023-02-11,16:00,189.25,19.2,87.3,6.18,73.6,8.5,2023-02-11 16:00:00
2023-02-11,17:00,68.24,20.6,82.3,7.65,66.4,3.59,2023-02-11 17:00:00
2023-02-11,18:00,0.0,15.9,89.2,6.01,53.5,0.0,2023-02-11 18:00:00
2023-02-11,19:00,0.0,15.7,82.0,4.54,42.9,0.0,2023-02-11 19:00:00
2023-02-11,20:00,0.0,16.0,92.7,4.93,63.0,0.0,2023-02-11 20:00:00
2023-02-11,21:00,0.0,11.3,94.4,4.67,58.5,0.0,2023-02-11 21:00:00
2023-02-11,22:00,0.0,9.0,98.0,3.49,66.0,0.0,2023-02-11 22:00:00
2023-02-11,23:00,0.0,10.7,97.2,2.65,62.1,0.0,2023-02-11 23:00:00
2023-02-12,00:00,0.0,6.7,98.0,2.7,68.6,0.0,2023-02-12 00:00:00
2023-02-12,01:00,0.0,6.8,98.0,4.86,44.8,0.0,2023-02-12 01:00:00
2023-02-12,02:00,0.0,10.3,98.0,4.27,72.6,0.0,2023-02-12 02:00:00
2023-02-12,03:00,0.0,8.8,98.0,4.06,55.8,0.0,2023-02-12 03:00:00
2023-02-12,04:00,0.0,12.0,98.0,4.41,84.0,0.0,2023-02-12 04:00:00
2023-02-12,05:00,0.0,8.5,98.0,5.14,42.5,0.0,2023-02-12 05:00:00
2023-02-12,06:00,0.0,11.8,98.0,4.96,78.9,0.0,2023-02-12 06:00:00
2023-02-12,07:00,100.66,14.1,91.0,1.77,55.8,4.5,2023-02-12 07:00:00
2023-02-12,08:00,292.41,12.8,87.1,3.05,43.1,12.15,2023-02-12 08:00:00
2023-02-12,09:00,446.71,18.3,78.1,2.6,45.6,18.02,2023-02-12 09:00:00
2023-02-12,10:00,565.15,18.8,86.1,3.84,48.0,23.05,2023-02-12 10:00:00
2023-02-12,11:00,572.6,16.3,91.9,1.46,59.2,23.98,2023-02-12 11:00:00
2023-02-12,12:00,579.09,20.1,88.1,5.06,60.7,23.74,2023-02-12 12:00:00
2023-02-12,13:00,661.87,21.4,84.1,1.78,44.2,25.63,2023-02-12 13:00:00
2023-02-12,14:00,528.51,19.9,86.4,2.64,52.5,22.23,2023-02-12 14:00:00
2023-02-12,15:00,247.01,18.1,97.5,5.2,85.0,10.95,2023-02-12 15:00:00
2023-02-12,16:00,169.99,20.6,80.5,1.37,78.8,7.35,2023-02-12 16:00:00
2023-02-12,17:00,86.21,23.2,78.8,4.45,59.4,3.77,2023-02-12 17:00:00
2023-02-12,18:00,0.0,17.2,91.4,6.61,53.4,0.0,2023-02-12 18:00:00
2023-02-12,19:00,0.0,19.3,80.0,4.23,54.6,0.0,2023-02-12 19:00:00
2023-02-12,20:00,0.0,13.6,95.5,4.74,62.1,0.0,2023-02-12 20:00:00
2023-02-12,21:00,0.0,13.8,90.8,5.26,37.5,0.0,2023-02-12 21:00:00
2023-02-12,22:00,0.0,13.3,94.1,2.41,49.0,0.0,2023-02-12 22:00:00
2023-02-12,23:00,0.0,10.7,92.4,4.04,27.8,0.0,2023-02-12 23:00:00
2023-02-13,00:00,0.0,9.3,98.0,2.81,59.1,0.0,2023-02-13 00:00:00
2023-02-13,01:00,0.0,10.5,98.0,2.54,62.8,0.0,2023-02-13 01:00:00
2023-02-13,02:00,0.0,12.4,87.0,2.26,45.9,0.0,2023-02-13 02:00:00
2023-02-13,03:00,0.0,9.8,98.0,4.07,76.7,0.0,2023-02-13 03:00:00
2023-02-13,04:00,0.0,8.9,96.5,5.28,34.7,0.0,2023-02-13 04:00:00
2023-02-13,05:00,0.0,10.4,86.4,5.99,31.1,0.0,2023-02-13 05:00:00
2023-02-13,06:00,0.0,16.5,94.9,3.34,56.5,0.0,2023-02-13 06:00:00
2023-02-13,07:00,67.01,13.7,98.0,3.1,68.8,2.14,2023-02-13 07:00:00
2023-02-13,08:00,193.31,13.9,93.2,4.6,78.4,8.33,2023-02-13 08:00:00
2023-02-13,09:00,450.39,14.5,86.5,5.18,46.2,19.14,2023-02-13 09:00:00
2023-02-13,10:00,457.9,17.2,93.0,2.55,69.3,19.59,2023-02-13 10:00:00
2023-02-13,11:00,605.66,19.9,81.0,2.76,52.5,24.76,2023-02-13 11:00:00
2023-02-13,12:00,657.14,21.4,81.7,3.82,50.5,25.85,2023-02-13 12:00:00
2023-02-13,13:00,511.5,20.1,82.5,3.41,66.4,21.08,2023-02-13 13:00:00
2023-02-13,14:00,483.11,21.0,88.7,4.7,62.9,19.7,2023-02-13 14:00:00
2023-02-13,15:00,498.86,18.7,83.5,3.68,29.5,20.54,2023-02-13 15:00:00
2023-02-13,16:00,181.65,20.4,90.7,1.81,75.3,7.37,2023-02-13 16:00:00
2023-02-13,17:00,68.57,20.1,88.5,2.12,73.8,2.96,2023-02-13 17:00:00
2023-02-13,18:00,0.0,17.0,89.2,6.29,43.7,0.0,2023-02-13 18:00:00
2023-02-13,19:00,0.0,19.6,84.3,2.43,59.0,0.0,2023-02-13 19:00:00
2023-02-13,20:00,0.0,13.5,92.0,1.36,60.5,0.0,2023-02-13 20:00:00
2023-02-13,21:00,0.0,14.0,98.0,4.86,57.0,0.0,2023-02-13 21:00:00
2023-02-13,22:00,0.0,13.5,92.2,4.58,44.9,0.0,2023-02-13 22:00:00
2023-02-13,23:00,0.0,10.6,92.1,4.14,43.0,0.0,2023-02-13 23:00:00
2023-02-14,00:00,0.0,9.6,97.2,3.67,53.0,0.0,2023-02-14 00:00:00
2023-02-14,01:00,0.0,6.7,98.0,7.6,70.9,0.0,2023-02-14 01:00:00
2023-02-14,02:00,0.0,11.5,98.0,1.86,61.5,0.0,2023-02-14 02:00:00
2023-02-14,03:00,0.0,9.0,98.0,3.71,47.8,0.0,2023-02-14 03:00:00
2023-02-14,04:00,0.0,10.9,98.0,3.96,64.9,0.0,2023-02-14 04:00:00
2023-02-14,05:00,0.0,12.1,87.4,1.07,10.6,0.0,2023-02-14 05:00:00
2023-02-14,06:00,0.0,11.0,96.3,3.27,70.6,0.0,2023-02-14 06:00:00
2023-02-14,07:00,108.42,13.2,91.4,5.2,27.3,4.43,2023-02-14 07:00:00
2023-02-14,08:00,283.32,17.5,83.3,3.53,47.9,12.43,2023-02-14 08:00:00
2023-02-14,09:00,466.07,14.6,94.6,5.98,36.6,19.54,2023-02-14 09:00:00
2023-02-14,10:00,604.53,21.9,74.4,4.37,33.9,23.65,2023-02-14 10:00:00
2023-02-14,11:00,485.11,18.0,94.8,5.08,70.8,19.96,2023-02-14 11:00:00
2023-02-14,12:00,680.76,18.2,74.3,5.35,46.3,27.34,2023-02-14 12:00:00
2023-02-14,13:00,574.8,21.1,78.3,4.61,58.5,22.88,2023-02-14 13:00:00
2023-02-14,14:00,534.63,25.1,74.3,4.97,52.6,21.74,2023-02-14 14:00:00
2023-02-14,15:00,385.14,17.5,80.8,4.64,60.5,15.69,2023-02-14 15:00:00
2023-02-14,16:00,264.8,20.0,86.0,3.9,54.5,11.03,2023-02-14 16:00:00
2023-02-14,17:00,106.05,20.2,79.5,3.97,34.1,4.65,2023-02-14 17:00:00
2023-02-14,18:00,0.0,18.2,85.8,2.24,68.3,0.0,2023-02-14 18:00:00
2023-02-14,19:00,0.0,17.3,85.5,5.54,45.9,0.0,2023-02-14 19:00:00
2023-02-14,20:00,0.0,13.8,90.0,2.82,30.0,0.0,2023-02-14 20:00:00
2023-02-14,21:00,0.0,12.5,84.6,3.83,46.9,0.0,2023-02-14 21:00:00
2023-02-14,22:00,0.0,11.8,96.2,2.54,75.9,0.0,2023-02-14 22:00:00
2023-02-14,23:00,0.0,8.8,98.0,4.65,66.1,0.0,2023-02-14 23:00:00
2023-02-15,00:00,0.0,9.9,97.3,7.81,48.3,0.0,2023-02-15 00:00:00
2023-02-15,01:00,0.0,8.7,98.0,5.34,48.3,0.0,2023-02-15 01:00:00
2023-02-15,02:00,0.0,8.3,98.0,4.23,48.8,0.0,2023-02-15 02:00:00
2023-02-15,03:00,0.0,10.0,98.0,3.98,84.7,0.0,2023-02-15 03:00:00
2023-02-15,04:00,0.0,6.7,98.0,3.62,59.3,0.0,2023-02-15 04:00:00
2023-02-15,05:00,0.0,10.5,93.7,2.32,60.0,0.0,2023-02-15 05:00:00
2023-02-15,06:00,0.0,16.4,93.2,2.99,69.0,0.0,2023-02-15 06:00:00
2023-02-15,07:00,95.88,11.7,95.5,3.24,57.2,4.07,2023-02-15 07:00:00
2023-02-15,08:00,276.8,17.5,92.0,6.96,49.7,11.3,2023-02-15 08:00:00
2023-02-15,09:00,442.13,16.8,88.2,3.33,50.6,18.42,2023-02-15 09:00:00
2023-02-15,10:00,541.54,17.1,84.8,4.07,52.5,22.56,2023-02-15 10:00:00
2023-02-15,11:00,616.16,17.0,91.2,6.58,53.0,25.68,2023-02-15 11:00:00
2023-02-15,12:00,569.01,20.6,87.5,3.75,64.5,22.98,2023-02-15 12:00:00
2023-02-15,13:00,604.34,23.6,74.9,2.55,54.4,23.33,2023-02-15 13:00:00
2023-02-15,14:00,472.13,20.5,84.0,3.13,64.6,18.97,2023-02-15 14:00:00
2023-02-15,15:00,434.6,20.8,80.6,3.11,52.4,18.14,2023-02-15 15:00:00
2023-02-15,16:00,263.61,22.2,85.3,4.76,54.8,11.93,2023-02-15 16:00:00
2023-02-15,17:00,113.37,20.0,76.7,2.75,23.6,4.9,2023-02-15 17:00:00
2023-02-15,18:00,0.0,15.4,96.6,4.85,67.3,0.0,2023-02-15 18:00:00
2023-02-15,19:00,0.0,16.9,87.4,6.14,58.8,0.0,2023-02-15 19:00:00
2023-02-15,20:00,0.0,17.9,91.6,2.93,68.5,0.0,2023-02-15 20:00:00
2023-02-15,21:00,0.0,13.6,87.3,1.95,10.1,0.0,2023-02-15 21:00:00
2023-02-15,22:00,0.0,7.2,98.0,4.33,84.9,0.0,2023-02-15 22:00:00
2023-02-15,23:00,0.0,11.6,95.9,3.04,51.5,0.0,2023-02-15 23:00:00
2023-02-16,00:00,0.0,9.7,97.6,3.82,70.4,0.0,2023-02-16 00:00:00
2023-02-16,01:00,0.0,6.2,97.2,4.31,38.2,0.0,2023-02-16 01:00:00
2023-02-16,02:00,0.0,6.3,98.0,3.25,63.0,0.0,2023-02-16 02:00:00
2023-02-16,03:00,0.0,11.2,88.5,6.61,38.0,0.0,2023-02-16 03:00:00
2023-02-16,04:00,0.0,8.8,98.0,3.21,44.4,0.0,2023-02-16 04:00:00
2023-02-16,05:00,0.0,9.4,98.0,2.8,82.5,0.0,2023-02-16 05:00:00
2023-02-16,06:00,0.0,12.2,97.6,6.1,50.9,0.0,2023-02-16 06:00:00
2023-02-16,07:00,86.6,12.6,96.1,1.95,57.1,4.13,2023-02-16 07:00:00
2023-02-16,08:00,233.19,15.5,93.6,1.88,66.8,9.57,2023-02-16 08:00:00
2023-02-16,09:00,404.83,16.5,96.5,6.79,61.2,17.81,2023-02-16 09:00:00
2023-02-16,10:00,533.51,16.1,80.8,2.34,56.0,22.62,2023-02-16 10:00:00
2023-02-16,11:00,581.21,18.6,86.1,2.02,59.3,23.21,2023-02-16 11:00:00
2023-02-16,12:00,338.3,21.3,86.2,3.83,89.8,14.1,2023-02-16 12:00:00
2023-02-16,13:00,610.33,21.1,73.7,1.33,52.9,24.64,2023-02-16 13:00:00
2023-02-16,14:00,517.84,22.85,77.8,4.24,56.8,21.51,2023-02-16 14:00:00
2023-02-16,15:00,363.81,24.6,80.6,3.45,69.5,14.97,2023-02-16 15:00:00
2023-02-16,16:00,223.47,21.8,82.0,4.34,70.4,9.81,2023-02-16 16:00:00
2023-02-16,17:00,77.04,21.1,89.8,2.7,71.6,3.31,2023-02-16 17:00:00
2023-02-16,18:00,0.0,18.0,88.0,6.34,63.4,0.0,2023-02-16 18:00:00
2023-02-16,19:00,0.0,17.2,82.1,2.63,36.6,0.0,2023-02-16 19:00:00
2023-02-16,20:00,0.0,14.5,96.5,4.33,78.3,0.0,2023-02-16 20:00:00
2023-02-16,21:00,0.0,15.1,86.1,6.97,36.6,0.0,2023-02-16 21:00:00
2023-02-16,22:00,0.0,12.1,94.8,3.22,58.3,0.0,2023-02-16 22:00:00
2023-02-16,23:00,0.0,11.4,90.1,2.09,42.5,0.0,2023-02-16 23:00:00
2023-02-17,00:00,0.0,10.5,98.0,1.51,53.0,0.0,2023-02-17 00:00:00
2023-02-17,01:00,0.0,9.5,98.0,7.4,58.9,0.0,2023-02-17 01:00:00
2023-02-17,02:00,0.0,14.7,91.1,5.06,58.8,0.0,2023-02-17 02:00:00
2023-02-17,03:00,0.0,8.4,98.0,6.52,60.3,0.0,2023-02-17 03:00:00
2023-02-17,04:00,0.0,9.0,98.0,4.66,78.2,0.0,2023-02-17 04:00:00
2023-02-17,05:00,0.0,12.4,93.0,2.96,60.8,0.0,2023-02-17 05:00:00
2023-02-17,06:00,0.0,11.3,98.0,1.88,50.3,0.0,2023-02-17 06:00:00
2023-02-17,07:00,79.06,13.3,98.0,6.69,68.4,3.05,2023-02-17 07:00:00
2023-02-17,08:00,216.31,13.4,98.0,3.62,71.8,9.89,2023-02-17 08:00:00
2023-02-17,09:00,488.84,17.8,80.5,3.2,35.6,21.04,2023-02-17 09:00:00
2023-02-17,10:00,505.66,19.3,85.2,4.03,62.9,20.94,2023-02-17 10:00:00
2023-02-17,11:00,554.77,19.0,86.8,1.78,64.5,22.66,2023-02-17 11:00:00
2023-02-17,12:00,677.15,21.8,74.8,2.81,49.5,27.41,2023-02-17 12:00:00
2023-02-17,13:00,467.39,17.8,91.8,4.33,74.6,19.68,2023-02-17 13:00:00
2023-02-17,14:00,547.99,20.1,86.4,1.73,51.7,21.4,2023-02-17 14:00:00
2023-02-17,15:00,420.86,20.9,86.1,1.95,55.9,17.82,2023-02-17 15:00:00
2023-02-17,16:00,292.69,18.5,83.6,3.71,51.4,11.94,2023-02-17 16:00:00
2023-02-17,17:00,91.75,16.5,93.1,4.26,54.2,4.04,2023-02-17 17:00:00
2023-02-17,18:00,0.0,17.8,90.3,2.23,37.5,0.0,2023-02-17 18:00:00
2023-02-17,19:00,0.0,18.2,79.5,1.2,32.4,0.0,2023-02-17 19:00:00
2023-02-17,20:00,0.0,17.7,95.7,7.28,77.9,0.0,2023-02-17 20:00:00
2023-02-17,21:00,0.0,12.8,82.1,1.13,41.3,0.0,2023-02-17 21:00:00
2023-02-17,22:00,0.0,13.7,84.2,0.67,39.1,0.0,2023-02-17 22:00:00
2023-02-17,23:00,0.0,12.3,87.3,2.87,21.7,0.0,2023-02-17 23:00:00
2023-02-18,00:00,0.0,12.5,88.4,2.41,44.6,0.0,2023-02-18 00:00:00
2023-02-18,01:00,0.0,9.0,98.0,4.01,34.3,0.0,2023-02-18 01:00:00
2023-02-18,02:00,0.0,6.2,98.0,6.2,78.8,0.0,2023-02-18 02:00:00
2023-02-18,03:00,0.0,9.8,98.0,3.58,69.3,0.0,2023-02-18 03:00:00
2023-02-18,04:00,0.0,8.4,98.0,5.13,43.8,0.0,2023-02-18 04:00:00
2023-02-18,05:00,0.0,9.9,98.0,6.39,87.9,0.0,2023-02-18 05:00:00
2023-02-18,06:00,0.0,11.9,97.3,2.24,68.9,0.0,2023-02-18 06:00:00
2023-02-18,07:00,109.92,13.3,93.4,3.61,49.3,3.86,2023-02-18 07:00:00
2023-02-18,08:00,334.85,15.7,78.1,4.35,16.7,14.49,2023-02-18 08:00:00
2023-02-18,09:00,230.26,18.3,97.4,2.91,88.5,8.94,2023-02-18 09:00:00
2023-02-18,10:00,620.56,17.8,84.5,4.91,33.3,25.45,2023-02-18 10:00:00
2023-02-18,11:00,739.29,20.4,76.8,4.7,29.5,29.29,2023-02-18 11:00:00
2023-02-18,12:00,531.62,20.7,79.0,3.31,69.5,21.41,2023-02-18 12:00:00
2023-02-18,13:00,299.36,22.9,95.2,1.65,90.8,12.82,2023-02-18 13:00:00
2023-02-18,14:00,402.91,21.1,86.2,0.91,74.9,16.41,2023-02-18 14:00:00
2023-02-18,15:00,390.4,21.1,94.8,3.08,62.6,16.24,2023-02-18 15:00:00
2023-02-18,16:00,258.9,20.0,88.4,1.61,63.1,10.61,2023-02-18 16:00:00
2023-02-18,17:00,93.8,19.4,86.8,5.19,67.0,4.13,2023-02-18 17:00:00
2023-02-18,18:00,0.0,17.1,92.5,2.92,65.5,0.0,2023-02-18 18:00:00
2023-02-18,19:00,0.0,15.4,83.4,4.48,58.4,0.0,2023-02-18 19:00:00
2023-02-18,20:00,0.0,16.9,92.7,2.98,55.7,0.0,2023-02-18 20:00:00
2023-02-18,21:00,0.0,12.0,98.0,5.29,53.2,0.0,2023-02-18 21:00:00
2023-02-18,22:00,0.0,11.9,84.5,6.13,42.9,0.0,2023-02-18 22:00:00
2023-02-18,23:00,0.0,13.0,91.8,5.62,50.0,0.0,2023-02-18 23:00:00
2023-02-19,00:00,0.0,9.7,92.3,3.59,28.9,0.0,2023-02-19 00:00:00
2023-02-19,01:00,0.0,11.3,98.0,1.63,52.8,0.0,2023-02-19 01:00:00
2023-02-19,02:00,0.0,8.5,98.0,3.09,39.5,0.0,2023-02-19 02:00:00
2023-02-19,03:00,0.0,7.9,98.0,3.32,37.8,0.0,2023-02-19 03:00:00
2023-02-19,04:00,0.0,7.5,98.0,7.32,57.0,0.0,2023-02-19 04:00:00
2023-02-19,05:00,0.0,13.7,98.0,3.97,75.2,0.0,2023-02-19 05:00:00
2023-02-19,06:00,0.0,10.5,98.0,4.35,68.1,0.0,2023-02-19 06:00:00
2023-02-19,07:00,140.08,15.4,85.9,5.19,30.8,6.64,2023-02-19 07:00:00
2023-02-19,08:00,315.97,13.8,94.1,3.98,39.5,14.03,2023-02-19 08:00:00
2023-02-19,10:00,598.16,22.5,79.4,2.52,39.6,23.4,2023-02-19 10:00:00
2023-02-19,11:00,637.61,16.8,82.85,1.44,51.0,26.34,2023-02-19 11:00:00
2023-02-19,12:00,588.3,18.8,86.3,4.8,62.6,24.59,2023-02-19 12:00:00
2023-02-19,13:00,708.18,22.8,73.2,5.72,39.8,28.54,2023-02-19 13:00:00
2023-02-19,14:00,547.95,22.5,80.6,3.27,55.9,22.09,2023-02-19 14:00:00
2023-02-19,15:00,502.86,22.8,73.1,3.89,34.3,19.94,2023-02-19 15:00:00
2023-02-19,16:00,298.33,19.7,86.3,2.8,45.3,13.24,2023-02-19 16:00:00
2023-02-19,17:00,93.84,23.4,76.2,3.44,59.1,3.83,2023-02-19 17:00:00
2023-02-19,18:00,0.0,18.8,72.5,2.34,30.4,0.0,2023-02-19 18:00:00
2023-02-19,19:00,0.0,14.9,87.5,5.04,60.9,0.0,2023-02-19 19:00:00
2023-02-19,20:00,0.0,15.1,94.8,3.63,54.0,0.0,2023-02-19 20:00:00
2023-02-19,21:00,0.0,11.8,94.1,3.88,62.6,0.0,2023-02-19 21:00:00
2023-02-19,22:00,0.0,15.4,92.9,1.24,57.7,0.0,2023-02-19 22:00:00
2023-02-19,23:00,0.0,10.1,98.0,4.25,74.8,0.0,2023-02-19 23:00:00
2023-02-20,00:00,0.0,11.4,98.0,2.31,56.3,0.0,2023-02-20 00:00:00
2023-02-20,01:00,0.0,9.0,97.6,3.14,48.0,0.0,2023-02-20 01:00:00
2023-02-20,02:00,0.0,8.6,98.0,3.27,56.3,0.0,2023-02-20 02:00:00
2023-02-20,03:00,0.0,6.4,98.0,3.43,62.6,0.0,2023-02-20 03:00:00
2023-02-20,04:00,0.0,11.5,95.3,2.43,55.2,0.0,2023-02-20 04:00:00
2023-02-20,05:00,0.0,13.8,91.3,5.73,55.1,0.0,2023-02-20 05:00:00
2023-02-20,06:00,0.0,11.0,98.0,3.34,43.9,0.0,2023-02-20 06:00:00
2023-02-20,07:00,118.83,11.3,89.9,4.2,44.5,5.47,2023-02-20 07:00:00
2023-02-20,08:00,331.77,17.1,82.5,4.21,33.4,14.08,2023-02-20 08:00:00
2023-02-20,09:00,283.14,14.3,98.0,4.17,80.7,10.84,2023-02-20 09:00:00
2023-02-20,10:00,626.45,20.9,77.6,3.94,35.8,24.57,2023-02-20 10:00:00
2023-02-20,11:00,687.68,18.3,76.6,5.5,44.1,27.83,2023-02-20 11:00:00
2023-02-20,12:00,717.86,18.9,84.6,5.42,43.7,29.3,2023-02-20 12:00:00
2023-02-20,13:00,534.14,21.9,80.2,3.29,67.9,21.37,2023-02-20 13:00:00
2023-02-20,14:00,587.27,19.8,88.6,4.32,50.0,24.27,2023-02-20 14:00:00
2023-02-20,15:00,333.91,20.2,82.2,1.75,73.2,13.42,2023-02-20 15:00:00
2023-02-20,16:00,324.0,21.5,79.1,1.67,44.4,13.64,2023-02-20 16:00:00
2023-02-20,17:00,97.35,15.5,82.5,3.57,58.7,4.41,2023-02-20 17:00:00
2023-02-20,18:00,0.0,21.6,69.5,6.27,41.9,0.0,2023-02-20 18:00:00
2023-02-20,19:00,0.0,17.3,92.4,4.39,86.6,0.0,2023-02-20 19:00:00
2023-02-20,20:00,0.0,13.3,86.4,4.5,36.7,0.0,2023-02-20 20:00:00
2023-02-20,21:00,0.0,12.3,98.0,2.07,59.1,0.0,2023-02-20 21:00:00
2023-02-20,22:00,0.0,14.5,94.1,3.45,64.0,0.0,2023-02-20 22:00:00
2023-02-20,23:00,0.0,12.5,98.0,3.22,60.7,0.0,2023-02-20 23:00:00
2023-02-21,00:00,0.0,13.1,91.8,5.2,51.8,0.0,2023-02-21 00:00:00
2023-02-21,01:00,0.0,8.8,98.0,1.96,52.6,0.0,2023-02-21 01:00:00
2023-02-21,02:00,0.0,10.3,95.5,3.84,55.3,0.0,2023-02-21 02:00:00
2023-02-21,03:00,0.0,10.7,93.9,6.42,52.4,0.0,2023-02-21 03:00:00
2023-02-21,04:00,0.0,11.8,92.3,6.17,69.1,0.0,2023-02-21 04:00:00
2023-02-21,05:00,0.0,13.6,98.0,5.76,87.8,0.0,2023-02-21 05:00:00
2023-02-21,06:00,0.0,11.5,95.4,3.11,46.2,0.0,2023-02-21 06:00:00
2023-02-21,07:00,131.15,14.0,90.6,6.89,34.0,6.91,2023-02-21 07:00:00
2023-02-21,08:00,296.69,14.7,92.1,5.36,53.3,12.75,2023-02-21 08:00:00
2023-02-21,09:00,182.89,17.2,98.0,5.74,93.3,8.11,2023-02-21 09:00:00
2023-02-21,10:00,621.99,20.0,81.3,6.74,42.5,25.53,2023-02-21 10:00:00
2023-02-21,11:00,441.66,17.0,98.0,6.82,79.2,18.46,2023-02-21 11:00:00
2023-02-21,12:00,426.45,23.0,84.1,2.49,79.8,17.33,2023-02-21 12:00:00
2023-02-21,13:00,668.96,19.5,78.7,1.9,46.3,27.53,2023-02-21 13:00:00
2023-02-21,14:00,506.97,21.2,86.9,4.62,63.1,20.51,2023-02-21 14:00:00
2023-02-21,15:00,307.78,23.8,83.7,3.96,79.0,12.98,2023-02-21 15:00:00
2023-02-21,16:00,297.5,21.6,83.2,2.89,48.9,12.86,2023-02-21 16:00:00
2023-02-21,17:00,112.62,20.6,83.4,4.58,51.5,4.79,2023-02-21 17:00:00
2023-02-21,18:00,0.0,16.6,83.4,1.46,45.9,0.0,2023-02-21 18:00:00
2023-02-21,19:00,0.0,15.4,91.0,1.34,39.4,0.0,2023-02-21 19:00:00
2023-02-21,20:00,0.0,17.5,81.5,3.01,44.9,0.0,2023-02-21 20:00:00
2023-02-21,21:00,0.0,13.2,91.8,2.26,36.2,0.0,2023-02-21 21:00:00
2023-02-21,22:00,0.0,11.9,98.0,4.78,55.1,0.0,2023-02-21 22:00:00
2023-02-21,23:00,0.0,13.3,89.3,7.03,43.0,0.0,2023-02-21 23:00:00
2023-02-22,00:00,0.0,8.8,98.0,4.46,58.2,0.0,2023-02-22 00:00:00
2023-02-22,01:00,0.0,10.6,93.5,4.42,31.4,0.0,2023-02-22 01:00:00
2023-02-22,02:00,0.0,10.0,98.0,0.81,59.7,0.0,2023-02-22 02:00:00
2023-02-22,03:00,0.0,10.1,98.0,3.72,67.2,0.0,2023-02-22 03:00:00
2023-02-22,04:00,0.0,9.8,92.4,5.45,24.8,0.0,2023-02-22 04:00:00
2023-02-22,05:00,0.0,10.6,93.5,4.42,60.3,0.0,2023-02-22 05:00:00
2023-02-22,06:00,0.0,10.9,98.0,2.43,73.1,0.0,2023-02-22 06:00:00
2023-02-22,07:00,131.32,15.2,78.3,5.72,36.6,5.82,2023-02-22 07:00:00
2023-02-22,08:00,188.31,14.7,96.5,7.44,79.8,8.66,2023-02-22 08:00:00
2023-02-22,09:00,415.28,19.2,82.7,2.67,61.0,17.34,2023-02-22 09:00:00
2023-02-22,10:00,603.54,18.5,86.0,2.33,44.1,25.03,2023-02-22 10:00:00
2023-02-22,11:00,649.57,18.2,93.9,2.94,53.9,25.57,2023-02-22 11:00:00
2023-02-22,12:00,607.35,20.7,87.3,1.47,63.1,24.23,2023-02-22 12:00:00
2023-02-22,13:00,627.57,20.9,94.5,5.96,55.8,25.22,2023-02-22 13:00:00
2023-02-22,14:00,519.04,23.7,74.6,6.69,62.8,20.91,2023-02-22 14:00:00
2023-02-22,15:00,493.57,21.0,73.5,4.31,40.9,20.51,2023-02-22 15:00:00
2023-02-22,16:00,288.75,20.6,79.8,5.07,57.2,12.47,2023-02-22 16:00:00
2023-02-22,17:00,144.85,22.7,74.8,4.49,33.5,6.17,2023-02-22 17:00:00
2023-02-22,18:00,0.0,19.8,79.5,3.12,53.0,0.0,2023-02-22 18:00:00
2023-02-22,19:00,0.0,20.4,76.7,4.3,41.1,0.0,2023-02-22 19:00:00
2023-02-22,20:00,0.0,18.2,86.1,5.61,43.7,0.0,2023-02-22 20:00:00
2023-02-22,21:00,0.0,12.7,94.3,5.4,73.2,0.0,2023-02-22 21:00:00
2023-02-22,22:00,0.0,14.7,91.2,1.6,71.1,0.0,2023-02-22 22:00:00
2023-02-22,23:00,0.0,14.4,92.8,3.49,63.8,0.0,2023-02-22 23:00:00
2023-02-23,00:00,0.0,13.6,88.0,3.2,38.4,0.0,2023-02-23 00:00:00
2023-02-23,01:00,0.0,12.0,98.0,4.99,50.1,0.0,2023-02-23 01:00:00
2023-02-23,02:00,0.0,11.7,97.1,3.67,73.0,0.0,2023-02-23 02:00:00
2023-02-23,03:00,0.0,9.7,96.8,2.99,56.9,0.0,2023-02-23 03:00:00
2023-02-23,04:00,0.0,9.3,98.0,4.71,89.6,0.0,2023-02-23 04:00:00
2023-02-23,05:00,0.0,11.1,98.0,3.54,60.7,0.0,2023-02-23 05:00:00
2023-02-23,06:00,0.0,10.0,98.0,2.57,57.7,0.0,2023-02-23 06:00:00
2023-02-23,07:00,137.88,16.9,89.1,6.15,50.2,6.01,2023-02-23 07:00:00
2023-02-23,08:00,287.77,15.5,91.5,1.82,56.8,12.74,2023-02-23 08:00:00
2023-02-23,09:00,452.05,19.9,85.6,1.01,52.5,19.09,2023-02-23 09:00:00
2023-02-23,10:00,491.15,16.8,90.1,2.0,65.4,20.55,2023-02-23 10:00:00
2023-02-23,11:00,528.19,22.2,82.9,2.11,69.2,22.22,2023-02-23 11:00:00
2023-02-23,12:00,718.7,20.3,73.2,3.84,43.0,29.15,2023-02-23 12:00:00
2023-02-23,13:00,733.26,19.5,83.0,4.26,34.8,29.14,2023-02-23 13:00:00
2023-02-23,14:00,673.04,24.9,70.3,3.43,27.3,26.63,2023-02-23 14:00:00
2023-02-23,15:00,408.81,23.8,83.0,2.32,62.4,17.1,2023-02-23 15:00:00
2023-02-23,16:00,336.38,21.6,65.9,1.93,38.2,14.8,2023-02-23 16:00:00
2023-02-23,17:00,145.35,20.3,75.0,3.63,22.5,6.52,2023-02-23 17:00:00
2023-02-23,18:00,0.0,19.8,82.0,3.97,60.6,0.0,2023-02-23 18:00:00
2023-02-23,19:00,0.0,17.9,98.0,2.79,92.2,0.0,2023-02-23 19:00:00
2023-02-23,20:00,0.0,14.6,94.2,2.4,54.7,0.0,2023-02-23 20:00:00
2023-02-23,21:00,0.0,13.7,97.2,1.6,67.4,0.0,2023-02-23 21:00:00
2023-02-23,22:00,0.0,16.5,87.5,1.12,56.0,0.0,2023-02-23 22:00:00
2023-02-23,23:00,0.0,16.6,90.0,1.77,53.3,0.0,2023-02-23 23:00:00
2023-02-24,00:00,0.0,13.7,92.9,4.92,68.7,0.0,2023-02-24 00:00:00
2023-02-24,01:00,0.0,11.2,95.4,2.97,50.5,0.0,2023-02-24 01:00:00
2023-02-24,02:00,0.0,9.5,98.0,1.13,58.9,0.0,2023-02-24 02:00:00
2023-02-24,03:00,0.0,8.9,98.0,3.7,59.7,0.0,2023-02-24 03:00:00
2023-02-24,04:00,0.0,9.6,98.0,3.83,44.9,0.0,2023-02-24 04:00:00
2023-02-24,05:00,0.0,10.9,98.0,3.34,69.8,0.0,2023-02-24 05:00:00
2023-02-24,06:00,0.0,17.0,81.6,1.8,52.3,0.0,2023-02-24 06:00:00
2023-02-24,07:00,145.61,17.8,87.6,5.01,43.5,6.31,2023-02-24 07:00:00
2023-02-24,08:00,258.52,17.5,90.2,4.61,62.9,10.61,2023-02-24 08:00:00
2023-02-24,09:00,497.85,15.9,91.4,3.19,41.4,20.76,2023-02-24 09:00:00
2023-02-24,10:00,557.95,20.7,84.1,3.13,55.3,22.95,2023-02-24 10:00:00
2023-02-24,11:00,639.81,19.9,83.8,2.06,54.7,25.2,2023-02-24 11:00:00
2023-02-24,12:00,534.46,17.4,92.6,5.0,71.2,22.63,2023-02-24 12:00:00
2023-02-24,13:00,583.64,22.4,74.7,4.14,62.0,23.46,2023-02-24 13:00:00
2023-02-24,14:00,561.15,20.6,79.7,1.64,54.5,22.9,2023-02-24 14:00:00
2023-02-24,15:00,375.16,20.5,87.5,3.12,67.1,14.78,2023-02-24 15:00:00
2023-02-24,16:00,227.04,20.9,92.1,6.31,75.7,9.8,2023-02-24 16:00:00
2023-02-24,17:00,112.14,19.5,84.4,3.45,63.2,4.45,2023-02-24 17:00:00
2023-02-24,18:00,0.0,19.1,84.9,2.88,55.0,0.0,2023-02-24 18:00:00
2023-02-24,19:00,0.0,17.5,76.1,4.36,35.2,0.0,2023-02-24 19:00:00
2023-02-24,20:00,0.0,12.7,96.5,2.31,38.9,0.0,2023-02-24 20:00:00
2023-02-24,21:00,0.0,17.3,91.1,3.77,50.3,0.0,2023-02-24 21:00:00
2023-02-24,22:00,0.0,11.3,97.1,4.5,45.7,0.0,2023-02-24 22:00:00
2023-02-24,23:00,0.0,10.2,98.0,5.78,52.1,0.0,2023-02-24 23:00:00
2023-02-25,00:00,0.0,10.4,98.0,4.63,55.8,0.0,2023-02-25 00:00:00
2023-02-25,01:00,0.0,10.2,97.2,3.15,62.9,0.0,2023-02-25 01:00:00
2023-02-25,02:00,0.0,12.9,90.5,5.09,53.9,0.0,2023-02-25 02:00:00
2023-02-25,03:00,0.0,10.9,98.0,6.25,62.2,0.0,2023-02-25 03:00:00
2023-02-25,04:00,0.0,12.1,98.0,3.56,55.9,0.0,2023-02-25 04:00:00
2023-02-25,05:00,0.0,12.5,82.8,0.76,25.3,0.0,2023-02-25 05:00:00
2023-02-25,06:00,0.0,13.6,87.7,6.04,40.8,0.0,2023-02-25 06:00:00
2023-02-25,07:00,113.58,15.2,97.1,2.12,52.8,4.32,2023-02-25 07:00:00
2023-02-25,08:00,348.21,12.8,91.6,1.9,36.8,14.66,2023-02-25 08:00:00
2023-02-25,09:00,416.7,17.3,93.2,2.8,63.9,17.14,2023-02-25 09:00:00
2023-02-25,10:00,397.7,21.3,82.9,3.13,77.9,16.4,2023-02-25 10:00:00
2023-02-25,11:00,487.91,27.6,79.5,5.32,73.2,20.07,2023-02-25 11:00:00
2023-02-25,12:00,664.2,19.3,78.3,3.17,51.7,27.05,2023-02-25 12:00:00
2023-02-25,13:00,450.96,22.8,77.2,1.35,77.3,18.36,2023-02-25 13:00:00
2023-02-25,14:00,551.51,21.2,85.4,4.32,57.2,22.5,2023-02-25 14:00:00
2023-02-25,15:00,483.77,25.7,79.7,4.51,49.9,19.41,2023-02-25 15:00:00
2023-02-25,16:00,328.39,19.0,81.9,5.43,45.7,14.24,2023-02-25 16:00:00
2023-02-25,17:00,129.78,21.6,78.0,3.21,50.4,5.92,2023-02-25 17:00:00
2023-02-25,18:00,0.0,16.7,94.1,1.64,49.1,0.0,2023-02-25 18:00:00
2023-02-25,19:00,0.0,17.2,87.8,3.91,57.5,0.0,2023-02-25 19:00:00
2023-02-25,20:00,0.0,16.2,89.8,1.86,57.3,0.0,2023-02-25 20:00:00
2023-02-25,21:00,0.0,16.6,95.6,1.0,55.0,0.0,2023-02-25 21:00:00
2023-02-25,22:00,0.0,11.3,97.0,5.17,61.5,0.0,2023-02-25 22:00:00
2023-02-25,23:00,0.0,13.2,95.8,3.23,72.8,0.0,2023-02-25 23:00:00
2023-02-26,00:00,0.0,11.2,98.0,3.78,69.2,0.0,2023-02-26 00:00:00
2023-02-26,01:00,0.0,11.0,88.8,4.46,32.7,0.0,2023-02-26 01:00:00
2023-02-26,02:00,0.0,12.1,85.4,3.22,16.7,0.0,2023-02-26 02:00:00
2023-02-26,03:00,0.0,8.2,98.0,1.37,69.0,0.0,2023-02-26 03:00:00
2023-02-26,04:00,0.0,12.6,90.5,2.55,34.5,0.0,2023-02-26 04:00:00
2023-02-26,05:00,0.0,11.1,96.5,2.27,51.6,0.0,2023-02-26 05:00:00
2023-02-26,06:00,0.0,15.3,90.3,7.9,37.4,0.0,2023-02-26 06:00:00
2023-02-26,07:00,163.91,15.4,87.3,4.91,27.9,7.13,2023-02-26 07:00:00
2023-02-26,08:00,268.73,16.0,94.0,3.45,63.1,12.01,2023-02-26 08:00:00
2023-02-26,09:00,394.56,16.8,93.0,1.47,66.4,16.75,2023-02-26 09:00:00
2023-02-26,10:00,611.01,20.8,80.1,1.83,46.3,24.93,2023-02-26 10:00:00
2023-02-26,11:00,792.95,22.9,72.1,5.42,16.1,30.81,2023-02-26 11:00:00
2023-02-26,12:00,719.95,20.6,76.3,6.98,46.8,29.03,2023-02-26 12:00:00
2023-02-26,13:00,604.42,20.1,75.7,1.18,60.8,24.59,2023-02-26 13:00:00
2023-02-26,14:00,659.51,23.6,77.4,6.4,32.8,26.05,2023-02-26 14:00:00
2023-02-26,15:00,430.36,19.5,87.9,3.13,57.7,18.33,2023-02-26 15:00:00
2023-02-26,16:00,321.64,19.2,84.4,2.36,54.7,12.83,2023-02-26 16:00:00
2023-02-26,17:00,108.86,18.7,92.2,1.75,63.7,4.82,2023-02-26 17:00:00
2023-02-26,18:00,0.0,18.6,83.4,5.12,56.8,0.0,2023-02-26 18:00:00
2023-02-26,19:00,0.0,15.5,84.0,3.52,40.4,0.0,2023-02-26 19:00:00
2023-02-26,20:00,0.0,12.9,95.5,5.58,72.9,0.0,2023-02-26 20:00:00
2023-02-26,21:00,0.0,12.8,96.2,2.42,52.6,0.0,2023-02-26 21:00:00
2023-02-26,22:00,0.0,14.5,85.6,4.55,54.6,0.0,2023-02-26 22:00:00
2023-02-26,23:00,0.0,9.8,92.5,1.85,41.0,0.0,2023-02-26 23:00:00
2023-02-27,00:00,0.0,10.7,97.2,1.67,48.3,0.0,2023-02-27 00:00:00
2023-02-27,01:00,0.0,14.2,84.3,1.94,41.7,0.0,2023-02-27 01:00:00
2023-02-27,02:00,0.0,10.4,94.9,5.39,52.4,0.0,2023-02-27 02:00:00
2023-02-27,03:00,0.0,11.3,94.4,4.42,80.7,0.0,2023-02-27 03:00:00
2023-02-27,04:00,0.0,9.6,96.6,2.12,34.4,0.0,2023-02-27 04:00:00
2023-02-27,05:00,0.0,16.1,80.8,3.15,30.8,0.0,2023-02-27 05:00:00
2023-02-27,06:00,0.0,12.5,96.1,5.06,77.1,0.0,2023-02-27 06:00:00
2023-02-27,07:00,127.47,14.5,86.0,2.7,51.9,5.13,2023-02-27 07:00:00
2023-02-27,08:00,321.62,18.8,81.4,6.56,45.0,13.49,2023-02-27 08:00:00
2023-02-27,09:00,356.57,17.7,84.8,6.46,70.6,15.01,2023-02-27 09:00:00
2023-02-27,10:00,626.77,19.6,89.8,3.91,45.9,25.97,2023-02-27 10:00:00
2023-02-27,11:00,401.39,20.2,80.8,4.3,82.4,16.57,2023-02-27 11:00:00
2023-02-27,12:00,591.66,21.2,82.7,4.41,65.2,23.97,2023-02-27 12:00:00
2023-02-27,13:00,694.29,22.9,78.0,2.58,47.7,27.3,2023-02-27 13:00:00
2023-02-27,14:00,311.98,23.5,83.5,3.06,87.4,12.59,2023-02-27 14:00:00
2023-02-27,15:00,486.22,21.1,80.7,1.95,45.9,19.52,2023-02-27 15:00:00
2023-02-27,16:00,267.29,20.3,82.9,6.61,66.1,11.52,2023-02-27 16:00:00
2023-02-27,17:00,130.28,19.6,91.6,4.81,59.5,5.64,2023-02-27 17:00:00
2023-02-27,18:00,0.0,17.0,88.7,1.33,74.5,0.0,2023-02-27 18:00:00
2023-02-27,19:00,0.0,15.2,87.4,3.89,78.4,0.0,2023-02-27 19:00:00
2023-02-27,20:00,0.0,17.0,83.2,2.96,55.5,0.0,2023-02-27 20:00:00
2023-02-27,21:00,0.0,16.6,87.6,5.44,43.7,0.0,2023-02-27 21:00:00
2023-02-27,22:00,0.0,15.0,92.5,2.97,61.9,0.0,2023-02-27 22:00:00
2023-02-27,23:00,0.0,7.9,98.0,4.36,44.8,0.0,2023-02-27 23:00:00
2023-02-28,00:00,0.0,11.0,98.0,2.12,85.2,0.0,2023-02-28 00:00:00
2023-02-28,01:00,0.0,8.8,98.0,3.94,57.0,0.0,2023-02-28 01:00:00
2023-02-28,02:00,0.0,10.9,94.1,2.74,49.5,0.0,2023-02-28 02:00:00
2023-02-28,03:00,0.0,10.1,97.8,2.11,57.8,0.0,2023-02-28 03:00:00
2023-02-28,04:00,0.0,12.5,97.5,4.23,34.8,0.0,2023-02-28 04:00:00
2023-02-28,05:00,0.0,12.3,94.4,4.33,40.4,0.0,2023-02-28 05:00:00
2023-02-28,06:00,0.0,10.2,98.0,8.19,73.0,0.0,2023-02-28 06:00:00
2023-02-28,07:00,151.36,13.3,94.7,4.5,45.1,5.36,2023-02-28 07:00:00
2023-02-28,08:00,335.11,16.6,84.7,3.74,39.3,14.84,2023-02-28 08:00:00
2023-02-28,09:00,416.42,18.3,84.2,6.43,63.0,17.97,2023-02-28 09:00:00
2023-02-28,10:00,453.43,17.1,93.4,5.54,72.8,18.73,2023-02-28 10:00:00
2023-02-28,11:00,568.09,18.1,89.1,3.89,65.8,24.03,2023-02-28 11:00:00
2023-02-28,12:00,534.72,21.9,84.3,3.72,69.9,22.59,2023-02-28 12:00:00
2023-02-28,13:00,716.8,19.9,80.2,6.91,43.6,28.76,2023-02-28 13:00:00
2023-02-28,14:00,682.35,19.6,70.8,4.22,33.7,27.68,2023-02-28 14:00:00
2023-02-28,15:00,328.94,21.6,92.0,4.75,77.5,13.86,2023-02-28 15:00:00
2023-02-28,16:00,312.58,20.9,81.0,1.64,50.2,13.72,2023-02-28 16:00:00
2023-02-28,17:00,130.74,19.3,78.2,4.78,51.2,5.12,2023-02-28 17:00:00
2023-02-28,18:00,0.0,18.3,93.2,2.61,74.9,0.0,2023-02-28 18:00:00
2023-02-28,19:00,0.0,18.2,85.1,1.83,63.3,0.0,2023-02-28 19:00:00
2023-02-28,20:00,0.0,15.3,94.8,5.73,61.8,0.0,2023-02-28 20:00:00
2023-02-28,21:00,0.0,15.2,98.0,4.62,87.5,0.0,2023-02-28 21:00:00
2023-02-28,22:00,0.0,12.9,96.1,3.25,45.3,0.0,2023-02-28 22:00:00
2023-02-28,23:00,0.0,12.7,97.5,3.36,68.9,0.0,2023-02-28 23:00:00
2023-03-01,00:00,0.0,13.1,92.7,2.28,55.8,0.0,2023-03-01 00:00:00
2023-03-01,01:00,0.0,12.4,93.7,0.87,59.0,0.0,2023-03-01 01:00:00
2023-03-01,02:00,0.0,13.1,96.9,2.99,77.9,0.0,2023-03-01 02:00:00
2023-03-01,03:00,0.0,12.4,97.0,2.02,62.6,0.0,2023-03-01 03:00:00
2023-03-01,04:00,0.0,12.0,96.9,3.31,63.1,0.0,2023-03-01 04:00:00
2023-03-01,05:00,0.0,11.7,96.9,5.59,71.1,0.0,2023-03-01 05:00:00
2023-03-01,06:00,0.0,13.0,88.3,1.83,49.5,0.0,2023-03-01 06:00:00
2023-03-01,07:00,152.4,13.6,89.8,1.68,42.4,7.01,2023-03-01 07:00:00
2023-03-01,08:00,345.28,16.7,83.0,6.29,39.3,15.55,2023-03-01 08:00:00
2023-03-01,09:00,579.49,19.5,72.6,4.94,25.5,23.2,2023-03-01 09:00:00
2023-03-01,10:00,325.53,18.4,97.2,1.39,85.8,14.01,2023-03-01 10:00:00
2023-03-01,11:00,731.77,20.9,85.3,1.59,38.4,29.02,2023-03-01 11:00:00
2023-03-01,12:00,699.69,20.7,85.7,4.58,51.7,28.75,2023-03-01 12:00:00
2023-03-01,13:00,694.0,22.9,75.5,3.08,50.8,27.13,2023-03-01 13:00:00
2023-03-01,14:00,542.94,21.7,82.1,4.81,59.6,21.84,2023-03-01 14:00:00
2023-03-01,15:00,394.66,21.2,91.2,3.24,67.2,16.38,2023-03-01 15:00:00
2023-03-01,16:00,272.2,20.7,81.2,7.54,67.9,11.4,2023-03-01 16:00:00
2023-03-01,17:00,143.33,21.9,81.8,4.64,46.2,5.97,2023-03-01 17:00:00
2023-03-01,18:00,0.0,19.6,77.9,1.33,52.5,0.0,2023-03-01 18:00:00
2023-03-01,19:00,0.0,17.5,95.3,2.91,59.2,0.0,2023-03-01 19:00:00
2023-03-01,20:00,0.0,17.2,85.3,3.96,51.3,0.0,2023-03-01 20:00:00
2023-03-01,21:00,0.0,14.4,98.0,1.99,79.1,0.0,2023-03-01 21:00:00
2023-03-01,22:00,0.0,15.8,98.0,0.69,62.4,0.0,2023-03-01 22:00:00
2023-03-01,23:00,0.0,10.7,98.0,1.59,66.0,0.0,2023-03-01 23:00:00
2023-03-02,00:00,0.0,11.3,96.4,3.78,64.9,0.0,2023-03-02 00:00:00
2023-03-02,01:00,0.0,8.5,98.0,4.3,72.6,0.0,2023-03-02 01:00:00
2023-03-02,02:00,0.0,10.2,98.0,1.69,57.7,0.0,2023-03-02 02:00:00
2023-03-02,03:00,0.0,8.0,95.3,4.47,35.5,0.0,2023-03-02 03:00:00
2023-03-02,04:00,0.0,13.0,89.1,4.22,61.0,0.0,2023-03-02 04:00:00
2023-03-02,05:00,0.0,14.0,88.2,6.87,45.2,0.0,2023-03-02 05:00:00
2023-03-02,06:00,0.0,15.3,84.4,5.65,47.0,0.0,2023-03-02 06:00:00
2023-03-02,07:00,110.43,15.4,95.0,6.94,63.8,4.96,2023-03-02 07:00:00
2023-03-02,08:00,242.15,15.3,98.0,7.49,73.5,10.44,2023-03-02 08:00:00
2023-03-02,09:00,457.59,17.0,91.3,3.4,55.3,19.89,2023-03-02 09:00:00
2023-03-02,10:00,550.23,22.6,82.4,3.61,59.6,21.82,2023-03-02 10:00:00
2023-03-02,11:00,441.24,23.7,81.2,2.69,80.5,17.82,2023-03-02 11:00:00
2023-03-02,12:00,659.18,22.3,82.0,3.7,58.6,26.16,2023-03-02 12:00:00
2023-03-02,13:00,282.31,21.7,94.1,2.04,94.0,11.98,2023-03-02 13:00:00
2023-03-02,14:00,511.62,25.3,75.6,4.51,63.4,20.89,2023-03-02 14:00:00
2023-03-02,15:00,546.06,21.4,75.5,1.1,28.5,21.61,2023-03-02 15:00:00
2023-03-02,16:00,279.79,22.5,82.2,2.47,66.3,11.46,2023-03-02 16:00:00
2023-03-02,17:00,105.44,23.5,86.6,2.34,60.7,4.68,2023-03-02 17:00:00
2023-03-02,18:00,0.0,18.4,94.4,6.83,74.3,0.0,2023-03-02 18:00:00
2023-03-02,19:00,0.0,19.9,88.8,2.0,65.1,0.0,2023-03-02 19:00:00
2023-03-02,20:00,0.0,17.8,79.7,6.15,52.9,0.0,2023-03-02 20:00:00
2023-03-02,21:00,0.0,15.2,87.0,1.88,36.6,0.0,2023-03-02 21:00:00
2023-03-02,22:00,0.0,12.1,94.2,4.4,51.8,0.0,2023-03-02 22:00:00
2023-03-02,23:00,0.0,11.3,92.9,2.86,42.2,0.0,2023-03-02 23:00:00
2023-03-03,00:00,0.0,12.3,86.8,2.84,46.2,0.0,2023-03-03 00:00:00
2023-03-03,01:00,0.0,8.6,98.0,10.08,63.7,0.0,2023-03-03 01:00:00
2023-03-03,02:00,0.0,11.2,98.0,2.42,80.0,0.0,2023-03-03 02:00:00
2023-03-03,03:00,0.0,12.2,98.0,2.31,60.8,0.0,2023-03-03 03:00:00
2023-03-03,04:00,0.0,13.6,86.5,4.08,37.0,0.0,2023-03-03 04:00:00
2023-03-03,05:00,0.0,10.2,98.0,4.92,61.6,0.0,2023-03-03 05:00:00
2023-03-03,06:00,0.0,16.4,98.0,8.14,72.9,0.0,2023-03-03 06:00:00
2023-03-03,07:00,140.4,18.5,82.5,4.68,45.8,6.0,2023-03-03 07:00:00
2023-03-03,08:00,314.8,17.7,86.2,3.95,52.9,13.26,2023-03-03 08:00:00
2023-03-03,09:00,458.02,16.7,88.3,3.26,55.1,19.39,2023-03-03 09:00:00
2023-03-03,10:00,633.16,19.4,76.3,4.11,43.1,26.62,2023-03-03 10:00:00
2023-03-03,11:00,588.0,21.2,86.6,4.14,64.6,23.95,2023-03-03 11:00:00
2023-03-03,12:00,704.6,22.7,76.6,2.38,53.1,27.73,2023-03-03 12:00:00
2023-03-03,13:00,612.07,22.8,81.0,4.51,61.2,24.67,2023-03-03 13:00:00
2023-03-03,14:00,639.66,23.5,76.9,2.32,41.6,24.91,2023-03-03 14:00:00
2023-03-03,15:00,503.28,22.6,86.0,3.62,48.3,20.44,2023-03-03 15:00:00
2023-03-03,16:00,290.69,22.7,77.1,2.58,65.7,12.84,2023-03-03 16:00:00
2023-03-03,17:00,140.65,20.4,85.2,2.83,49.3,6.32,2023-03-03 17:00:00
2023-03-03,18:00,0.0,19.4,94.6,4.21,80.8,0.0,2023-03-03 18:00:00
2023-03-03,19:00,0.0,17.5,83.4,1.48,48.9,0.0,2023-03-03 19:00:00
2023-03-03,20:00,0.0,20.5,86.2,0.92,58.3,0.0,2023-03-03 20:00:00
2023-03-03,21:00,0.0,18.1,96.6,1.92,68.9,0.0,2023-03-03 21:00:00
2023-03-03,22:00,0.0,15.0,82.8,2.13,33.6,0.0,2023-03-03 22:00:00
2023-03-03,23:00,0.0,15.1,85.4,2.28,28.5,0.0,2023-03-03 23:00:00
2023-03-04,00:00,0.0,13.4,89.5,5.13,32.0,0.0,2023-03-04 00:00:00
2023-03-04,01:00,0.0,11.7,98.0,3.42,73.8,0.0,2023-03-04 01:00:00
2023-03-04,02:00,0.0,8.4,98.0,3.53,46.6,0.0,2023-03-04 02:00:00
2023-03-04,03:00,0.0,10.9,98.0,4.36,93.2,0.0,2023-03-04 03:00:00
2023-03-04,04:00,0.0,11.3,96.7,4.84,46.4,0.0,2023-03-04 04:00:00
2023-03-04,05:00,0.0,10.9,94.4,0.73,57.6,0.0,2023-03-04 05:00:00
2023-03-04,06:00,0.0,11.5,98.0,5.8,78.0,0.0,2023-03-04 06:00:00
2023-03-04,07:00,73.38,16.5,94.6,8.52,84.9,2.78,2023-03-04 07:00:00
2023-03-04,09:00,366.15,16.6,91.3,4.4,73.0,16.22,2023-03-04 09:00:00
2023-03-04,10:00,478.6,18.8,90.4,0.69,70.2,20.5,2023-03-04 10:00:00
2023-03-04,11:00,596.68,23.5,82.4,1.35,63.7,24.03,2023-03-04 11:00:00
2023-03-04,12:00,596.28,20.8,80.4,2.7,66.5,23.5,2023-03-04 12:00:00
2023-03-04,13:00,718.85,23.2,73.1,5.7,46.6,27.99,2023-03-04 13:00:00
2023-03-04,15:00,470.26,23.8,80.0,3.42,54.8,18.82,2023-03-04 15:00:00
2023-03-04,16:00,332.91,20.8,85.4,3.39,52.3,14.24,2023-03-04 16:00:00
2023-03-04,17:00,153.51,21.5,85.2,3.51,48.0,7.25,2023-03-04 17:00:00
2023-03-04,18:00,0.0,20.4,87.9,2.82,65.3,0.0,2023-03-04 18:00:00
2023-03-04,19:00,0.0,19.1,87.0,6.01,69.2,0.0,2023-03-04 19:00:00
2023-03-04,20:00,0.0,17.3,88.6,3.98,56.2,0.0,2023-03-04 20:00:00
2023-03-04,21:00,0.0,16.2,98.0,3.59,77.0,0.0,2023-03-04 21:00:00
2023-03-04,22:00,0.0,18.1,93.3,3.51,37.7,0.0,2023-03-04 22:00:00
2023-03-04,23:00,0.0,17.5,88.6,6.8,51.9,0.0,2023-03-04 23:00:00
2023-03-05,00:00,0.0,10.9,96.8,4.81,44.0,0.0,2023-03-05 00:00:00
2023-03-05,01:00,0.0,7.3,98.0,2.0,26.8,0.0,2023-03-05 01:00:00
2023-03-05,02:00,0.0,12.4,94.9,3.38,53.5,0.0,2023-03-05 02:00:00
2023-03-05,03:00,0.0,11.8,98.0,2.72,52.9,0.0,2023-03-05 03:00:00
2023-03-05,04:00,0.0,14.0,98.0,8.41,77.5,0.0,2023-03-05 04:00:00
2023-03-05,05:00,0.0,13.6,97.1,3.28,64.2,0.0,2023-03-05 05:00:00
2023-03-05,06:00,0.0,14.4,87.0,1.51,39.4,0.0,2023-03-05 06:00:00
2023-03-05,07:00,101.05,17.8,87.9,3.27,82.6,3.94,2023-03-05 07:00:00
2023-03-05,08:00,253.73,19.6,91.8,2.87,73.1,10.86,2023-03-05 08:00:00
2023-03-05,09:00,428.76,16.3,92.3,4.14,63.5,17.93,2023-03-05 09:00:00
2023-03-05,10:00,619.58,18.8,81.7,2.42,51.4,25.42,2023-03-05 10:00:00
2023-03-05,11:00,748.36,21.3,73.6,1.23,40.4,29.56,2023-03-05 11:00:00
2023-03-05,12:00,727.82,22.7,80.9,1.71,49.2,28.66,2023-03-05 12:00:00
2023-03-05,13:00,539.47,22.7,77.3,2.69,71.1,22.23,2023-03-05 13:00:00
2023-03-05,14:00,370.27,24.1,85.8,2.99,83.0,14.69,2023-03-05 14:00:00
2023-03-05,15:00,336.26,24.9,85.5,5.6,77.9,14.63,2023-03-05 15:00:00
2023-03-05,16:00,339.12,25.6,75.7,2.63,47.4,13.05,2023-03-05 16:00:00
2023-03-05,17:00,158.16,22.6,74.0,1.18,38.0,7.3,2023-03-05 17:00:00
2023-03-05,18:00,0.0,18.7,81.2,5.18,56.9,0.0,2023-03-05 18:00:00
2023-03-05,19:00,0.0,18.6,81.5,5.92,28.2,0.0,2023-03-05 19:00:00
2023-03-05,20:00,0.0,17.1,94.1,3.63,59.6,0.0,2023-03-05 20:00:00
2023-03-05,21:00,0.0,16.7,85.8,2.7,52.5,0.0,2023-03-05 21:00:00
2023-03-05,22:00,0.0,15.0,91.5,5.12,47.8,0.0,2023-03-05 22:00:00
2023-03-05,23:00,0.0,16.7,89.0,0.86,30.8,0.0,2023-03-05 23:00:00
2023-03-06,00:00,0.0,11.4,98.0,6.6,62.4,0.0,2023-03-06 00:00:00
2023-03-06,01:00,0.0,12.3,91.6,5.88,46.7,0.0,2023-03-06 01:00:00
2023-03-06,02:00,0.0,15.7,89.9,3.87,37.1,0.0,2023-03-06 02:00:00
2023-03-06,03:00,0.0,10.6,84.0,2.67,11.6,0.0,2023-03-06 03:00:00
2023-03-06,04:00,0.0,12.5,89.6,1.19,54.2,0.0,2023-03-06 04:00:00
2023-03-06,05:00,0.0,11.5,98.0,11.67,81.2,0.0,2023-03-06 05:00:00
2023-03-06,06:00,0.0,14.6,96.4,5.05,79.6,0.0,2023-03-06 06:00:00
2023-03-06,07:00,148.83,14.5,88.9,2.94,47.8,6.81,2023-03-06 07:00:00
2023-03-06,08:00,353.68,19.3,79.9,1.03,45.6,14.48,2023-03-06 08:00:00
2023-03-06,09:00,431.94,19.2,84.7,4.34,61.7,17.84,2023-03-06 09:00:00
2023-03-06,10:00,670.34,18.7,87.5,8.41,39.7,27.52,2023-03-06 10:00:00
2023-03-06,11:00,640.76,23.2,86.6,4.71,59.2,25.18,2023-03-06 11:00:00
2023-03-06,12:00,603.56,22.9,89.4,1.62,66.1,24.2,2023-03-06 12:00:00
2023-03-06,13:00,526.92,24.9,85.3,3.23,73.1,20.96,2023-03-06 13:00:00
2023-03-06,14:00,605.19,21.4,83.1,1.79,53.2,24.58,2023-03-06 14:00:00
2023-03-06,15:00,488.17,23.9,71.3,6.43,51.6,20.47,2023-03-06 15:00:00
2023-03-06,16:00,357.45,24.0,73.6,2.91,41.5,14.53,2023-03-06 16:00:00
2023-03-06,17:00,169.49,20.9,87.8,4.87,42.3,7.59,2023-03-06 17:00:00
2023-03-06,18:00,0.0,18.2,83.8,1.63,51.3,0.0,2023-03-06 18:00:00
2023-03-06,19:00,0.0,18.9,92.7,1.91,60.2,0.0,2023-03-06 19:00:00
2023-03-06,20:00,0.0,19.6,87.9,4.55,68.4,0.0,2023-03-06 20:00:00
2023-03-06,21:00,0.0,17.9,73.1,5.67,42.6,0.0,2023-03-06 21:00:00
2023-03-06,22:00,0.0,13.7,98.0,2.3,77.0,0.0,2023-03-06 22:00:00
2023-03-06,23:00,0.0,10.9,98.0,3.3,50.6,0.0,2023-03-06 23:00:00
2023-03-07,00:00,0.0,11.6,96.0,4.23,54.2,0.0,2023-03-07 00:00:00
2023-03-07,01:00,0.0,10.9,98.0,5.29,43.3,0.0,2023-03-07 01:00:00
2023-03-07,02:00,0.0,12.4,79.3,4.28,18.2,0.0,2023-03-07 02:00:00
2023-03-07,03:00,0.0,11.6,94.0,1.7,67.8,0.0,2023-03-07 03:00:00
2023-03-07,04:00,0.0,11.0,98.0,3.86,65.6,0.0,2023-03-07 04:00:00
2023-03-07,05:00,0.0,15.3,91.5,6.08,60.55,0.0,2023-03-07 05:00:00
2023-03-07,06:00,0.0,14.8,97.1,5.91,55.5,0.0,2023-03-07 06:00:00
2023-03-07,07:00,141.67,16.8,92.9,4.06,62.3,6.84,2023-03-07 07:00:00
2023-03-07,08:00,390.21,14.5,81.2,9.37,31.1,16.88,2023-03-07 08:00:00
2023-03-07,09:00,525.12,14.8,90.3,1.77,46.6,22.46,2023-03-07 09:00:00
2023-03-07,10:00,512.9,18.0,92.0,3.57,66.4,21.12,2023-03-07 10:00:00
2023-03-07,11:00,769.57,20.9,70.1,5.14,35.7,29.97,2023-03-07 11:00:00
2023-03-07,12:00,681.71,23.8,78.9,1.98,58.9,27.11,2023-03-07 12:00:00
2023-03-07,13:00,778.64,19.1,78.6,7.71,34.2,31.39,2023-03-07 13:00:00
2023-03-07,14:00,556.18,26.4,73.2,3.01,61.5,21.74,2023-03-07 14:00:00
2023-03-07,15:00,483.9,23.7,79.9,2.99,54.0,19.3,2023-03-07 15:00:00
2023-03-07,16:00,380.8,25.2,65.2,2.36,30.3,15.95,2023-03-07 16:00:00
2023-03-07,17:00,132.03,20.2,89.4,2.71,72.0,5.02,2023-03-07 17:00:00
2023-03-07,18:00,0.0,21.5,80.9,4.03,43.5,0.0,2023-03-07 18:00:00
2023-03-07,19:00,0.0,19.3,86.0,3.35,42.4,0.0,2023-03-07 19:00:00
2023-03-07,20:00,0.0,19.0,81.4,2.26,57.5,0.0,2023-03-07 20:00:00
2023-03-07,21:00,0.0,15.6,88.5,5.39,71.8,0.0,2023-03-07 21:00:00
2023-03-07,22:00,0.0,15.4,87.8,1.46,39.3,0.0,2023-03-07 22:00:00
2023-03-07,23:00,0.0,15.3,89.8,5.6,55.5,0.0,2023-03-07 23:00:00
2023-03-08,00:00,0.0,11.3,98.0,2.65,60.8,0.0,2023-03-08 00:00:00
2023-03-08,01:00,0.0,12.4,98.0,3.65,64.8,0.0,2023-03-08 01:00:00
2023-03-08,02:00,0.0,8.3,98.0,3.13,57.0,0.0,2023-03-08 02:00:00
2023-03-08,03:00,0.0,13.2,91.7,3.99,48.9,0.0,2023-03-08 03:00:00
2023-03-08,04:00,0.0,16.0,81.6,5.29,42.0,0.0,2023-03-08 04:00:00
2023-03-08,05:00,0.0,11.2,98.0,8.6,55.7,0.0,2023-03-08 05:00:00
2023-03-08,06:00,0.0,14.6,87.4,2.8,38.3,0.0,2023-03-08 06:00:00
2023-03-08,07:00,177.51,17.7,75.8,3.91,10.6,8.29,2023-03-08 07:00:00
2023-03-08,08:00,307.91,17.8,88.9,3.51,60.9,13.71,2023-03-08 08:00:00
2023-03-08,09:00,403.7,19.6,88.5,10.44,68.0,17.1,2023-03-08 09:00:00
2023-03-08,11:00,782.93,21.2,81.4,3.2,39.3,30.89,2023-03-08 11:00:00
2023-03-08,12:00,635.51,22.8,78.3,3.56,63.7,25.47,2023-03-08 12:00:00
2023-03-08,13:00,381.96,23.6,85.4,2.52,85.3,15.28,2023-03-08 13:00:00
2023-03-08,14:00,598.66,21.6,86.4,5.01,54.7,24.15,2023-03-08 14:00:00
2023-03-08,15:00,532.8,23.4,82.9,5.69,43.5,20.91,2023-03-08 15:00:00
2023-03-08,16:00,341.49,25.7,67.6,7.46,51.7,14.07,2023-03-08 16:00:00
2023-03-08,17:00,108.87,21.2,87.1,3.97,75.0,5.23,2023-03-08 17:00:00
2023-03-08,18:00,0.0,18.5,84.5,4.5,44.7,0.0,2023-03-08 18:00:00
2023-03-08,19:00,0.0,19.0,76.1,3.42,42.4,0.0,2023-03-08 19:00:00
2023-03-08,20:00,0.0,16.4,90.4,4.18,47.2,0.0,2023-03-08 20:00:00
2023-03-08,21:00,0.0,13.8,89.8,2.99,40.1,0.0,2023-03-08 21:00:00
2023-03-08,22:00,0.0,15.0,92.3,4.9,56.2,0.0,2023-03-08 22:00:00
2023-03-08,23:00,0.0,12.2,97.7,1.08,78.8,0.0,2023-03-08 23:00:00
2023-03-09,00:00,0.0,11.5,98.0,1.15,59.1,0.0,2023-03-09 00:00:00
2023-03-09,01:00,0.0,12.3,97.5,4.76,50.5,0.0,2023-03-09 01:00:00
2023-03-09,02:00,0.0,9.1,98.0,6.71,49.9,0.0,2023-03-09 02:00:00
2023-03-09,03:00,0.0,8.9,92.3,4.3,30.8,0.0,2023-03-09 03:00:00
2023-03-09,04:00,0.0,13.9,94.3,4.83,67.5,0.0,2023-03-09 04:00:00
2023-03-09,05:00,0.0,10.2,98.0,5.51,53.1,0.0,2023-03-09 05:00:00
2023-03-09,06:00,0.0,13.1,93.4,3.05,51.5,0.0,2023-03-09 06:00:00
2023-03-09,07:00,53.17,13.1,98.0,1.79,100.0,2.4,2023-03-09 07:00:00
2023-03-09,08:00,327.66,17.0,87.3,6.75,58.7,14.17,2023-03-09 08:00:00
2023-03-09,09:00,543.35,20.2,75.6,6.85,43.0,23.19,2023-03-09 09:00:00
2023-03-09,10:00,641.63,21.1,81.8,3.4,47.9,25.79,2023-03-09 10:00:00
2023-03-09,11:00,542.47,26.4,76.4,2.38,71.5,22.28,2023-03-09 11:00:00
2023-03-09,12:00,713.74,25.0,79.6,6.17,55.9,27.25,2023-03-09 12:00:00
2023-03-09,13:00,800.48,22.0,75.2,4.72,32.7,30.99,2023-03-09 13:00:00
2023-03-09,14:00,504.87,21.7,87.1,0.85,68.0,20.29,2023-03-09 14:00:00
2023-03-09,15:00,533.17,28.5,64.2,1.78,44.2,21.27,2023-03-09 15:00:00
2023-03-09,16:00,210.29,25.0,83.7,8.18,82.3,9.6,2023-03-09 16:00:00
2023-03-09,17:00,125.76,23.2,80.0,1.25,70.4,5.12,2023-03-09 17:00:00
2023-03-09,18:00,0.0,21.0,75.5,2.69,47.5,0.0,2023-03-09 18:00:00
2023-03-09,19:00,0.0,19.9,85.1,3.89,73.5,0.0,2023-03-09 19:00:00
2023-03-09,20:00,0.0,15.2,88.8,2.22,55.3,0.0,2023-03-09 20:00:00
2023-03-09,21:00,0.0,16.6,96.8,2.45,67.0,0.0,2023-03-09 21:00:00
2023-03-09,22:00,0.0,15.0,90.6,3.01,61.5,0.0,2023-03-09 22:00:00
2023-03-09,23:00,0.0,12.0,87.3,2.63,41.6,0.0,2023-03-09 23:00:00
2023-03-10,00:00,0.0,11.9,93.8,5.35,44.4,0.0,2023-03-10 00:00:00
2023-03-10,01:00,0.0,15.0,95.0,3.66,69.5,0.0,2023-03-10 01:00:00
2023-03-10,02:00,0.0,11.8,92.6,2.67,49.1,0.0,2023-03-10 02:00:00
2023-03-10,03:00,0.0,16.0,87.4,2.83,48.0,0.0,2023-03-10 03:00:00
2023-03-10,04:00,0.0,9.7,98.0,1.27,39.7,0.0,2023-03-10 04:00:00
2023-03-10,05:00,0.0,12.8,98.0,1.36,60.4,0.0,2023-03-10 05:00:00
2023-03-10,06:00,0.0,12.2,98.0,4.77,85.0,0.0,2023-03-10 06:00:00
2023-03-10,07:00,165.1,14.3,83.3,1.82,38.1,7.38,2023-03-10 07:00:00
2023-03-10,08:00,337.3,16.5,98.0,3.55,54.4,13.96,2023-03-10 08:00:00
2023-03-10,09:00,365.71,20.1,92.9,5.67,75.3,15.6,2023-03-10 09:00:00
2023-03-10,10:00,628.23,21.5,83.0,3.08,52.9,25.28,2023-03-10 10:00:00
2023-03-10,11:00,637.07,21.0,79.1,2.98,60.9,25.9,2023-03-10 11:00:00
2023-03-10,12:00,799.73,19.2,84.5,5.96,38.1,32.26,2023-03-10 12:00:00
2023-03-10,13:00,648.1,26.5,73.4,5.88,60.5,26.1,2023-03-10 13:00:00
2023-03-10,14:00,628.83,23.5,76.8,6.03,51.3,25.44,2023-03-10 14:00:00
2023-03-10,15:00,403.94,21.8,77.8,4.0,68.9,16.63,2023-03-10 15:00:00
2023-03-10,16:00,277.23,23.7,77.5,7.13,71.9,11.73,2023-03-10 16:00:00
2023-03-10,17:00,73.12,22.6,91.1,5.47,92.9,4.09,2023-03-10 17:00:00
2023-03-10,18:00,0.0,20.4,89.1,3.29,62.8,0.0,2023-03-10 18:00:00
2023-03-10,19:00,0.0,19.8,87.8,4.29,59.0,0.0,2023-03-10 19:00:00
2023-03-10,20:00,0.0,15.9,93.0,1.87,57.0,0.0,2023-03-10 20:00:00
2023-03-10,21:00,0.0,17.8,85.2,3.9,48.8,0.0,2023-03-10 21:00:00
2023-03-10,22:00,0.0,13.2,93.4,2.6,59.2,0.0,2023-03-10 22:00:00
2023-03-10,23:00,0.0,12.7,94.5,2.69,49.6,0.0,2023-03-10 23:00:00
2023-03-11,00:00,0.0,14.1,96.2,1.89,56.4,0.0,2023-03-11 00:00:00
2023-03-11,01:00,0.0,14.5,96.7,3.03,73.7,0.0,2023-03-11 01:00:00
2023-03-11,02:00,0.0,15.0,92.0,3.58,38.8,0.0,2023-03-11 02:00:00
2023-03-11,03:00,0.0,14.3,95.4,4.14,71.0,0.0,2023-03-11 03:00:00
2023-03-11,04:00,0.0,12.4,95.9,2.79,73.6,0.0,2023-03-11 04:00:00
2023-03-11,05:00,0.0,11.2,96.2,5.26,52.1,0.0,2023-03-11 05:00:00
2023-03-11,06:00,0.0,17.7,79.4,3.76,22.1,0.0,2023-03-11 06:00:00
2023-03-11,07:00,175.42,19.1,82.2,4.33,44.8,7.84,2023-03-11 07:00:00
2023-03-11,08:00,255.73,17.0,98.0,2.67,73.3,10.82,2023-03-11 08:00:00
2023-03-11,09:00,502.88,21.4,84.5,5.43,53.5,20.42,2023-03-11 09:00:00
2023-03-11,10:00,690.6,20.6,73.1,4.26,38.9,27.88,2023-03-11 10:00:00
2023-03-11,11:00,732.97,25.1,80.1,5.85,46.3,28.29,2023-03-11 11:00:00
2023-03-11,12:00,624.32,22.4,72.1,2.09,66.5,24.77,2023-03-11 12:00:00
2023-03-11,13:00,620.2,27.5,82.9,3.13,62.1,24.28,2023-03-11 13:00:00
2023-03-11,14:00,633.04,25.6,73.0,1.82,50.3,25.24,2023-03-11 14:00:00
2023-03-11,15:00,530.4,27.2,70.5,2.37,48.4,20.9,2023-03-11 15:00:00
2023-03-11,16:00,363.42,22.5,78.0,3.19,48.0,15.31,2023-03-11 16:00:00
2023-03-11,17:00,180.75,23.1,76.9,6.2,40.1,8.17,2023-03-11 17:00:00
2023-03-11,18:00,0.0,19.4,90.4,3.93,78.1,0.0,2023-03-11 18:00:00
2023-03-11,19:00,0.0,21.2,79.9,2.91,49.1,0.0,2023-03-11 19:00:00
2023-03-11,20:00,0.0,19.8,93.6,4.95,72.1,0.0,2023-03-11 20:00:00
2023-03-11,21:00,0.0,20.9,90.1,1.04,76.7,0.0,2023-03-11 21:00:00
2023-03-11,22:00,0.0,16.0,89.4,3.08,68.9,0.0,2023-03-11 22:00:00
2023-03-11,23:00,0.0,15.2,92.0,4.14,47.4,0.0,2023-03-11 23:00:00
2023-03-12,00:00,0.0,12.3,98.0,4.06,59.7,0.0,2023-03-12 00:00:00
2023-03-12,01:00,0.0,13.5,90.9,4.18,53.3,0.0,2023-03-12 01:00:00
2023-03-12,02:00,0.0,11.7,95.7,2.35,40.1,0.0,2023-03-12 02:00:00
2023-03-12,03:00,0.0,12.7,95.0,2.94,58.6,0.0,2023-03-12 03:00:00
2023-03-12,04:00,0.0,13.5,87.9,6.72,36.0,0.0,2023-03-12 04:00:00
2023-03-12,05:00,0.0,13.5,96.6,7.76,71.5,0.0,2023-03-12 05:00:00
2023-03-12,06:00,0.0,15.4,78.9,2.82,46.7,0.0,2023-03-12 06:00:00
2023-03-12,07:00,152.33,16.1,87.9,4.36,56.7,6.07,2023-03-12 07:00:00
2023-03-12,08:00,328.58,17.7,90.8,2.5,57.9,13.17,2023-03-12 08:00:00
2023-03-12,09:00,517.38,21.8,79.7,3.08,49.8,20.79,2023-03-12 09:00:00
2023-03-12,10:00,565.75,21.7,77.9,5.26,62.5,22.87,2023-03-12 10:00:00
2023-03-12,11:00,732.59,23.2,80.7,3.67,46.6,29.13,2023-03-12 11:00:00
2023-03-12,12:00,623.17,20.9,84.1,5.73,66.8,25.21,2023-03-12 12:00:00
2023-03-12,13:00,810.2,24.9,66.1,4.28,33.5,31.79,2023-03-12 13:00:00
2023-03-12,14:00,600.59,25.3,84.8,4.28,55.6,24.15,2023-03-12 14:00:00
2023-03-12,15:00,309.04,23.4,81.4,1.21,82.8,13.04,2023-03-12 15:00:00
2023-03-12,16:00,383.92,27.3,72.2,4.97,38.7,16.02,2023-03-12 16:00:00
2023-03-12,17:00,201.25,18.5,80.1,7.92,43.5,8.18,2023-03-12 17:00:00
2023-03-12,18:00,0.0,22.7,81.8,3.54,61.4,0.0,2023-03-12 18:00:00
2023-03-12,19:00,0.0,21.2,78.7,2.08,56.4,0.0,2023-03-12 19:00:00
2023-03-12,20:00,0.0,19.3,80.8,7.88,58.9,0.0,2023-03-12 20:00:00
2023-03-12,21:00,0.0,17.1,91.7,2.72,61.0,0.0,2023-03-12 21:00:00
2023-03-12,22:00,0.0,16.3,93.0,3.26,63.2,0.0,2023-03-12 22:00:00
2023-03-12,23:00,0.0,15.7,98.0,1.58,70.3,0.0,2023-03-12 23:00:00
2023-03-13,00:00,0.0,12.0,96.8,1.8,59.6,0.0,2023-03-13 00:00:00
2023-03-13,01:00,0.0,13.2,98.0,2.38,49.8,0.0,2023-03-13 01:00:00
2023-03-13,02:00,0.0,12.2,98.0,3.89,63.6,0.0,2023-03-13 02:00:00
2023-03-13,03:00,0.0,10.7,98.0,3.93,82.0,0.0,2023-03-13 03:00:00
2023-03-13,04:00,0.0,14.6,85.5,4.17,51.5,0.0,2023-03-13 04:00:00
2023-03-13,05:00,0.0,13.2,87.5,4.06,38.8,0.0,2023-03-13 05:00:00
2023-03-13,06:00,0.0,12.8,98.0,3.64,70.1,0.0,2023-03-13 06:00:00
2023-03-13,07:00,172.56,16.0,88.6,5.34,51.7,7.17,2023-03-13 07:00:00
2023-03-13,08:00,417.23,17.1,80.3,6.76,20.9,17.48,2023-03-13 08:00:00
2023-03-13,09:00,427.06,21.9,80.4,2.63,66.2,17.01,2023-03-13 09:00:00
2023-03-13,10:00,671.24,21.8,79.1,1.92,45.4,26.63,2023-03-13 10:00:00
2023-03-13,11:00,699.03,25.2,75.7,3.33,52.1,27.34,2023-03-13 11:00:00
2023-03-13,12:00,680.44,22.5,76.1,1.12,58.4,27.44,2023-03-13 12:00:00
2023-03-13,13:00,688.86,25.9,77.8,6.07,56.3,26.69,2023-03-13 13:00:00
2023-03-13,14:00,568.18,29.6,64.8,2.49,64.1,22.42,2023-03-13 14:00:00
2023-03-13,15:00,537.79,24.9,75.1,3.89,46.9,21.65,2023-03-13 15:00:00
2023-03-13,16:00,330.63,25.2,84.6,1.83,61.2,12.84,2023-03-13 16:00:00
2023-03-13,17:00,173.02,24.0,79.1,3.91,49.6,7.04,2023-03-13 17:00:00
2023-03-13,18:00,0.0,18.9,90.5,1.26,64.5,0.0,2023-03-13 18:00:00
2023-03-13,19:00,0.0,21.1,80.4,5.1,62.7,0.0,2023-03-13 19:00:00
2023-03-13,20:00,0.0,19.0,88.4,7.2,39.4,0.0,2023-03-13 20:00:00
2023-03-13,21:00,0.0,16.5,98.0,2.8,69.8,0.0,2023-03-13 21:00:00
2023-03-13,22:00,0.0,13.9,87.1,2.58,45.4,0.0,2023-03-13 22:00:00
2023-03-13,23:00,0.0,15.5,91.2,3.43,65.6,0.0,2023-03-13 23:00:00
2023-03-14,00:00,0.0,11.7,98.0,4.24,58.7,0.0,2023-03-14 00:00:00
2023-03-14,01:00,0.0,16.7,98.0,2.24,80.8,0.0,2023-03-14 01:00:00
2023-03-14,02:00,0.0,12.9,88.1,5.35,49.9,0.0,2023-03-14 02:00:00
2023-03-14,03:00,0.0,10.7,91.9,2.29,48.0,0.0,2023-03-14 03:00:00
2023-03-14,04:00,0.0,12.5,93.9,0.78,52.9,0.0,2023-03-14 04:00:00
2023-03-14,05:00,0.0,13.9,82.6,3.78,48.7,0.0,2023-03-14 05:00:00
2023-03-14,06:00,0.0,20.0,86.4,1.83,65.2,0.0,2023-03-14 06:00:00
2023-03-14,07:00,199.38,15.5,88.7,4.66,29.0,9.04,2023-03-14 07:00:00
2023-03-14,08:00,385.68,18.4,76.0,2.13,37.4,16.65,2023-03-14 08:00:00
2023-03-14,09:00,574.11,19.2,81.0,5.46,37.2,23.2,2023-03-14 09:00:00
2023-03-14,10:00,539.56,22.6,80.6,3.53,67.5,21.4,2023-03-14 10:00:00
2023-03-14,11:00,481.81,22.0,93.3,3.97,78.9,19.44,2023-03-14 11:00:00
2023-03-14,12:00,752.76,21.8,77.9,2.23,51.7,29.7,2023-03-14 12:00:00
2023-03-14,13:00,731.28,24.1,82.6,2.01,50.7,28.76,2023-03-14 13:00:00
2023-03-14,14:00,628.8,24.1,75.0,4.3,54.3,25.37,2023-03-14 14:00:00
2023-03-14,15:00,408.47,23.4,85.6,2.56,70.7,17.16,2023-03-14 15:00:00
2023-03-14,16:00,393.45,22.9,76.5,3.15,39.3,16.38,2023-03-14 16:00:00
2023-03-14,17:00,172.2,25.0,76.1,3.57,56.8,7.35,2023-03-14 17:00:00
2023-03-14,18:00,0.0,21.1,82.2,2.44,67.9,0.0,2023-03-14 18:00:00
2023-03-14,19:00,0.0,18.2,83.9,5.29,60.7,0.0,2023-03-14 19:00:00
2023-03-14,20:00,0.0,17.8,85.6,6.86,56.1,0.0,2023-03-14 20:00:00
2023-03-14,21:00,0.0,17.2,88.5,3.36,68.2,0.0,2023-03-14 21:00:00
2023-03-14,22:00,0.0,13.3,89.1,6.5,12.7,0.0,2023-03-14 22:00:00
2023-03-14,23:00,0.0,17.3,92.1,6.06,63.4,0.0,2023-03-14 23:00:00
2023-03-15,00:00,0.0,15.2,90.6,2.12,43.2,0.0,2023-03-15 00:00:00
2023-03-15,01:00,0.0,15.6,81.4,2.16,25.5,0.0,2023-03-15 01:00:00
2023-03-15,02:00,0.0,13.5,94.2,3.56,60.6,0.0,2023-03-15 02:00:00
2023-03-15,03:00,0.0,9.3,98.0,3.78,73.6,0.0,2023-03-15 03:00:00
2023-03-15,04:00,0.0,16.4,89.5,2.95,50.9,0.0,2023-03-15 04:00:00
2023-03-15,05:00,0.0,13.0,98.0,2.83,67.3,0.0,2023-03-15 05:00:00
2023-03-15,06:00,0.0,14.4,97.6,3.36,77.2,0.0,2023-03-15 06:00:00
2023-03-15,07:00,152.23,17.6,88.6,4.62,72.7,6.71,2023-03-15 07:00:00
2023-03-15,08:00,247.21,21.3,90.5,1.63,77.6,10.27,2023-03-15 08:00:00
2023-03-15,09:00,453.85,22.3,82.7,4.73,64.1,18.12,2023-03-15 09:00:00
2023-03-15,10:00,611.5,23.5,72.5,6.64,54.1,24.18,2023-03-15 10:00:00
2023-03-15,11:00,826.99,22.5,64.9,5.06,29.0,31.98,2023-03-15 11:00:00
2023-03-15,12:00,760.94,23.4,78.4,2.25,49.3,29.35,2023-03-15 12:00:00
2023-03-15,13:00,780.96,25.2,69.0,1.65,40.3,30.36,2023-03-15 13:00:00
2023-03-15,14:00,359.48,24.6,86.2,3.62,85.5,15.66,2023-03-15 14:00:00
2023-03-15,15:00,518.48,26.2,70.2,7.23,50.3,20.69,2023-03-15 15:00:00
2023-03-15,16:00,360.07,25.5,76.0,5.47,54.8,14.67,2023-03-15 16:00:00
2023-03-15,17:00,160.71,24.1,77.6,3.96,61.3,6.58,2023-03-15 17:00:00
2023-03-15,18:00,0.0,17.3,94.5,1.99,53.6,0.0,2023-03-15 18:00:00
2023-03-15,19:00,0.0,20.6,92.5,4.75,78.4,0.0,2023-03-15 19:00:00
2023-03-15,20:00,0.0,18.6,88.4,5.42,43.6,0.0,2023-03-15 20:00:00
2023-03-15,21:00,0.0,17.6,87.7,6.78,55.9,0.0,2023-03-15 21:00:00
2023-03-15,22:00,0.0,14.5,92.0,4.2,41.8,0.0,2023-03-15 22:00:00
2023-03-15,23:00,0.0,12.2,90.4,3.73,33.2,0.0,2023-03-15 23:00:00
2023-03-16,00:00,0.0,14.6,94.9,4.23,43.5,0.0,2023-03-16 00:00:00
2023-03-16,01:00,0.0,12.6,93.8,6.94,52.2,0.0,2023-03-16 01:00:00
2023-03-16,02:00,0.0,14.0,85.0,4.28,46.3,0.0,2023-03-16 02:00:00
2023-03-16,03:00,0.0,12.0,84.6,2.57,42.3,0.0,2023-03-16 03:00:00
2023-03-16,04:00,0.0,16.3,90.1,4.32,31.6,0.0,2023-03-16 04:00:00
2023-03-16,05:00,0.0,16.5,90.0,6.03,51.5,0.0,2023-03-16 05:00:00
2023-03-16,06:00,0.0,16.5,85.0,3.98,30.1,0.0,2023-03-16 06:00:00
2023-03-16,07:00,134.7,17.1,96.3,3.68,64.1,5.65,2023-03-16 07:00:00
2023-03-16,08:00,354.85,20.5,76.1,4.87,53.9,15.19,2023-03-16 08:00:00
2023-03-16,09:00,601.99,21.2,74.5,4.45,30.8,23.93,2023-03-16 09:00:00
2023-03-16,10:00,667.22,22.4,77.5,1.42,48.1,27.5,2023-03-16 10:00:00
2023-03-16,11:00,786.81,25.1,75.7,4.82,41.4,30.79,2023-03-16 11:00:00
2023-03-16,12:00,701.36,26.8,71.4,3.25,57.5,27.27,2023-03-16 12:00:00
2023-03-16,13:00,553.42,22.5,79.6,6.89,72.8,22.43,2023-03-16 13:00:00
2023-03-16,14:00,749.11,23.1,66.7,7.64,24.6,29.97,2023-03-16 14:00:00
2023-03-16,15:00,498.08,23.4,83.1,3.43,54.4,20.07,2023-03-16 15:00:00
2023-03-16,16:00,358.76,21.5,77.4,7.58,50.3,14.92,2023-03-16 16:00:00
2023-03-16,17:00,148.27,23.1,78.8,2.82,62.8,6.89,2023-03-16 17:00:00
2023-03-16,18:00,0.0,23.1,81.9,4.57,55.9,0.0,2023-03-16 18:00:00
2023-03-16,19:00,0.0,20.5,76.8,1.56,41.4,0.0,2023-03-16 19:00:00
2023-03-16,20:00,0.0,18.0,78.2,2.0,47.9,0.0,2023-03-16 20:00:00
2023-03-16,21:00,0.0,19.5,74.6,5.87,40.8,0.0,2023-03-16 21:00:00
2023-03-16,22:00,0.0,16.2,92.7,6.19,68.9,0.0,2023-03-16 22:00:00
2023-03-16,23:00,0.0,15.4,92.1,3.81,53.0,0.0,2023-03-16 23:00:00
2023-03-17,00:00,0.0,16.0,95.4,2.95,80.9,0.0,2023-03-17 00:00:00
2023-03-17,01:00,0.0,13.1,95.0,3.44,51.5,0.0,2023-03-17 01:00:00
2023-03-17,02:00,0.0,16.9,78.7,5.92,41.8,0.0,2023-03-17 02:00:00
2023-03-17,03:00,0.0,12.6,82.4,2.35,29.7,0.0,2023-03-17 03:00:00
2023-03-17,04:00,0.0,17.6,89.0,2.75,25.4,0.0,2023-03-17 04:00:00
2023-03-17,05:00,0.0,13.2,92.3,5.21,28.7,0.0,2023-03-17 05:00:00
2023-03-17,06:00,0.0,17.1,91.5,6.79,56.4,0.0,2023-03-17 06:00:00
2023-03-17,07:00,173.36,16.4,87.8,1.69,60.1,7.36,2023-03-17 07:00:00
2023-03-17,08:00,420.6,21.2,74.4,5.35,28.7,16.6,2023-03-17 08:00:00
2023-03-17,09:00,460.0,19.8,86.8,4.37,65.9,19.01,2023-03-17 09:00:00
2023-03-17,10:00,667.71,22.7,82.5,2.45,45.2,26.68,2023-03-17 10:00:00
2023-03-17,11:00,699.35,22.2,82.0,5.01,54.6,27.47,2023-03-17 11:00:00
2023-03-17,12:00,520.02,26.0,82.3,4.84,76.6,20.98,2023-03-17 12:00:00
2023-03-17,13:00,618.07,23.8,80.1,1.99,65.9,24.66,2023-03-17 13:00:00
2023-03-17,14:00,656.83,28.2,73.0,3.67,48.4,25.69,2023-03-17 14:00:00
2023-03-17,15:00,580.79,23.2,76.2,5.03,39.1,23.73,2023-03-17 15:00:00
2023-03-17,16:00,434.57,21.9,72.4,2.25,20.2,17.85,2023-03-17 16:00:00
2023-03-17,17:00,194.34,25.1,69.8,3.5,41.6,8.38,2023-03-17 17:00:00
2023-03-17,18:00,97.17,21.1,80.2,1.86,49.3,0.0,2023-03-17 18:00:00
2023-03-17,19:00,0.0,20.7,74.0,2.8,37.6,0.0,2023-03-17 19:00:00
2023-03-17,20:00,0.0,18.6,84.6,2.38,50.5,0.0,2023-03-17 20:00:00
2023-03-17,21:00,0.0,15.2,91.0,3.69,53.6,0.0,2023-03-17 21:00:00
2023-03-17,22:00,0.0,16.0,78.6,1.98,49.1,0.0,2023-03-17 22:00:00
2023-03-17,23:00,0.0,17.2,83.9,3.14,42.7,0.0,2023-03-17 23:00:00
2023-03-18,00:00,0.0,15.9,85.1,2.66,54.7,0.0,2023-03-18 00:00:00
2023-03-18,01:00,0.0,13.9,95.8,4.95,58.8,0.0,2023-03-18 01:00:00
2023-03-18,02:00,0.0,15.3,88.5,4.67,35.8,0.0,2023-03-18 02:00:00
2023-03-18,03:00,0.0,11.6,98.0,1.7,73.3,0.0,2023-03-18 03:00:00
2023-03-18,04:00,0.0,13.5,94.6,7.16,50.7,0.0,2023-03-18 04:00:00
2023-03-18,05:00,0.0,15.8,91.8,4.94,52.4,0.0,2023-03-18 05:00:00
2023-03-18,06:00,0.0,16.1,90.6,4.22,62.8,0.0,2023-03-18 06:00:00
2023-03-18,07:00,176.36,17.3,94.1,3.56,55.6,8.14,2023-03-18 07:00:00
2023-03-18,08:00,311.74,17.2,87.9,2.18,66.4,13.63,2023-03-18 08:00:00
2023-03-18,09:00,511.41,17.1,94.3,7.37,56.4,21.28,2023-03-18 09:00:00
2023-03-18,10:00,699.24,23.8,74.1,0.84,42.9,28.04,2023-03-18 10:00:00
2023-03-18,11:00,689.21,24.0,75.0,4.63,57.6,27.87,2023-03-18 11:00:00
2023-03-18,12:00,848.95,26.1,68.2,3.7,35.0,31.76,2023-03-18 12:00:00
2023-03-18,13:00,719.6,24.3,72.6,6.3,53.8,28.4,2023-03-18 13:00:00
2023-03-18,14:00,652.8,24.0,80.0,3.13,51.6,25.67,2023-03-18 14:00:00
2023-03-18,15:00,544.08,25.1,68.2,3.75,49.0,21.72,2023-03-18 15:00:00
2023-03-18,16:00,384.96,26.1,79.0,4.93,50.2,15.42,2023-03-18 16:00:00
2023-03-18,17:00,213.38,23.2,67.4,1.34,23.9,8.6,2023-03-18 17:00:00
2023-03-18,18:00,0.0,23.8,78.6,1.4,43.9,0.0,2023-03-18 18:00:00
2023-03-18,19:00,0.0,19.1,84.8,2.35,53.5,0.0,2023-03-18 19:00:00
2023-03-18,20:00,0.0,19.0,86.2,2.01,54.5,0.0,2023-03-18 20:00:00
2023-03-18,21:00,0.0,17.6,80.4,0.81,36.7,0.0,2023-03-18 21:00:00
2023-03-18,22:00,0.0,18.5,91.4,4.25,71.1,0.0,2023-03-18 22:00:00
2023-03-18,23:00,0.0,15.5,87.1,5.29,39.1,0.0,2023-03-18 23:00:00
2023-03-19,00:00,0.0,17.4,84.7,7.24,66.4,0.0,2023-03-19 00:00:00
2023-03-19,01:00,0.0,11.3,93.8,3.4,58.2,0.0,2023-03-19 01:00:00
2023-03-19,02:00,0.0,13.7,87.8,2.68,42.1,0.0,2023-03-19 02:00:00
2023-03-19,03:00,0.0,14.0,95.6,5.87,78.5,0.0,2023-03-19 03:00:00
2023-03-19,04:00,0.0,15.4,90.4,5.68,33.9,0.0,2023-03-19 04:00:00
2023-03-19,05:00,0.0,13.8,95.7,4.26,65.6,0.0,2023-03-19 05:00:00
2023-03-19,06:00,0.0,19.5,84.3,2.65,66.8,0.0,2023-03-19 06:00:00
2023-03-19,07:00,206.63,18.0,81.5,6.38,41.8,8.65,2023-03-19 07:00:00
2023-03-19,08:00,287.47,17.5,89.9,2.18,72.7,11.8,2023-03-19 08:00:00
2023-03-19,09:00,546.33,21.0,79.4,1.3,48.1,22.59,2023-03-19 09:00:00
2023-03-19,10:00,635.59,21.9,76.9,5.3,56.2,25.52,2023-03-19 10:00:00
2023-03-19,11:00,686.4,28.8,67.5,3.96,55.7,26.9,2023-03-19 11:00:00
2023-03-19,12:00,764.76,26.6,75.6,2.52,49.8,29.5,2023-03-19 12:00:00
2023-03-19,13:00,639.96,25.4,78.6,4.51,64.0,25.33,2023-03-19 13:00:00
2023-03-19,14:00,575.43,25.3,77.4,5.08,63.7,23.08,2023-03-19 14:00:00
2023-03-19,15:00,631.68,27.0,65.9,5.68,25.6,25.5,2023-03-19 15:00:00
2023-03-19,16:00,300.74,26.5,77.9,2.69,71.4,12.45,2023-03-19 16:00:00
2023-03-19,17:00,217.63,18.5,78.1,1.11,26.9,9.77,2023-03-19 17:00:00
2023-03-19,18:00,0.0,23.7,83.3,3.71,67.3,0.0,2023-03-19 18:00:00
2023-03-19,19:00,0.0,21.1,87.3,5.79,51.4,0.0,2023-03-19 19:00:00
2023-03-19,20:00,0.0,17.1,76.9,2.33,35.5,0.0,2023-03-19 20:00:00
2023-03-19,21:00,0.0,19.5,81.6,3.31,45.7,0.0,2023-03-19 21:00:00
2023-03-19,22:00,0.0,20.5,72.0,2.57,35.2,0.0,2023-03-19 22:00:00
2023-03-19,23:00,0.0,16.3,90.2,0.94,48.6,0.0,2023-03-19 23:00:00
2023-03-20,00:00,0.0,16.5,90.0,6.25,46.9,0.0,2023-03-20 00:00:00
2023-03-20,01:00,0.0,17.1,87.7,1.95,63.2,0.0,2023-03-20 01:00:00
2023-03-20,02:00,0.0,12.2,98.0,5.08,71.2,0.0,2023-03-20 02:00:00
2023-03-20,03:00,0.0,10.5,93.9,2.98,72.4,0.0,2023-03-20 03:00:00
2023-03-20,04:00,0.0,15.7,91.1,2.67,43.1,0.0,2023-03-20 04:00:00
2023-03-20,05:00,0.0,15.0,92.4,6.89,48.4,0.0,2023-03-20 05:00:00
2023-03-20,06:00,0.0,14.2,89.9,4.43,26.2,0.0,2023-03-20 06:00:00
2023-03-20,07:00,210.23,18.0,88.8,4.6,39.4,9.41,2023-03-20 07:00:00
2023-03-20,08:00,321.61,21.0,80.1,5.04,66.0,14.38,2023-03-20 08:00:00
2023-03-20,09:00,379.84,21.0,91.0,2.95,75.7,15.95,2023-03-20 09:00:00
2023-03-20,10:00,752.4,21.3,82.2,3.96,33.0,30.39,2023-03-20 10:00:00
2023-03-20,11:00,784.78,23.5,69.4,2.63,42.6,30.93,2023-03-20 11:00:00
2023-03-20,12:00,756.19,24.8,74.9,5.6,51.1,29.46,2023-03-20 12:00:00
2023-03-20,13:00,706.36,22.0,79.5,4.13,55.7,28.17,2023-03-20 13:00:00
2023-03-20,14:00,734.85,25.4,75.2,2.51,39.4,28.81,2023-03-20 14:00:00
2023-03-20,15:00,505.26,23.1,70.2,6.26,57.9,20.34,2023-03-20 15:00:00
2023-03-20,16:00,396.29,26.1,79.2,4.04,44.4,15.11,2023-03-20 16:00:00
2023-03-20,17:00,180.55,21.1,80.7,3.64,51.3,7.39,2023-03-20 17:00:00
2023-03-20,18:00,0.0,24.5,81.8,1.21,59.7,0.0,2023-03-20 18:00:00
2023-03-20,19:00,0.0,21.6,81.9,6.39,51.6,0.0,2023-03-20 19:00:00
2023-03-20,20:00,0.0,18.7,85.2,7.13,45.0,0.0,2023-03-20 20:00:00
2023-03-20,21:00,0.0,18.7,75.1,3.96,49.9,0.0,2023-03-20 21:00:00
2023-03-20,22:00,0.0,15.1,88.4,3.4,50.2,0.0,2023-03-20 22:00:00
2023-03-20,23:00,0.0,15.9,91.0,3.04,45.9,0.0,2023-03-20 23:00:00
2023-03-21,00:00,0.0,13.3,93.0,2.62,47.3,0.0,2023-03-21 00:00:00
2023-03-21,01:00,0.0,13.1,92.6,4.01,75.1,0.0,2023-03-21 01:00:00
2023-03-21,02:00,0.0,14.6,93.2,1.91,59.6,0.0,2023-03-21 02:00:00
2023-03-21,03:00,0.0,12.0,90.4,6.53,46.7,0.0,2023-03-21 03:00:00
2023-03-21,04:00,0.0,12.4,93.2,2.17,61.6,0.0,2023-03-21 04:00:00
2023-03-21,05:00,0.0,16.1,81.3,4.95,46.2,0.0,2023-03-21 05:00:00
2023-03-21,06:00,0.0,16.8,94.5,2.8,68.8,0.0,2023-03-21 06:00:00
2023-03-21,07:00,171.84,18.6,90.7,2.42,56.7,7.74,2023-03-21 07:00:00
2023-03-21,08:00,391.86,20.4,90.3,3.93,49.6,15.89,2023-03-21 08:00:00
2023-03-21,09:00,505.16,21.5,76.3,5.07,57.9,20.99,2023-03-21 09:00:00
2023-03-21,10:00,770.91,23.9,74.1,4.83,27.6,29.57,2023-03-21 10:00:00
2023-03-21,11:00,835.95,24.3,75.4,2.46,34.3,32.2,2023-03-21 11:00:00
2023-03-21,12:00,862.67,21.4,73.9,2.91,33.3,33.39,2023-03-21 12:00:00
2023-03-21,13:00,719.58,22.5,75.9,5.92,53.3,28.6,2023-03-21 13:00:00
2023-03-21,14:00,466.83,29.3,71.0,4.81,77.1,18.02,2023-03-21 14:00:00
2023-03-21,15:00,312.8,25.6,80.6,4.74,84.6,12.38,2023-03-21 15:00:00
2023-03-21,16:00,337.89,26.8,75.8,2.63,60.7,13.63,2023-03-21 16:00:00
2023-03-21,17:00,174.23,23.5,84.9,5.26,58.7,7.32,2023-03-21 17:00:00
2023-03-21,18:00,0.0,22.7,76.4,3.03,24.1,0.0,2023-03-21 18:00:00
2023-03-21,19:00,0.0,20.6,73.4,3.22,43.0,0.0,2023-03-21 19:00:00
2023-03-21,20:00,0.0,24.3,70.2,2.71,39.3,0.0,2023-03-21 20:00:00
2023-03-21,21:00,0.0,18.8,87.5,1.87,41.8,0.0,2023-03-21 21:00:00
2023-03-21,22:00,0.0,15.9,85.4,3.31,48.6,0.0,2023-03-21 22:00:00
2023-03-21,23:00,0.0,12.6,91.9,1.0,44.1,0.0,2023-03-21 23:00:00
2023-03-22,00:00,0.0,18.4,70.9,3.46,21.1,0.0,2023-03-22 00:00:00
2023-03-22,01:00,0.0,13.9,98.0,4.82,62.0,0.0,2023-03-22 01:00:00
2023-03-22,02:00,0.0,15.4,77.9,7.34,34.7,0.0,2023-03-22 02:00:00
2023-03-22,03:00,0.0,15.8,83.3,1.59,54.4,0.0,2023-03-22 03:00:00
2023-03-22,04:00,0.0,14.0,98.0,2.68,81.9,0.0,2023-03-22 04:00:00
2023-03-22,05:00,0.0,17.0,91.4,3.64,37.0,0.0,2023-03-22 05:00:00
2023-03-22,06:00,0.0,15.9,78.2,2.14,12.9,0.0,2023-03-22 06:00:00
2023-03-22,07:00,204.45,16.7,86.4,1.84,46.5,8.46,2023-03-22 07:00:00
2023-03-22,08:00,327.65,22.1,87.3,3.45,67.3,13.61,2023-03-22 08:00:00
2023-03-22,09:00,349.04,21.3,89.3,4.04,80.2,14.47,2023-03-22 09:00:00
2023-03-22,10:00,748.46,24.0,70.6,5.48,32.4,29.54,2023-03-22 10:00:00
2023-03-22,11:00,697.86,25.0,75.1,9.9,58.3,27.14,2023-03-22 11:00:00
2023-03-22,12:00,822.38,26.4,65.1,5.14,43.8,31.4,2023-03-22 12:00:00
2023-03-22,13:00,753.59,23.0,78.7,2.4,49.2,29.72,2023-03-22 13:00:00
2023-03-22,14:00,325.22,25.0,84.8,4.96,90.5,13.19,2023-03-22 14:00:00
2023-03-22,15:00,616.43,25.2,67.5,3.84,28.3,24.11,2023-03-22 15:00:00
2023-03-22,16:00,382.68,23.7,74.1,3.44,54.6,15.46,2023-03-22 16:00:00
2023-03-22,17:00,203.21,25.0,73.4,6.8,57.8,8.47,2023-03-22 17:00:00
2023-03-22,18:00,4.17,25.2,81.4,4.68,67.1,0.0,2023-03-22 18:00:00
2023-03-22,19:00,0.0,24.0,80.6,4.57,52.3,0.0,2023-03-22 19:00:00
2023-03-22,20:00,0.0,19.4,83.4,0.91,55.4,0.0,2023-03-22 20:00:00
2023-03-22,21:00,0.0,19.0,81.0,5.88,44.9,0.0,2023-03-22 21:00:00
2023-03-22,22:00,0.0,17.8,83.6,5.27,54.8,0.0,2023-03-22 22:00:00
2023-03-22,23:00,0.0,16.9,89.8,2.76,45.7,0.0,2023-03-22 23:00:00
2023-03-23,00:00,0.0,13.4,95.0,2.73,59.8,0.0,2023-03-23 00:00:00
2023-03-23,01:00,0.0,17.7,86.1,1.39,44.9,0.0,2023-03-23 01:00:00
2023-03-23,02:00,0.0,15.9,91.6,1.37,56.1,0.0,2023-03-23 02:00:00
2023-03-23,03:00,0.0,16.1,87.1,4.49,50.0,0.0,2023-03-23 03:00:00
2023-03-23,04:00,0.0,17.2,86.4,2.23,67.3,0.0,2023-03-23 04:00:00
2023-03-23,05:00,0.0,16.9,83.1,6.59,49.7,0.0,2023-03-23 05:00:00
2023-03-23,06:00,12.76,15.4,87.4,5.67,23.9,0.35,2023-03-23 06:00:00
2023-03-23,07:00,178.68,18.4,86.8,2.99,69.4,8.29,2023-03-23 07:00:00
2023-03-23,08:00,416.58,17.2,81.8,3.13,36.9,17.41,2023-03-23 08:00:00
2023-03-23,09:00,575.45,22.5,71.9,2.89,40.6,22.77,2023-03-23 09:00:00
2023-03-23,10:00,716.98,22.9,71.2,1.68,41.5,28.16,2023-03-23 10:00:00
2023-03-23,11:00,568.82,24.4,78.1,1.18,71.1,23.24,2023-03-23 11:00:00
2023-03-23,12:00,914.05,27.6,70.0,3.45,18.4,34.03,2023-03-23 12:00:00
2023-03-23,13:00,267.09,25.2,89.2,6.93,97.5,11.0,2023-03-23 13:00:00
2023-03-23,14:00,573.55,25.8,75.8,6.5,66.3,22.61,2023-03-23 14:00:00
2023-03-23,15:00,534.27,26.0,78.8,5.4,53.8,21.82,2023-03-23 15:00:00
2023-03-23,16:00,390.5,22.1,78.6,4.28,49.6,16.32,2023-03-23 16:00:00
2023-03-23,17:00,179.12,24.0,83.1,5.79,54.7,7.97,2023-03-23 17:00:00
2023-03-23,18:00,2.89,18.7,95.4,3.73,58.3,0.75,2023-03-23 18:00:00
2023-03-23,19:00,0.0,20.7,88.1,2.19,60.1,0.0,2023-03-23 19:00:00
2023-03-23,20:00,0.0,21.7,82.5,4.58,58.8,0.0,2023-03-23 20:00:00
2023-03-23,21:00,0.0,19.5,86.5,6.55,51.8,0.0,2023-03-23 21:00:00
2023-03-23,22:00,0.0,16.1,87.8,1.03,47.5,0.0,2023-03-23 22:00:00
2023-03-23,23:00,0.0,16.0,80.7,2.54,48.2,0.0,2023-03-23 23:00:00
2023-03-24,00:00,0.0,13.3,89.2,2.61,47.1,0.0,2023-03-24 00:00:00
2023-03-24,01:00,0.0,14.6,91.1,1.73,67.1,0.0,2023-03-24 01:00:00
2023-03-24,02:00,0.0,19.7,82.5,2.42,59.0,0.0,2023-03-24 02:00:00
2023-03-24,03:00,0.0,17.9,81.8,3.14,6.0,0.0,2023-03-24 03:00:00
2023-03-24,04:00,0.0,15.3,96.5,6.87,59.9,0.0,2023-03-24 04:00:00
2023-03-24,05:00,0.0,16.4,90.4,5.83,53.0,0.0,2023-03-24 05:00:00
2023-03-24,06:00,0.0,15.6,92.3,6.99,49.8,0.0,2023-03-24 06:00:00
2023-03-24,07:00,190.22,17.4,77.4,1.86,44.2,8.3,2023-03-24 07:00:00
2023-03-24,08:00,336.65,21.0,88.1,1.14,66.9,14.0,2023-03-24 08:00:00
2023-03-24,09:00,466.5,21.0,88.3,1.8,64.3,18.85,2023-03-24 09:00:00
2023-03-24,10:00,732.18,25.0,63.2,6.46,38.5,28.5,2023-03-24 10:00:00
2023-03-24,11:00,700.42,27.5,75.9,2.07,56.2,26.76,2023-03-24 11:00:00
2023-03-24,12:00,869.99,26.2,63.9,4.0,35.5,32.38,2023-03-24 12:00:00
2023-03-24,13:00,857.8,26.4,59.9,2.43,29.4,32.33,2023-03-24 13:00:00
2023-03-24,14:00,719.24,23.4,80.4,1.05,40.7,27.59,2023-03-24 14:00:00
2023-03-24,15:00,479.48,27.5,70.5,1.63,63.0,19.11,2023-03-24 15:00:00
2023-03-24,16:00,350.02,23.5,78.0,4.73,64.4,14.07,2023-03-24 16:00:00
2023-03-24,17:00,190.93,23.9,82.5,2.21,57.8,8.34,2023-03-24 17:00:00
2023-03-24,18:00,3.74,25.1,76.4,2.44,60.9,0.0,2023-03-24 18:00:00
2023-03-24,19:00,0.0,23.8,78.0,3.12,57.8,0.0,2023-03-24 19:00:00
2023-03-24,20:00,0.0,19.6,79.9,4.43,40.4,0.0,2023-03-24 20:00:00
2023-03-24,21:00,0.0,18.1,88.4,3.52,56.5,0.0,2023-03-24 21:00:00
2023-03-24,22:00,0.0,16.1,90.5,6.96,62.1,0.0,2023-03-24 22:00:00
2023-03-24,23:00,0.0,14.0,94.8,3.37,61.4,0.0,2023-03-24 23:00:00
2023-03-25,00:00,0.0,14.2,93.6,2.29,67.5,0.0,2023-03-25 00:00:00
2023-03-25,01:00,0.0,11.9,98.0,3.83,60.3,0.0,2023-03-25 01:00:00
2023-03-25,02:00,0.0,15.8,91.3,3.44,55.0,0.0,2023-03-25 02:00:00
2023-03-25,03:00,0.0,15.5,98.0,5.23,65.7,0.0,2023-03-25 03:00:00
2023-03-25,04:00,0.0,16.4,86.2,6.78,49.3,0.0,2023-03-25 04:00:00
2023-03-25,05:00,0.0,14.6,86.5,5.61,36.5,0.375,2023-03-25 05:00:00
2023-03-25,06:00,12.18,15.4,89.7,3.17,47.2,0.75,2023-03-25 06:00:00
2023-03-25,07:00,220.08,19.1,84.8,2.38,38.5,9.83,2023-03-25 07:00:00
2023-03-25,08:00,435.15,20.7,74.5,6.46,39.6,18.38,2023-03-25 08:00:00
2023-03-25,09:00,572.15,21.9,79.4,3.15,47.5,23.18,2023-03-25 09:00:00
2023-03-25,10:00,738.86,23.1,64.8,5.11,37.8,29.14,2023-03-25 10:00:00
2023-03-25,11:00,800.92,27.9,68.3,8.61,45.1,30.39,2023-03-25 11:00:00
2023-03-25,12:00,926.4,26.5,69.9,4.03,21.3,34.7,2023-03-25 12:00:00
2023-03-25,13:00,745.96,29.9,65.5,3.57,52.9,28.1,2023-03-25 13:00:00
2023-03-25,14:00,658.0,28.9,69.8,4.67,49.7,25.45,2023-03-25 14:00:00
2023-03-25,15:00,621.0,29.4,63.1,2.26,37.4,24.16,2023-03-25 15:00:00
2023-03-25,16:00,366.52,23.8,75.8,3.61,59.6,15.09,2023-03-25 16:00:00
2023-03-25,17:00,196.65,25.9,81.0,2.83,63.7,8.31,2023-03-25 17:00:00
2023-03-25,18:00,19.92,22.8,68.0,2.11,25.6,1.13,2023-03-25 18:00:00
2023-03-25,19:00,0.0,19.1,82.1,4.19,38.2,0.0,2023-03-25 19:00:00
2023-03-25,20:00,0.0,23.3,75.8,4.02,38.1,0.0,2023-03-25 20:00:00
2023-03-25,21:00,0.0,18.5,77.7,5.05,35.6,0.0,2023-03-25 21:00:00
2023-03-25,22:00,0.0,15.7,92.6,5.96,62.1,0.0,2023-03-25 22:00:00
2023-03-25,23:00,0.0,15.6,84.6,2.4,46.8,0.0,2023-03-25 23:00:00
2023-03-26,00:00,0.0,14.1,92.3,5.17,45.3,0.0,2023-03-26 00:00:00
2023-03-26,01:00,0.0,13.7,79.0,3.07,19.2,0.0,2023-03-26 01:00:00
2023-03-26,02:00,0.0,14.4,91.7,4.28,58.8,0.0,2023-03-26 02:00:00
2023-03-26,03:00,0.0,18.1,79.5,5.74,30.7,0.0,2023-03-26 03:00:00
2023-03-26,04:00,0.0,14.4,95.4,2.57,50.2,0.0,2023-03-26 04:00:00
2023-03-26,05:00,0.0,19.5,84.7,4.14,53.4,0.0,2023-03-26 05:00:00
2023-03-26,06:00,3.25,19.3,92.3,3.57,69.7,0.08,2023-03-26 06:00:00
2023-03-26,07:00,247.08,19.9,79.8,5.25,29.6,10.39,2023-03-26 07:00:00
2023-03-26,08:00,489.59,22.1,70.0,4.65,4.0,20.53,2023-03-26 08:00:00
2023-03-26,09:00,557.24,22.3,78.2,5.1,52.0,22.24,2023-03-26 09:00:00
2023-03-26,10:00,487.32,26.1,84.0,2.71,76.3,20.33,2023-03-26 10:00:00
2023-03-26,11:00,617.81,26.0,76.5,4.69,67.9,24.99,2023-03-26 11:00:00
2023-03-26,12:00,756.28,23.0,71.7,4.17,52.4,29.78,2023-03-26 12:00:00
2023-03-26,13:00,804.78,27.1,69.0,3.47,41.9,31.31,2023-03-26 13:00:00
2023-03-26,14:00,605.08,28.2,74.9,3.12,61.4,23.98,2023-03-26 14:00:00
2023-03-26,15:00,616.37,26.0,63.2,2.91,34.7,23.83,2023-03-26 15:00:00
2023-03-26,16:00,376.04,26.2,71.3,0.87,56.4,14.96,2023-03-26 16:00:00
2023-03-26,17:00,202.3,23.9,73.4,2.14,56.9,8.63,2023-03-26 17:00:00
2023-03-26,18:00,16.64,21.3,87.5,1.44,65.2,0.79,2023-03-26 18:00:00
2023-03-26,19:00,0.0,19.5,98.0,5.72,90.7,0.0,2023-03-26 19:00:00
2023-03-26,20:00,0.0,18.0,86.0,5.83,55.2,0.0,2023-03-26 20:00:00
2023-03-26,21:00,0.0,20.4,81.9,5.7,41.6,0.0,2023-03-26 21:00:00
2023-03-26,22:00,0.0,13.3,94.3,5.46,48.9,0.0,2023-03-26 22:00:00
2023-03-26,23:00,0.0,15.3,89.0,2.4,22.7,0.0,2023-03-26 23:00:00
2023-03-27,00:00,0.0,14.4,85.4,3.63,38.4,0.0,2023-03-27 00:00:00
2023-03-27,01:00,0.0,14.6,87.9,6.37,42.7,0.0,2023-03-27 01:00:00
2023-03-27,02:00,0.0,11.6,91.5,5.04,41.0,0.0,2023-03-27 02:00:00
2023-03-27,03:00,0.0,15.9,89.2,0.66,51.2,0.0,2023-03-27 03:00:00
2023-03-27,04:00,0.0,13.5,98.0,3.48,36.5,0.0,2023-03-27 04:00:00
2023-03-27,05:00,0.0,18.7,88.5,0.89,65.7,0.0,2023-03-27 05:00:00
2023-03-27,06:00,10.05,16.8,83.6,2.68,48.9,0.45,2023-03-27 06:00:00
2023-03-27,07:00,217.38,19.2,78.8,3.37,48.7,9.27,2023-03-27 07:00:00
2023-03-27,08:00,416.41,21.0,84.5,6.18,44.0,17.1,2023-03-27 08:00:00
2023-03-27,09:00,560.92,22.9,75.0,4.42,51.2,23.02,2023-03-27 09:00:00
2023-03-27,10:00,604.95,24.0,82.0,3.05,61.2,23.64,2023-03-27 10:00:00
2023-03-27,11:00,842.42,24.4,69.6,3.62,35.9,32.41,2023-03-27 11:00:00
2023-03-27,12:00,853.89,26.8,64.5,5.46,39.0,33.1,2023-03-27 12:00:00
2023-03-27,13:00,799.84,27.6,72.1,2.77,44.3,30.25,2023-03-27 13:00:00
2023-03-27,14:00,776.66,25.6,66.2,4.21,28.7,29.49,2023-03-27 14:00:00
2023-03-27,15:00,614.58,27.5,69.6,2.6,36.6,23.26,2023-03-27 15:00:00
2023-03-27,16:00,428.68,28.3,70.0,3.57,41.7,17.49,2023-03-27 16:00:00
2023-03-27,17:00,191.42,26.5,77.9,1.1,62.0,8.26,2023-03-27 17:00:00
2023-03-27,18:00,14.11,25.6,73.7,5.76,52.8,0.47,2023-03-27 18:00:00
2023-03-27,19:00,0.0,22.8,81.5,1.35,51.8,0.0,2023-03-27 19:00:00
2023-03-27,20:00,0.0,19.3,82.8,2.42,61.6,0.0,2023-03-27 20:00:00
2023-03-27,21:00,0.0,17.9,75.0,2.92,46.8,0.0,2023-03-27 21:00:00
2023-03-27,22:00,0.0,18.5,88.8,4.26,54.7,0.0,2023-03-27 22:00:00
2023-03-27,23:00,0.0,18.4,84.9,4.79,47.3,0.0,2023-03-27 23:00:00
2023-03-28,00:00,0.0,21.0,79.2,1.6,52.4,0.0,2023-03-28 00:00:00
2023-03-28,01:00,0.0,17.1,78.4,1.3,39.7,0.0,2023-03-28 01:00:00
2023-03-28,02:00,0.0,13.0,75.3,5.31,11.9,0.0,2023-03-28 02:00:00
2023-03-28,03:00,0.0,14.0,90.8,4.74,46.4,0.0,2023-03-28 03:00:00
2023-03-28,04:00,0.0,20.0,94.0,5.57,69.8,0.0,2023-03-28 04:00:00
2023-03-28,05:00,0.0,16.5,90.3,4.54,62.3,0.0,2023-03-28 05:00:00
2023-03-28,06:00,26.65,18.2,87.0,4.98,62.9,1.8,2023-03-28 06:00:00
2023-03-28,07:00,181.87,17.9,89.8,3.12,67.0,7.95,2023-03-28 07:00:00
2023-03-28,08:00,401.22,24.0,85.2,4.09,49.8,16.24,2023-03-28 08:00:00
2023-03-28,09:00,556.51,23.6,80.5,5.36,51.4,22.96,2023-03-28 09:00:00
2023-03-28,10:00,757.56,22.7,72.0,2.15,39.2,30.27,2023-03-28 10:00:00
2023-03-28,11:00,802.47,23.6,75.6,3.32,43.7,31.6,2023-03-28 11:00:00
2023-03-28,12:00,729.83,26.9,75.4,4.91,57.7,28.6,2023-03-28 12:00:00
2023-03-28,13:00,630.12,27.0,71.9,3.81,66.5,25.33,2023-03-28 13:00:00
2023-03-28,14:00,704.85,28.6,71.7,4.57,46.4,24.384999999999998,2023-03-28 14:00:00
2023-03-28,15:00,597.04,27.9,65.3,2.74,41.7,23.44,2023-03-28 15:00:00
2023-03-28,16:00,399.97,25.9,67.2,1.19,48.5,16.52,2023-03-28 16:00:00
2023-03-28,17:00,193.78,24.4,78.1,1.15,57.5,8.33,2023-03-28 17:00:00
2023-03-28,18:00,13.3,23.8,70.7,6.93,26.8,0.93,2023-03-28 18:00:00
2023-03-28,19:00,0.0,21.7,70.9,6.96,14.0,0.0,2023-03-28 19:00:00
2023-03-28,20:00,0.0,20.9,75.6,2.35,40.2,0.0,2023-03-28 20:00:00
2023-03-28,21:00,0.0,19.6,75.6,2.02,30.1,0.0,2023-03-28 21:00:00
2023-03-28,22:00,0.0,16.5,90.0,1.01,40.8,0.0,2023-03-28 22:00:00
2023-03-28,23:00,0.0,18.0,86.3,2.45,46.2,0.0,2023-03-28 23:00:00
2023-03-29,00:00,0.0,15.5,83.2,2.92,41.2,0.0,2023-03-29 00:00:00
2023-03-29,01:00,0.0,14.0,88.6,2.5,69.8,0.0,2023-03-29 01:00:00
2023-03-29,02:00,0.0,14.7,87.5,5.3,52.9,0.0,2023-03-29 02:00:00
2023-03-29,03:00,0.0,16.0,89.8,4.97,52.5,0.0,2023-03-29 03:00:00
2023-03-29,04:00,0.0,16.3,87.4,1.6,57.3,0.0,2023-03-29 04:00:00
2023-03-29,05:00,0.0,17.8,78.2,4.65,30.9,0.0,2023-03-29 05:00:00
2023-03-29,06:00,11.01,19.9,83.7,3.76,63.6,0.49,2023-03-29 06:00:00
2023-03-29,07:00,220.36,22.1,78.3,1.93,46.9,9.93,2023-03-29 07:00:00
2023-03-29,08:00,379.25,21.8,85.0,4.91,58.1,16.52,2023-03-29 08:00:00
2023-03-29,09:00,627.14,21.0,76.5,1.64,31.9,25.16,2023-03-29 09:00:00
2023-03-29,10:00,805.51,23.8,70.7,2.18,24.7,31.78,2023-03-29 10:00:00
2023-03-29,11:00,688.11,23.8,78.5,2.03,60.3,26.7,2023-03-29 11:00:00
2023-03-29,12:00,767.82,29.6,67.0,6.86,53.7,29.59,2023-03-29 12:00:00
2023-03-29,13:00,841.75,30.7,66.1,4.66,34.5,31.43,2023-03-29 13:00:00
2023-03-29,14:00,764.65,28.5,69.0,3.27,35.0,29.55,2023-03-29 14:00:00
2023-03-29,15:00,479.67,28.7,81.4,5.49,64.9,19.52,2023-03-29 15:00:00
2023-03-29,16:00,460.65,27.0,69.5,2.37,30.2,18.43,2023-03-29 16:00:00
2023-03-29,17:00,177.66,26.2,76.9,6.72,72.7,7.7,2023-03-29 17:00:00
2023-03-29,18:00,23.91,21.4,72.9,4.65,34.5,1.42,2023-03-29 18:00:00
2023-03-29,19:00,0.0,22.7,84.2,3.94,57.6,0.0,2023-03-29 19:00:00
2023-03-29,20:00,0.0,19.7,78.0,5.28,43.1,0.0,2023-03-29 20:00:00
2023-03-29,21:00,0.0,20.3,87.1,4.37,57.1,0.0,2023-03-29 21:00:00
2023-03-29,22:00,0.0,18.2,79.6,6.11,39.9,0.0,2023-03-29 22:00:00
2023-03-29,23:00,0.0,20.6,81.9,5.55,45.6,0.0,2023-03-29 23:00:00
2023-03-30,00:00,0.0,18.0,80.8,2.28,48.2,0.0,2023-03-30 00:00:00
2023-03-30,01:00,0.0,16.2,87.0,2.49,32.5,0.0,2023-03-30 01:00:00
2023-03-30,02:00,0.0,15.0,87.2,1.49,58.7,0.0,2023-03-30 02:00:00
2023-03-30,03:00,0.0,18.7,83.0,2.4,39.9,0.0,2023-03-30 03:00:00
2023-03-30,04:00,0.0,16.3,85.8,2.97,44.1,0.0,2023-03-30 04:00:00
2023-03-30,05:00,0.0,17.9,81.7,1.15,32.7,0.0,2023-03-30 05:00:00
2023-03-30,06:00,16.86,18.6,72.8,2.84,9.1,1.29,2023-03-30 06:00:00
2023-03-30,07:00,226.06,19.2,80.7,5.12,44.7,9.55,2023-03-30 07:00:00
2023-03-30,08:00,234.56,21.6,89.2,5.65,83.8,10.61,2023-03-30 08:00:00
2023-03-30,09:00,514.04,19.5,81.6,0.86,59.3,20.66,2023-03-30 09:00:00
2023-03-30,10:00,705.73,21.7,75.2,0.82,47.3,27.24,2023-03-30 10:00:00
2023-03-30,11:00,812.22,26.4,69.9,2.01,43.6,31.34,2023-03-30 11:00:00
2023-03-30,12:00,818.57,29.5,66.1,5.95,47.9,31.6,2023-03-30 12:00:00
2023-03-30,13:00,739.02,27.9,68.1,3.52,55.8,28.41,2023-03-30 13:00:00
2023-03-30,14:00,779.04,26.2,71.9,8.17,29.9,29.42,2023-03-30 14:00:00
2023-03-30,15:00,481.86,24.7,77.7,6.11,64.3,19.01,2023-03-30 15:00:00
2023-03-30,16:00,388.76,28.1,71.5,6.15,58.3,15.96,2023-03-30 16:00:00
2023-03-30,17:00,211.16,24.7,72.2,1.91,58.3,8.84,2023-03-30 17:00:00
2023-03-30,18:00,22.96,25.7,83.3,3.55,54.2,1.5,2023-03-30 18:00:00
2023-03-30,19:00,0.0,23.8,86.0,9.04,47.9,0.0,2023-03-30 19:00:00
2023-03-30,20:00,0.0,22.4,77.7,2.03,57.7,0.0,2023-03-30 20:00:00
2023-03-30,21:00,0.0,20.0,89.0,4.01,56.5,0.0,2023-03-30 21:00:00
2023-03-30,22:00,0.0,19.2,81.4,2.97,42.3,0.0,2023-03-30 22:00:00
2023-03-30,23:00,0.0,17.1,90.5,3.16,39.0,0.0,2023-03-30 23:00:00
2023-03-31,00:00,0.0,15.4,90.4,6.15,48.7,0.0,2023-03-31 00:00:00
2023-03-31,01:00,0.0,14.2,96.7,4.08,70.4,0.0,2023-03-31 01:00:00
2023-03-31,02:00,0.0,11.4,80.0,5.03,28.5,0.0,2023-03-31 02:00:00
2023-03-31,03:00,0.0,15.6,79.4,4.52,25.1,0.0,2023-03-31 03:00:00
2023-03-31,04:00,0.0,19.2,83.7,3.8,49.6,0.0,2023-03-31 04:00:00
2023-03-31,05:00,0.0,18.8,84.6,5.26,47.9,0.0,2023-03-31 05:00:00
2023-03-31,06:00,13.98,19.1,78.9,7.64,49.7,0.59,2023-03-31 06:00:00
2023-03-31,07:00,229.27,18.8,81.6,7.51,50.8,9.9,2023-03-31 07:00:00
2023-03-31,08:00,432.92,23.5,77.9,5.24,43.8,17.84,2023-03-31 08:00:00
2023-03-31,09:00,441.06,23.0,77.3,3.61,69.5,18.86,2023-03-31 09:00:00
2023-03-31,10:00,800.84,27.5,65.1,2.1,23.1,30.38,2023-03-31 10:00:00
2023-03-31,11:00,859.95,24.2,77.3,1.31,34.7,32.82,2023-03-31 11:00:00
2023-03-31,12:00,824.7,25.6,74.5,2.45,45.6,32.24,2023-03-31 12:00:00
2023-03-31,13:00,893.26,26.0,68.0,2.95,22.5,34.1,2023-03-31 13:00:00
2023-03-31,14:00,726.73,25.0,65.5,1.92,44.5,28.65,2023-03-31 14:00:00
2023-03-31,15:00,438.23,25.8,76.0,2.42,72.0,17.33,2023-03-31 15:00:00
2023-03-31,16:00,410.46,27.1,79.4,1.62,47.4,16.66,2023-03-31 16:00:00
2023-03-31,17:00,229.67,24.7,73.2,3.77,50.6,9.95,2023-03-31 17:00:00
2023-03-31,18:00,23.27,17.8,85.4,1.9,28.2,0.76,2023-03-31 18:00:00
2023-03-31,19:00,0.0,25.2,69.2,4.93,37.9,0.0,2023-03-31 19:00:00
2023-03-31,20:00,0.0,18.7,81.2,2.92,41.5,0.0,2023-03-31 20:00:00
2023-03-31,21:00,0.0,21.2,80.9,4.51,42.4,0.0,2023-03-31 21:00:00
2023-03-31,22:00,0.0,18.8,88.8,6.06,66.3,0.0,2023-03-31 22:00:00
2023-03-31,23:00,0.0,21.3,83.4,1.64,55.5,0.0,2023-03-31 23:00:00
2023-04-01,00:00,0.0,18.5,76.5,8.57,30.0,0.0,2023-04-01 00:00:00
2023-04-01,01:00,0.0,15.2,85.2,4.37,50.4,0.0,2023-04-01 01:00:00
2023-04-01,02:00,0.0,14.6,88.1,1.39,54.1,0.0,2023-04-01 02:00:00
2023-04-01,03:00,0.0,18.8,85.6,2.83,63.8,0.0,2023-04-01 03:00:00
2023-04-01,04:00,0.0,14.0,95.7,6.1,70.4,0.0,2023-04-01 04:00:00
2023-04-01,05:00,0.0,18.0,85.0,4.12,31.4,0.0,2023-04-01 05:00:00
2023-04-01,06:00,25.87,18.7,80.9,2.71,34.5,0.73,2023-04-01 06:00:00
2023-04-01,07:00,257.58,19.7,79.3,6.88,27.8,10.87,2023-04-01 07:00:00
2023-04-01,08:00,429.9,22.5,77.6,5.23,43.2,17.3,2023-04-01 08:00:00
2023-04-01,09:00,555.52,23.8,73.3,4.88,53.7,22.58,2023-04-01 09:00:00
2023-04-01,10:00,617.34,25.7,76.9,6.13,61.5,24.24,2023-04-01 10:00:00
2023-04-01,11:00,819.41,26.4,72.3,5.11,45.5,30.96,2023-04-01 11:00:00
2023-04-01,12:00,844.05,27.8,71.8,2.71,41.9,32.3,2023-04-01 12:00:00
2023-04-01,13:00,784.17,27.9,66.1,4.06,48.9,30.33,2023-04-01 13:00:00
2023-04-01,14:00,778.53,26.7,60.3,5.66,34.1,29.98,2023-04-01 14:00:00
2023-04-01,15:00,380.92,27.7,78.7,2.2,78.0,15.69,2023-04-01 15:00:00
2023-04-01,16:00,488.36,25.8,68.4,2.1,22.6,19.3,2023-04-01 16:00:00
2023-04-01,17:00,227.1,24.7,74.6,2.08,49.4,9.35,2023-04-01 17:00:00
2023-04-01,18:00,0.01,24.3,82.9,2.27,77.0,0.16,2023-04-01 18:00:00
2023-04-01,19:00,0.0,23.2,80.4,1.75,46.8,0.0,2023-04-01 19:00:00
2023-04-01,20:00,0.0,22.0,76.1,5.62,43.8,0.0,2023-04-01 20:00:00
2023-04-01,21:00,0.0,22.0,76.2,5.46,41.3,0.0,2023-04-01 21:00:00
2023-04-01,22:00,0.0,18.0,84.3,2.04,44.0,0.0,2023-04-01 22:00:00
2023-04-01,23:00,0.0,18.0,84.9,4.7,67.3,0.0,2023-04-01 23:00:00
2023-04-02,00:00,0.0,17.1,77.0,4.27,13.0,0.0,2023-04-02 00:00:00
2023-04-02,01:00,0.0,15.2,94.2,2.66,69.2,0.0,2023-04-02 01:00:00
2023-04-02,02:00,0.0,16.2,88.5,2.43,24.8,0.0,2023-04-02 02:00:00
2023-04-02,03:00,0.0,18.1,82.2,2.54,42.2,0.0,2023-04-02 03:00:00
2023-04-02,04:00,0.0,17.2,84.9,4.85,39.8,0.0,2023-04-02 04:00:00
2023-04-02,05:00,0.0,18.3,90.0,2.86,55.0,0.0,2023-04-02 05:00:00
2023-04-02,06:00,31.35,17.8,75.5,2.67,22.2,1.06,2023-04-02 06:00:00
2023-04-02,07:00,233.67,24.1,82.6,1.07,53.1,10.27,2023-04-02 07:00:00
2023-04-02,08:00,298.42,20.9,94.8,6.37,76.6,12.36,2023-04-02 08:00:00
2023-04-02,09:00,667.86,20.6,75.4,4.99,25.8,26.83,2023-04-02 09:00:00
2023-04-02,10:00,701.91,26.6,70.2,3.54,49.0,27.02,2023-04-02 10:00:00
2023-04-02,11:00,854.6,26.1,76.4,6.93,36.3,32.93,2023-04-02 11:00:00
2023-04-02,12:00,769.54,26.7,76.3,2.74,52.6,29.73,2023-04-02 12:00:00
2023-04-02,13:00,803.15,26.9,71.6,4.53,46.5,31.16,2023-04-02 13:00:00
2023-04-02,14:00,772.44,31.5,67.6,2.79,36.6,29.16,2023-04-02 14:00:00
2023-04-02,15:00,561.53,28.5,75.9,2.84,53.5,22.12,2023-04-02 15:00:00
2023-04-02,16:00,287.14,28.3,74.5,5.69,73.3,11.57,2023-04-02 16:00:00
2023-04-02,17:00,234.02,26.6,71.9,5.23,43.3,9.63,2023-04-02 17:00:00
2023-04-02,18:00,23.69,25.6,78.2,2.74,57.0,0.46,2023-04-02 18:00:00
2023-04-02,19:00,0.0,26.2,67.5,1.61,26.8,0.0,2023-04-02 19:00:00
2023-04-02,20:00,0.0,21.6,70.0,3.03,31.9,0.0,2023-04-02 20:00:00
2023-04-02,21:00,0.0,17.9,82.7,5.04,53.3,0.0,2023-04-02 21:00:00
2023-04-02,22:00,0.0,20.7,80.6,1.74,68.5,0.0,2023-04-02 22:00:00
2023-04-02,23:00,0.0,18.7,86.8,4.51,51.5,0.0,2023-04-02 23:00:00
2023-04-03,00:00,0.0,17.3,79.6,6.14,41.0,0.0,2023-04-03 00:00:00
2023-04-03,01:00,0.0,17.3,86.2,2.19,45.7,0.0,2023-04-03 01:00:00
2023-04-03,02:00,0.0,15.6,90.7,5.85,27.0,0.0,2023-04-03 02:00:00
2023-04-03,03:00,0.0,16.5,94.7,1.37,54.8,0.0,2023-04-03 03:00:00
2023-04-03,04:00,0.0,16.9,82.0,4.48,59.0,0.0,2023-04-03 04:00:00
2023-04-03,05:00,0.0,17.0,79.1,5.25,38.9,0.0,2023-04-03 05:00:00
2023-04-03,06:00,29.75,21.4,74.5,3.41,38.7,0.93,2023-04-03 06:00:00
2023-04-03,07:00,237.22,23.95,80.5,2.31,49.7,10.01,2023-04-03 07:00:00
2023-04-03,08:00,461.24,26.5,63.4,6.61,39.2,18.93,2023-04-03 08:00:00
2023-04-03,09:00,601.12,25.4,73.0,1.04,44.7,24.12,2023-04-03 09:00:00
2023-04-03,10:00,492.77,22.1,89.0,3.92,77.2,19.89,2023-04-03 10:00:00
2023-04-03,11:00,832.78,26.1,75.2,3.1,42.0,32.3,2023-04-03 11:00:00
2023-04-03,12:00,848.13,27.2,67.4,3.49,40.4,32.5,2023-04-03 12:00:00
2023-04-03,13:00,862.04,28.8,64.7,3.83,36.0,32.17,2023-04-03 13:00:00
2023-04-03,14:00,655.71,26.5,75.9,3.82,56.9,25.84,2023-04-03 14:00:00
2023-04-03,15:00,617.49,28.1,68.2,2.31,43.0,24.29,2023-04-03 15:00:00
2023-04-03,16:00,470.96,27.3,71.3,4.55,36.0,18.5,2023-04-03 16:00:00
2023-04-03,17:00,198.96,25.2,80.3,1.03,65.5,7.77,2023-04-03 17:00:00
2023-04-03,18:00,41.8,23.7,79.7,1.06,67.0,1.98,2023-04-03 18:00:00
2023-04-03,19:00,0.0,25.5,63.5,3.57,36.7,0.0,2023-04-03 19:00:00
2023-04-03,20:00,0.0,19.2,81.6,3.86,17.7,0.0,2023-04-03 20:00:00
2023-04-03,21:00,0.0,21.6,80.1,2.65,60.8,0.0,2023-04-03 21:00:00
2023-04-03,22:00,0.0,20.7,79.2,3.9,35.5,0.0,2023-04-03 22:00:00
2023-04-03,23:00,0.0,17.7,80.2,3.74,57.6,0.0,2023-04-03 23:00:00
2023-04-04,00:00,0.0,17.4,77.8,2.99,15.7,0.0,2023-04-04 00:00:00
2023-04-04,01:00,0.0,18.8,86.9,4.4,58.6,0.0,2023-04-04 01:00:00
2023-04-04,02:00,0.0,15.2,84.6,7.26,27.1,0.0,2023-04-04 02:00:00
2023-04-04,03:00,0.0,15.6,98.0,3.62,56.2,0.0,2023-04-04 03:00:00
2023-04-04,04:00,0.0,16.4,84.2,5.22,45.5,0.0,2023-04-04 04:00:00
2023-04-04,05:00,0.0,20.3,80.6,2.53,30.9,0.0,2023-04-04 05:00:00
2023-04-04,06:00,46.78,21.8,79.2,5.05,39.1,2.11,2023-04-04 06:00:00
2023-04-04,07:00,223.05,18.4,83.6,4.39,55.5,9.54,2023-04-04 07:00:00
2023-04-04,08:00,425.35,24.3,78.5,4.34,46.8,17.67,2023-04-04 08:00:00
2023-04-04,09:00,566.1,25.5,74.6,6.18,54.0,22.82,2023-04-04 09:00:00
2023-04-04,10:00,517.98,28.3,79.8,2.46,74.9,20.36,2023-04-04 10:00:00
2023-04-04,11:00,918.0,27.4,72.2,3.08,21.8,33.98,2023-04-04 11:00:00
2023-04-04,12:00,650.57,27.6,76.6,1.62,69.5,25.4,2023-04-04 12:00:00
2023-04-04,13:00,802.6,30.3,65.1,4.82,46.8,29.69,2023-04-04 13:00:00
2023-04-04,14:00,789.77,29.7,67.6,5.68,31.8,30.59,2023-04-04 14:00:00
2023-04-04,16:00,448.37,29.4,63.0,3.02,42.4,18.2,2023-04-04 16:00:00
2023-04-04,17:00,216.23,27.0,72.5,4.44,59.1,8.61,2023-04-04 17:00:00
2023-04-04,18:00,41.04,23.4,78.4,1.57,43.3,1.91,2023-04-04 18:00:00
2023-04-04,19:00,0.0,23.0,81.9,2.74,67.9,0.0,2023-04-04 19:00:00
2023-04-04,20:00,0.0,19.9,72.2,3.07,23.5,0.0,2023-04-04 20:00:00
2023-04-04,21:00,0.0,20.5,82.7,3.75,45.1,0.0,2023-04-04 21:00:00
2023-04-04,22:00,0.0,21.2,77.5,3.56,26.5,0.0,2023-04-04 22:00:00
2023-04-04,23:00,0.0,18.2,84.0,2.34,50.7,0.0,2023-04-04 23:00:00
2023-04-05,00:00,0.0,19.3,85.8,3.85,58.1,0.0,2023-04-05 00:00:00
2023-04-05,01:00,0.0,17.5,81.1,6.63,38.4,0.0,2023-04-05 01:00:00
2023-04-05,02:00,0.0,16.0,73.0,1.13,5.7,0.0,2023-04-05 02:00:00
2023-04-05,03:00,0.0,17.0,84.4,4.56,47.7,0.0,2023-04-05 03:00:00
2023-04-05,04:00,0.0,18.3,85.7,4.26,51.3,0.0,2023-04-05 04:00:00
2023-04-05,05:00,0.0,18.7,78.8,6.61,50.8,0.0,2023-04-05 05:00:00
2023-04-05,06:00,41.0,20.0,84.1,4.37,63.3,1.28,2023-04-05 06:00:00
2023-04-05,07:00,280.46,19.7,78.0,4.26,28.7,11.61,2023-04-05 07:00:00
2023-04-05,08:00,408.02,21.9,85.7,5.11,55.0,17.15,2023-04-05 08:00:00
2023-04-05,09:00,525.52,28.3,72.0,2.62,62.6,20.87,2023-04-05 09:00:00
2023-04-05,10:00,834.12,27.9,57.7,4.12,18.1,31.46,2023-04-05 10:00:00
2023-04-05,11:00,777.66,24.3,75.1,3.75,49.6,30.56,2023-04-05 11:00:00
2023-04-05,12:00,891.02,23.6,71.6,3.39,37.2,34.37,2023-04-05 12:00:00
2023-04-05,13:00,828.21,28.6,70.2,1.59,43.5,31.5,2023-04-05 13:00:00
2023-04-05,14:00,704.2,30.3,65.7,2.74,50.0,27.1,2023-04-05 14:00:00
2023-04-05,15:00,644.55,27.5,57.3,2.68,37.4,24.91,2023-04-05 15:00:00
2023-04-05,16:00,459.03,29.7,78.9,4.81,34.6,18.27,2023-04-05 16:00:00
2023-04-05,17:00,257.18,27.0,71.4,6.55,45.3,9.94,2023-04-05 17:00:00
2023-04-05,18:00,38.78,25.4,69.4,2.45,28.4,1.45,2023-04-05 18:00:00
2023-04-05,19:00,0.0,25.6,62.6,1.56,28.5,0.0,2023-04-05 19:00:00
2023-04-05,20:00,0.0,21.7,75.3,12.55,54.9,0.0,2023-04-05 20:00:00
2023-04-05,21:00,0.0,20.6,75.6,4.62,27.5,0.0,2023-04-05 21:00:00
2023-04-05,22:00,0.0,20.9,83.7,6.11,54.8,0.0,2023-04-05 22:00:00
2023-04-05,23:00,0.0,18.4,88.1,2.0,51.7,0.0,2023-04-05 23:00:00
2023-04-06,00:00,0.0,21.1,73.9,5.33,18.4,0.0,2023-04-06 00:00:00
2023-04-06,01:00,0.0,18.3,76.3,5.42,34.1,0.0,2023-04-06 01:00:00
2023-04-06,02:00,0.0,18.0,78.5,2.04,62.2,0.0,2023-04-06 02:00:00
2023-04-06,03:00,0.0,18.65,81.5,2.09,29.5,0.0,2023-04-06 03:00:00
2023-04-06,04:00,0.0,19.3,78.2,2.75,37.3,0.0,2023-04-06 04:00:00
2023-04-06,05:00,0.0,18.1,80.6,2.38,51.2,0.0,2023-04-06 05:00:00
2023-04-06,06:00,52.29,20.4,86.7,7.81,56.0,2.17,2023-04-06 06:00:00
2023-04-06,07:00,255.59,19.7,74.3,3.05,40.5,10.68,2023-04-06 07:00:00
2023-04-06,08:00,472.06,24.8,74.1,5.05,35.3,19.24,2023-04-06 08:00:00
2023-04-06,09:00,512.1,25.0,73.3,5.36,65.6,19.97,2023-04-06 09:00:00
2023-04-06,10:00,567.44,29.5,73.9,3.15,70.3,22.09,2023-04-06 10:00:00
2023-04-06,11:00,707.78,31.4,71.4,4.57,58.9,27.24,2023-04-06 11:00:00
2023-04-06,12:00,847.15,29.5,65.8,1.78,45.5,31.98,2023-04-06 12:00:00
2023-04-06,13:00,883.88,28.8,71.6,3.2,32.1,33.77,2023-04-06 13:00:00
2023-04-06,14:00,805.25,27.2,74.8,7.53,31.8,31.39,2023-04-06 14:00:00
2023-04-06,15:00,571.73,30.3,68.5,2.13,52.1,22.43,2023-04-06 15:00:00
2023-04-06,16:00,420.08,28.5,72.1,3.15,50.5,16.88,2023-04-06 16:00:00
2023-04-06,17:00,199.5,28.1,78.4,5.25,65.3,8.12,2023-04-06 17:00:00
2023-04-06,18:00,36.9,29.0,72.2,4.48,54.0,1.76,2023-04-06 18:00:00
2023-04-06,19:00,0.0,23.0,72.7,4.3,21.7,0.0,2023-04-06 19:00:00
2023-04-06,20:00,0.0,21.2,81.1,5.76,60.0,0.0,2023-04-06 20:00:00
2023-04-06,21:00,0.0,20.9,69.2,1.15,29.3,0.0,2023-04-06 21:00:00
2023-04-06,22:00,0.0,21.4,72.0,5.11,38.5,0.0,2023-04-06 22:00:00
2023-04-06,23:00,0.0,19.6,92.1,6.06,48.0,0.0,2023-04-06 23:00:00
2023-04-07,00:00,0.0,16.3,95.3,0.99,73.7,0.0,2023-04-07 00:00:00
2023-04-07,01:00,0.0,18.7,93.6,3.94,90.4,0.0,2023-04-07 01:00:00
2023-04-07,02:00,0.0,14.9,95.9,2.99,52.9,0.0,2023-04-07 02:00:00
2023-04-07,03:00,0.0,15.8,83.6,1.37,41.0,0.0,2023-04-07 03:00:00
2023-04-07,04:00,0.0,17.7,88.7,3.29,51.8,0.0,2023-04-07 04:00:00
2023-04-07,05:00,0.0,17.8,87.9,4.36,57.1,0.0,2023-04-07 05:00:00
2023-04-07,06:00,44.01,21.7,79.0,6.52,39.0,1.72,2023-04-07 06:00:00
2023-04-07,07:00,177.72,22.0,83.3,4.24,70.7,7.99,2023-04-07 07:00:00
2023-04-07,08:00,432.33,26.3,68.5,5.8,47.2,17.41,2023-04-07 08:00:00
2023-04-07,09:00,585.21,24.2,73.2,1.87,51.2,23.98,2023-04-07 09:00:00
2023-04-07,10:00,684.2,25.9,71.5,2.35,53.8,26.82,2023-04-07 10:00:00
2023-04-07,11:00,791.45,29.5,68.3,7.63,50.1,30.3,2023-04-07 11:00:00
2023-04-07,12:00,764.41,28.1,65.7,6.12,56.4,29.77,2023-04-07 12:00:00
2023-04-07,13:00,868.05,31.6,56.2,2.47,34.5,31.96,2023-04-07 13:00:00
2023-04-07,14:00,778.17,30.1,64.2,4.24,35.4,29.8,2023-04-07 14:00:00
2023-04-07,15:00,688.39,24.6,69.4,3.05,27.3,27.14,2023-04-07 15:00:00
2023-04-07,16:00,437.07,30.4,67.8,3.52,50.4,17.55,2023-04-07 16:00:00
2023-04-07,17:00,246.96,29.0,70.2,5.84,55.5,9.91,2023-04-07 17:00:00
2023-04-07,18:00,49.89,27.8,81.0,4.88,50.6,1.84,2023-04-07 18:00:00
2023-04-07,19:00,0.0,21.2,85.9,2.48,68.9,0.0,2023-04-07 19:00:00
2023-04-07,20:00,0.0,21.9,76.6,2.84,43.7,0.0,2023-04-07 20:00:00
2023-04-07,21:00,0.0,20.5,83.1,2.72,53.8,0.0,2023-04-07 21:00:00
2023-04-07,22:00,0.0,18.6,83.0,5.18,27.4,0.0,2023-04-07 22:00:00
2023-04-07,23:00,0.0,22.0,76.3,3.62,38.0,0.0,2023-04-07 23:00:00
2023-04-08,00:00,0.0,18.1,89.0,7.09,53.7,0.0,2023-04-08 00:00:00
2023-04-08,01:00,0.0,17.4,89.5,5.45,56.0,0.0,2023-04-08 01:00:00
2023-04-08,02:00,0.0,18.3,81.1,2.35,38.9,0.0,2023-04-08 02:00:00
2023-04-08,03:00,0.0,18.5,83.2,5.22,42.2,0.0,2023-04-08 03:00:00
2023-04-08,04:00,0.0,12.1,93.4,3.69,20.5,0.0,2023-04-08 04:00:00
2023-04-08,05:00,0.0,17.9,83.6,2.56,37.9,0.0,2023-04-08 05:00:00
2023-04-08,06:00,40.83,17.7,83.7,3.05,56.6,1.82,2023-04-08 06:00:00
2023-04-08,07:00,248.78,22.5,77.9,7.69,51.9,10.93,2023-04-08 07:00:00
2023-04-08,08:00,420.4,22.8,70.0,3.59,50.8,17.59,2023-04-08 08:00:00
2023-04-08,09:00,623.13,24.9,74.2,4.79,44.0,24.19,2023-04-08 09:00:00
2023-04-08,10:00,757.75,22.5,82.3,3.56,43.4,29.76,2023-04-08 10:00:00
2023-04-08,11:00,882.26,27.0,62.5,3.09,33.4,32.69,2023-04-08 11:00:00
2023-04-08,12:00,794.38,30.5,68.3,5.29,53.7,29.38,2023-04-08 12:00:00
2023-04-08,13:00,787.61,31.6,68.9,5.72,49.6,29.56,2023-04-08 13:00:00
2023-04-08,14:00,704.02,30.6,71.1,1.54,50.6,26.79,2023-04-08 14:00:00
2023-04-08,15:00,656.89,26.7,73.9,2.67,35.4,25.54,2023-04-08 15:00:00
2023-04-08,16:00,520.81,30.7,49.2,3.7,11.0,19.74,2023-04-08 16:00:00
2023-04-08,17:00,209.84,28.8,73.8,2.84,59.7,8.97,2023-04-08 17:00:00
2023-04-08,18:00,57.62,26.1,63.8,5.2,36.1,2.18,2023-04-08 18:00:00
2023-04-08,19:00,0.0,21.2,71.8,1.83,30.3,0.0,2023-04-08 19:00:00
2023-04-08,20:00,0.0,25.0,79.2,5.3,53.7,0.0,2023-04-08 20:00:00
2023-04-08,21:00,0.0,20.7,78.9,4.23,37.4,0.0,2023-04-08 21:00:00
2023-04-08,22:00,0.0,20.9,86.3,2.72,59.2,0.0,2023-04-08 22:00:00
2023-04-08,23:00,0.0,19.2,80.6,2.97,52.5,0.0,2023-04-08 23:00:00
2023-04-09,00:00,0.0,21.1,87.5,2.21,53.0,0.0,2023-04-09 00:00:00
2023-04-09,01:00,0.0,17.5,82.1,2.55,22.3,0.0,2023-04-09 01:00:00
2023-04-09,02:00,0.0,17.5,92.5,4.77,60.9,0.0,2023-04-09 02:00:00
2023-04-09,03:00,0.0,20.5,76.6,3.11,46.7,0.0,2023-04-09 03:00:00
2023-04-09,04:00,0.0,17.1,88.3,4.6,37.2,0.0,2023-04-09 04:00:00
2023-04-09,05:00,0.0,20.7,78.9,3.73,44.9,0.0,2023-04-09 05:00:00
2023-04-09,06:00,69.27,20.1,71.4,2.01,16.1,2.72,2023-04-09 06:00:00
2023-04-09,07:00,260.68,20.1,84.6,3.66,48.9,11.41,2023-04-09 07:00:00
2023-04-09,08:00,502.1,23.5,73.9,5.02,27.3,19.8,2023-04-09 08:00:00
2023-04-09,09:00,692.26,26.3,62.8,2.76,22.5,27.27,2023-04-09 09:00:00
2023-04-09,10:00,844.76,28.9,69.9,4.38,19.9,32.1,2023-04-09 10:00:00
2023-04-09,11:00,725.49,30.4,76.5,2.29,59.5,27.67,2023-04-09 11:00:00
2023-04-09,12:00,924.14,28.2,68.5,1.95,33.3,34.62,2023-04-09 12:00:00
2023-04-09,13:00,673.73,27.5,76.9,3.04,65.8,26.11,2023-04-09 13:00:00
2023-04-09,14:00,787.06,28.9,66.6,3.17,34.7,30.24,2023-04-09 14:00:00
2023-04-09,15:00,692.09,27.2,57.3,5.05,17.1,26.84,2023-04-09 15:00:00
2023-04-09,16:00,495.48,28.3,64.5,3.48,26.0,19.07,2023-04-09 16:00:00
2023-04-09,17:00,230.74,27.1,75.1,1.61,61.3,9.51,2023-04-09 17:00:00
2023-04-09,18:00,42.48,27.8,66.1,4.31,40.4,2.12,2023-04-09 18:00:00
2023-04-09,19:00,0.0,21.1,75.7,3.52,34.5,0.0,2023-04-09 19:00:00
2023-04-09,20:00,0.0,22.2,68.5,2.91,45.2,0.0,2023-04-09 20:00:00
2023-04-09,21:00,0.0,20.6,77.3,5.34,50.3,0.0,2023-04-09 21:00:00
2023-04-09,22:00,0.0,22.6,84.7,2.06,59.5,0.0,2023-04-09 22:00:00
2023-04-09,23:00,0.0,17.2,97.2,6.44,64.5,0.0,2023-04-09 23:00:00
2023-04-10,00:00,0.0,18.9,77.1,2.92,36.9,0.0,2023-04-10 00:00:00
2023-04-10,01:00,0.0,17.7,79.8,3.49,22.4,0.0,2023-04-10 01:00:00
2023-04-10,02:00,0.0,19.6,84.0,6.68,36.0,0.0,2023-04-10 02:00:00
2023-04-10,03:00,0.0,19.0,81.0,5.05,46.2,0.0,2023-04-10 03:00:00
2023-04-10,04:00,0.0,18.7,81.6,1.56,27.8,0.0,2023-04-10 04:00:00
2023-04-10,05:00,0.0,18.4,79.2,4.03,27.9,0.0,2023-04-10 05:00:00
2023-04-10,06:00,44.64,17.4,90.5,2.82,47.4,2.22,2023-04-10 06:00:00
2023-04-10,07:00,280.47,22.6,71.4,3.7,41.5,11.55,2023-04-10 07:00:00
2023-04-10,08:00,473.06,24.6,69.4,4.93,42.7,19.01,2023-04-10 08:00:00
2023-04-10,09:00,681.33,22.4,75.2,3.65,30.9,27.54,2023-04-10 09:00:00
2023-04-10,10:00,774.66,24.5,73.3,1.53,38.8,29.52,2023-04-10 10:00:00
2023-04-10,11:00,910.4,28.4,64.3,3.8,28.4,34.1,2023-04-10 11:00:00
2023-04-10,12:00,770.66,29.5,72.0,1.09,55.6,29.61,2023-04-10 12:00:00
2023-04-10,13:00,746.0,27.7,69.2,2.99,57.8,28.44,2023-04-10 13:00:00
2023-04-10,14:00,850.69,28.7,55.1,3.56,14.6,31.53,2023-04-10 14:00:00
2023-04-10,15:00,677.89,26.2,65.8,4.37,28.3,27.27,2023-04-10 15:00:00
2023-04-10,16:00,503.23,31.4,56.3,3.69,19.8,20.07,2023-04-10 16:00:00
2023-04-10,17:00,263.55,25.6,68.6,2.04,32.5,11.26,2023-04-10 17:00:00
2023-04-10,18:00,49.5,27.7,73.8,6.73,41.0,2.07,2023-04-10 18:00:00
2023-04-10,19:00,0.0,25.2,70.4,4.4,20.5,0.0,2023-04-10 19:00:00
2023-04-10,20:00,0.0,26.0,70.2,2.85,23.85,0.0,2023-04-10 20:00:00
2023-04-10,21:00,0.0,20.7,76.6,7.49,27.2,0.0,2023-04-10 21:00:00
2023-04-10,22:00,0.0,20.8,78.4,6.06,45.4,0.0,2023-04-10 22:00:00
2023-04-10,23:00,0.0,16.4,82.8,2.0,43.3,0.0,2023-04-10 23:00:00
2023-04-11,00:00,0.0,15.2,80.1,4.42,30.9,0.0,2023-04-11 00:00:00
2023-04-11,01:00,0.0,19.2,79.5,3.94,44.4,0.0,2023-04-11 01:00:00
2023-04-11,02:00,0.0,14.7,86.2,2.26,33.5,0.0,2023-04-11 02:00:00
2023-04-11,03:00,0.0,17.7,78.2,2.46,37.7,0.0,2023-04-11 03:00:00
2023-04-11,04:00,0.0,20.5,86.6,3.96,66.8,0.0,2023-04-11 04:00:00
2023-04-11,05:00,0.0,21.0,83.2,2.87,61.8,0.0,2023-04-11 05:00:00
2023-04-11,06:00,55.85,19.7,74.4,5.6,22.2,2.29,2023-04-11 06:00:00
2023-04-11,07:00,253.73,19.5,88.9,1.72,54.2,10.46,2023-04-11 07:00:00
2023-04-11,08:00,424.63,24.8,66.4,6.45,53.9,17.57,2023-04-11 08:00:00
2023-04-11,09:00,691.88,27.9,62.7,5.65,24.5,27.08,2023-04-11 09:00:00
2023-04-11,10:00,703.26,25.7,65.5,4.9,54.0,27.69,2023-04-11 10:00:00
2023-04-11,11:00,681.74,26.7,77.1,2.6,64.8,26.63,2023-04-11 11:00:00
2023-04-11,12:00,941.93,28.1,67.1,4.76,24.9,35.43,2023-04-11 12:00:00
2023-04-11,13:00,908.81,30.7,55.5,3.39,28.0,34.08,2023-04-11 13:00:00
2023-04-11,14:00,680.42,32.1,61.2,4.31,57.0,26.11,2023-04-11 14:00:00
2023-04-11,15:00,624.7,27.5,63.4,2.83,45.8,24.52,2023-04-11 15:00:00
2023-04-11,16:00,443.04,26.4,73.2,5.61,50.0,17.76,2023-04-11 16:00:00
2023-04-11,17:00,269.79,32.3,61.9,1.27,46.8,11.4,2023-04-11 17:00:00
2023-04-11,18:00,55.04,26.6,70.9,4.62,47.6,1.9,2023-04-11 18:00:00
2023-04-11,19:00,0.0,25.9,65.1,5.55,21.8,0.0,2023-04-11 19:00:00
2023-04-11,20:00,0.0,22.6,76.6,4.37,57.4,0.0,2023-04-11 20:00:00
2023-04-11,21:00,0.0,23.2,84.5,2.25,59.3,0.0,2023-04-11 21:00:00
2023-04-11,22:00,0.0,22.6,76.8,2.7,38.3,0.0,2023-04-11 22:00:00
2023-04-11,23:00,0.0,20.2,75.2,3.73,41.1,0.0,2023-04-11 23:00:00
2023-04-12,00:00,0.0,22.0,68.8,2.9,18.3,0.0,2023-04-12 00:00:00
2023-04-12,01:00,0.0,17.7,82.2,0.77,48.9,0.0,2023-04-12 01:00:00
2023-04-12,02:00,0.0,17.6,91.7,1.27,49.8,0.0,2023-04-12 02:00:00
2023-04-12,03:00,0.0,18.7,84.9,5.09,40.3,0.0,2023-04-12 03:00:00
2023-04-12,04:00,0.0,19.7,84.5,1.62,58.1,0.0,2023-04-12 04:00:00
2023-04-12,05:00,0.0,20.3,85.4,6.66,36.2,0.0,2023-04-12 05:00:00
2023-04-12,06:00,58.37,18.8,90.0,3.41,49.7,2.46,2023-04-12 06:00:00
2023-04-12,07:00,294.43,23.1,70.9,5.03,25.9,12.58,2023-04-12 07:00:00
2023-04-12,08:00,472.06,23.4,73.5,1.89,40.9,19.27,2023-04-12 08:00:00
2023-04-12,09:00,648.35,24.6,71.3,6.64,38.6,25.86,2023-04-12 09:00:00
2023-04-12,10:00,752.92,27.2,66.5,1.2,44.6,29.15,2023-04-12 10:00:00
2023-04-12,11:00,889.66,26.6,76.0,1.29,35.7,34.14,2023-04-12 11:00:00
2023-04-12,12:00,878.46,27.2,65.0,1.4,39.3,33.47,2023-04-12 12:00:00
2023-04-12,13:00,789.27,25.2,79.1,1.76,53.6,30.37,2023-04-12 13:00:00
2023-04-12,14:00,806.32,33.2,61.6,3.6,34.7,30.01,2023-04-12 14:00:00
2023-04-12,15:00,708.34,30.9,56.7,5.23,17.1,26.91,2023-04-12 15:00:00
2023-04-12,16:00,369.87,29.1,80.5,2.7,67.5,15.19,2023-04-12 16:00:00
2023-04-12,17:00,216.24,27.1,68.6,4.95,61.9,9.24,2023-04-12 17:00:00
2023-04-12,18:00,63.91,21.9,72.3,5.13,21.8,2.64,2023-04-12 18:00:00
2023-04-12,19:00,0.0,24.3,74.5,6.37,51.6,0.0,2023-04-12 19:00:00
2023-04-12,20:00,0.0,25.4,74.2,2.03,33.7,0.0,2023-04-12 20:00:00
2023-04-12,21:00,0.0,24.2,76.4,1.95,45.2,0.0,2023-04-12 21:00:00
2023-04-12,22:00,0.0,22.3,71.1,1.87,45.6,0.0,2023-04-12 22:00:00
2023-04-12,23:00,0.0,20.1,84.2,3.04,37.7,0.0,2023-04-12 23:00:00
2023-04-13,00:00,0.0,21.5,76.9,3.62,29.0,0.0,2023-04-13 00:00:00
2023-04-13,01:00,0.0,17.9,76.6,3.49,30.4,0.0,2023-04-13 01:00:00
2023-04-13,02:00,0.0,20.3,74.9,2.57,27.0,0.0,2023-04-13 02:00:00
2023-04-13,03:00,0.0,17.8,75.2,4.25,28.2,0.0,2023-04-13 03:00:00
2023-04-13,04:00,0.0,17.5,83.0,2.94,39.7,0.0,2023-04-13 04:00:00
2023-04-13,05:00,0.0,18.2,80.8,3.07,30.0,0.0,2023-04-13 05:00:00
2023-04-13,06:00,65.72,19.4,82.3,1.77,50.9,2.89,2023-04-13 06:00:00
2023-04-13,07:00,235.81,23.9,78.1,4.1,63.0,10.12,2023-04-13 07:00:00
2023-04-13,08:00,508.81,23.95,67.1,4.42,32.0,21.22,2023-04-13 08:00:00
2023-04-13,09:00,631.0,24.0,76.4,5.03,44.3,25.11,2023-04-13 09:00:00
2023-04-13,10:00,742.42,28.6,61.5,6.32,48.2,28.45,2023-04-13 10:00:00
2023-04-13,11:00,814.71,29.1,68.4,5.08,47.8,31.35,2023-04-13 11:00:00
2023-04-13,12:00,874.09,31.2,56.5,2.47,41.8,32.02,2023-04-13 12:00:00
2023-04-13,13:00,787.76,31.0,66.7,2.47,51.9,29.77,2023-04-13 13:00:00
2023-04-13,14:00,738.23,28.9,68.6,6.47,47.9,28.9,2023-04-13 14:00:00
2023-04-13,15:00,689.43,30.2,61.8,5.25,22.1,26.74,2023-04-13 15:00:00
2023-04-13,16:00,437.53,29.7,72.3,5.19,53.7,17.28,2023-04-13 16:00:00
2023-04-13,17:00,229.1,26.9,77.3,4.79,54.0,9.13,2023-04-13 17:00:00
2023-04-13,18:00,92.3,25.3,62.9,2.62,29.3,4.4,2023-04-13 18:00:00
2023-04-13,19:00,0.0,24.6,73.2,5.71,41.3,0.0,2023-04-13 19:00:00
2023-04-13,20:00,0.0,28.0,78.8,1.99,51.0,0.0,2023-04-13 20:00:00
2023-04-13,21:00,0.0,22.0,76.9,2.99,37.6,0.0,2023-04-13 21:00:00
2023-04-13,22:00,0.0,23.5,75.6,2.98,56.8,0.0,2023-04-13 22:00:00
2023-04-13,23:00,0.0,19.2,89.9,3.94,76.2,0.0,2023-04-13 23:00:00
2023-04-14,00:00,0.0,20.9,74.2,3.5,28.4,0.0,2023-04-14 00:00:00
2023-04-14,01:00,0.0,20.3,69.7,3.48,19.5,0.0,2023-04-14 01:00:00
2023-04-14,02:00,0.0,20.2,84.4,3.91,44.8,0.0,2023-04-14 02:00:00
2023-04-14,03:00,0.0,19.4,86.0,3.28,51.0,0.0,2023-04-14 03:00:00
2023-04-14,04:00,0.0,21.8,71.1,2.54,36.7,0.0,2023-04-14 04:00:00
2023-04-14,05:00,0.0,20.9,68.5,4.47,62.0,0.0,2023-04-14 05:00:00
2023-04-14,06:00,77.09,24.6,65.9,5.25,20.1,2.73,2023-04-14 06:00:00
2023-04-14,07:00,262.82,20.0,76.2,3.57,50.6,11.99,2023-04-14 07:00:00
2023-04-14,08:00,502.79,25.1,64.5,4.39,31.1,20.65,2023-04-14 08:00:00
2023-04-14,09:00,516.17,26.6,71.5,3.83,66.0,20.09,2023-04-14 09:00:00
2023-04-14,10:00,568.95,25.8,78.6,1.44,70.1,23.2,2023-04-14 10:00:00
2023-04-14,11:00,917.41,29.8,60.6,3.32,28.7,34.17,2023-04-14 11:00:00
2023-04-14,12:00,942.92,27.0,63.7,0.88,32.0,35.14,2023-04-14 12:00:00
2023-04-14,13:00,782.1,29.1,68.1,4.46,53.1,29.62,2023-04-14 13:00:00
2023-04-14,14:00,809.76,26.9,71.2,3.7,34.4,31.11,2023-04-14 14:00:00
2023-04-14,15:00,653.63,33.1,61.7,1.9,39.5,25.16,2023-04-14 15:00:00
2023-04-14,16:00,489.99,29.3,70.2,3.86,40.6,19.25,2023-04-14 16:00:00
2023-04-14,17:00,310.41,32.6,53.0,6.25,11.4,12.55,2023-04-14 17:00:00
2023-04-14,18:00,80.02,29.0,72.9,2.95,40.0,4.71,2023-04-14 18:00:00
2023-04-14,19:00,0.0,26.9,68.5,8.14,29.8,0.0,2023-04-14 19:00:00
2023-04-14,20:00,0.0,23.5,71.0,7.3,32.8,0.0,2023-04-14 20:00:00
2023-04-14,21:00,0.0,21.1,84.2,5.21,61.8,0.0,2023-04-14 21:00:00
2023-04-14,22:00,0.0,22.4,66.7,5.43,21.3,0.0,2023-04-14 22:00:00
2023-04-14,23:00,0.0,20.1,81.7,3.26,52.4,0.0,2023-04-14 23:00:00
2023-04-15,00:00,0.0,17.1,84.9,3.23,35.5,0.0,2023-04-15 00:00:00
2023-04-15,01:00,0.0,16.2,87.0,7.18,35.5,0.0,2023-04-15 01:00:00
2023-04-15,02:00,0.0,17.0,85.7,3.07,51.5,0.0,2023-04-15 02:00:00
2023-04-15,03:00,0.0,22.2,88.8,1.71,44.8,0.0,2023-04-15 03:00:00
2023-04-15,04:00,0.0,23.5,76.1,2.05,48.2,0.0,2023-04-15 04:00:00
2023-04-15,05:00,0.0,20.8,75.6,4.73,54.2,0.0,2023-04-15 05:00:00
2023-04-15,06:00,74.36,22.0,80.5,3.14,34.7,3.62,2023-04-15 06:00:00
2023-04-15,07:00,288.96,22.6,76.2,2.29,30.5,11.82,2023-04-15 07:00:00
2023-04-15,08:00,523.95,23.0,72.3,5.43,23.4,21.75,2023-04-15 08:00:00
2023-04-15,09:00,706.94,28.7,61.9,3.61,27.3,27.2,2023-04-15 09:00:00
2023-04-15,10:00,429.95,31.1,75.9,3.98,83.9,17.05,2023-04-15 10:00:00
2023-04-15,11:00,749.54,27.3,80.1,2.05,58.3,28.74,2023-04-15 11:00:00
2023-04-15,12:00,983.74,29.8,61.0,2.26,19.4,36.81,2023-04-15 12:00:00
2023-04-15,13:00,953.38,29.7,54.5,1.89,19.8,35.03,2023-04-15 13:00:00
2023-04-15,14:00,763.9,30.0,52.9,3.73,46.9,28.84,2023-04-15 14:00:00
2023-04-15,15:00,615.41,32.6,64.6,5.15,47.9,23.36,2023-04-15 15:00:00
2023-04-15,16:00,452.26,27.5,66.8,4.86,47.9,18.07,2023-04-15 16:00:00
2023-04-15,17:00,298.7,29.8,63.9,2.59,35.9,12.2,2023-04-15 17:00:00
2023-04-15,18:00,79.19,29.0,62.7,5.75,37.8,3.59,2023-04-15 18:00:00
2023-04-15,19:00,0.0,26.0,68.6,1.77,44.6,0.0,2023-04-15 19:00:00
2023-04-15,20:00,0.0,26.3,67.7,1.82,41.0,0.0,2023-04-15 20:00:00
2023-04-15,21:00,0.0,23.4,63.8,5.73,6.4,0.0,2023-04-15 21:00:00
2023-04-15,22:00,0.0,23.9,76.3,2.51,36.2,0.0,2023-04-15 22:00:00
2023-04-15,23:00,0.0,17.7,82.5,4.72,26.9,0.0,2023-04-15 23:00:00
2023-04-16,00:00,0.0,19.1,77.0,0.86,41.8,0.0,2023-04-16 00:00:00
2023-04-16,01:00,0.0,19.0,88.2,1.69,83.9,0.0,2023-04-16 01:00:00
2023-04-16,02:00,0.0,14.1,91.5,4.18,44.7,0.0,2023-04-16 02:00:00
2023-04-16,03:00,0.0,17.2,87.0,2.21,34.5,0.0,2023-04-16 03:00:00
2023-04-16,04:00,0.0,18.3,89.9,1.14,53.0,0.0,2023-04-16 04:00:00
2023-04-16,05:00,0.0,22.4,74.0,3.51,46.4,0.0,2023-04-16 05:00:00
2023-04-16,06:00,68.48,20.6,84.4,2.91,45.5,2.99,2023-04-16 06:00:00
2023-04-16,07:00,260.94,21.9,72.1,5.34,48.3,11.58,2023-04-16 07:00:00
2023-04-16,08:00,349.25,26.4,77.1,5.47,70.0,14.91,2023-04-16 08:00:00
2023-04-16,09:00,725.42,23.6,72.1,4.21,22.2,28.05,2023-04-16 09:00:00
2023-04-16,10:00,760.46,24.2,67.0,2.74,46.3,29.54,2023-04-16 10:00:00
2023-04-16,11:00,938.52,28.5,71.9,3.49,25.3,35.61,2023-04-16 11:00:00
2023-04-16,12:00,861.41,27.5,75.9,4.68,47.5,32.82,2023-04-16 12:00:00
2023-04-16,13:00,945.43,28.2,66.6,1.52,25.4,35.14,2023-04-16 13:00:00
2023-04-16,14:00,803.93,31.9,56.5,2.92,32.9,30.41,2023-04-16 14:00:00
2023-04-16,15:00,666.5,32.3,60.0,5.5,34.7,25.96,2023-04-16 15:00:00
2023-04-16,16:00,430.48,31.5,69.4,3.24,53.8,17.03,2023-04-16 16:00:00
2023-04-16,17:00,257.2,31.2,61.9,4.26,52.9,10.35,2023-04-16 17:00:00
2023-04-16,18:00,79.44,30.2,59.1,1.71,20.5,2.36,2023-04-16 18:00:00
2023-04-16,19:00,0.0,22.6,79.7,5.16,40.0,0.0,2023-04-16 19:00:00
2023-04-16,20:00,0.0,25.7,62.6,1.74,28.5,0.0,2023-04-16 20:00:00
2023-04-16,21:00,0.0,22.4,72.8,5.84,20.3,0.0,2023-04-16 21:00:00
2023-04-16,22:00,0.0,20.6,71.1,1.78,35.9,0.0,2023-04-16 22:00:00
2023-04-16,23:00,0.0,21.7,72.3,6.16,34.5,0.0,2023-04-16 23:00:00
2023-04-17,00:00,0.0,16.8,91.5,3.06,75.0,0.0,2023-04-17 00:00:00
2023-04-17,01:00,0.0,16.2,89.0,4.26,45.1,0.0,2023-04-17 01:00:00
2023-04-17,02:00,0.0,20.3,71.2,5.7,18.0,0.0,2023-04-17 02:00:00
2023-04-17,03:00,0.0,20.2,77.7,0.89,30.2,0.0,2023-04-17 03:00:00
2023-04-17,04:00,0.0,20.2,80.4,2.61,54.0,0.0,2023-04-17 04:00:00
2023-04-17,05:00,0.0,19.3,86.4,6.37,70.0,0.0,2023-04-17 05:00:00
2023-04-17,06:00,84.87,23.5,73.5,3.16,14.9,4.35,2023-04-17 06:00:00
2023-04-17,07:00,312.79,24.8,60.8,4.71,10.4,13.41,2023-04-17 07:00:00
2023-04-17,08:00,369.17,25.3,81.8,1.98,66.7,15.7,2023-04-17 08:00:00
2023-04-17,09:00,629.25,24.6,74.2,4.55,44.5,25.13,2023-04-17 09:00:00
2023-04-17,10:00,843.06,27.4,63.0,1.55,25.6,31.85,2023-04-17 10:00:00
2023-04-17,11:00,825.62,30.9,60.4,4.77,46.7,30.85,2023-04-17 11:00:00
2023-04-17,12:00,1006.7,32.7,46.4,2.88,0.0,37.14,2023-04-17 12:00:00
2023-04-17,13:00,881.65,30.3,61.3,3.51,38.7,33.36,2023-04-17 13:00:00
2023-04-17,14:00,770.89,30.7,64.2,2.12,43.6,28.72,2023-04-17 14:00:00
2023-04-17,15:00,592.67,30.6,69.6,4.28,52.5,23.46,2023-04-17 15:00:00
2023-04-17,16:00,529.46,30.8,58.5,2.94,23.4,20.4,2023-04-17 16:00:00
2023-04-17,17:00,296.43,28.3,66.6,3.14,39.9,12.25,2023-04-17 17:00:00
2023-04-17,18:00,84.98,22.9,71.5,4.41,24.8,3.99,2023-04-17 18:00:00
2023-04-17,19:00,0.0,28.8,69.3,2.19,42.5,0.0,2023-04-17 19:00:00
2023-04-17,20:00,0.0,28.4,66.3,5.75,25.2,0.0,2023-04-17 20:00:00
2023-04-17,21:00,0.0,22.5,68.8,4.91,32.5,0.0,2023-04-17 21:00:00
2023-04-17,22:00,0.0,20.2,74.5,4.03,23.7,0.0,2023-04-17 22:00:00
2023-04-17,23:00,0.0,20.6,86.1,1.91,48.4,0.0,2023-04-17 23:00:00
2023-04-18,00:00,0.0,19.8,77.8,4.6,51.0,0.0,2023-04-18 00:00:00
2023-04-18,01:00,0.0,21.3,77.0,1.01,34.6,0.0,2023-04-18 01:00:00
2023-04-18,02:00,0.0,19.4,79.9,5.35,38.7,0.0,2023-04-18 02:00:00
2023-04-18,03:00,0.0,18.1,74.7,2.79,16.4,0.0,2023-04-18 03:00:00
2023-04-18,04:00,0.0,17.8,88.1,1.84,33.6,0.0,2023-04-18 04:00:00
2023-04-18,05:00,0.0,22.6,75.6,2.11,37.4,0.0,2023-04-18 05:00:00
2023-04-18,06:00,40.09,23.4,90.3,7.4,77.4,1.53,2023-04-18 06:00:00
2023-04-18,07:00,309.79,25.7,66.8,5.13,21.5,12.73,2023-04-18 07:00:00
2023-04-18,08:00,414.04,23.6,81.5,2.48,60.1,17.8,2023-04-18 08:00:00
2023-04-18,09:00,591.91,30.2,65.7,7.41,53.1,23.26,2023-04-18 09:00:00
2023-04-18,10:00,806.79,25.2,70.5,1.98,42.3,31.37,2023-04-18 10:00:00
2023-04-18,11:00,697.05,30.8,71.6,4.87,64.5,26.94,2023-04-18 11:00:00
2023-04-18,12:00,879.2,27.1,72.0,4.43,43.7,32.41,2023-04-18 12:00:00
2023-04-18,13:00,846.89,29.7,68.8,5.49,44.0,31.83,2023-04-18 13:00:00
2023-04-18,14:00,800.01,34.1,59.7,3.13,37.3,29.2,2023-04-18 14:00:00
2023-04-18,15:00,577.93,32.6,59.9,3.22,56.5,23.0,2023-04-18 15:00:00
2023-04-18,16:00,438.58,29.5,66.2,4.26,54.6,16.8,2023-04-18 16:00:00
2023-04-18,17:00,306.45,28.6,67.7,3.21,28.7,12.33,2023-04-18 17:00:00
2023-04-18,18:00,86.12,28.5,54.0,1.28,18.3,3.5,2023-04-18 18:00:00
2023-04-18,19:00,0.0,27.8,68.2,4.85,35.1,0.0,2023-04-18 19:00:00
2023-04-18,20:00,0.0,27.6,64.7,4.35,26.1,0.0,2023-04-18 20:00:00
2023-04-18,21:00,0.0,23.0,78.2,3.32,37.2,0.0,2023-04-18 21:00:00
2023-04-18,22:00,0.0,19.4,86.7,2.78,56.7,0.0,2023-04-18 22:00:00
2023-04-18,23:00,0.0,21.4,73.1,2.86,31.3,0.0,2023-04-18 23:00:00
2023-04-19,00:00,0.0,19.5,77.2,4.92,37.0,0.0,2023-04-19 00:00:00
2023-04-19,01:00,0.0,17.4,81.4,4.84,38.5,0.0,2023-04-19 01:00:00
2023-04-19,02:00,0.0,20.1,84.8,5.47,50.3,0.0,2023-04-19 02:00:00
2023-04-19,03:00,0.0,19.4,62.7,5.05,3.9,0.0,2023-04-19 03:00:00
2023-04-19,04:00,0.0,20.9,76.4,5.03,28.5,0.0,2023-04-19 04:00:00
2023-04-19,05:00,0.0,19.7,77.1,2.55,40.8,0.0,2023-04-19 05:00:00
2023-04-19,06:00,68.33,23.4,79.6,1.74,55.6,2.67,2023-04-19 06:00:00
2023-04-19,07:00,313.2,21.6,76.5,5.05,30.2,13.22,2023-04-19 07:00:00
2023-04-19,08:00,556.53,24.0,59.7,1.72,9.5,22.48,2023-04-19 08:00:00
2023-04-19,09:00,627.49,26.7,70.8,8.12,46.9,25.11,2023-04-19 09:00:00
2023-04-19,10:00,834.08,31.7,60.1,5.98,28.1,30.93,2023-04-19 10:00:00
2023-04-19,11:00,952.55,31.2,58.5,3.82,19.8,35.72,2023-04-19 11:00:00
2023-04-19,12:00,954.94,32.7,57.5,3.0,28.3,34.68,2023-04-19 12:00:00
2023-04-19,13:00,905.84,33.9,53.0,3.79,34.9,32.87,2023-04-19 13:00:00
2023-04-19,14:00,835.88,38.0,45.9,4.87,28.6,29.88,2023-04-19 14:00:00
2023-04-19,15:00,749.89,31.4,48.5,5.02,4.5,27.93,2023-04-19 15:00:00
2023-04-19,16:00,444.1,33.3,65.0,1.55,51.1,16.8,2023-04-19 16:00:00
2023-04-19,17:00,267.78,31.6,66.3,5.36,56.7,11.0,2023-04-19 17:00:00
2023-04-19,18:00,73.35,30.3,66.2,4.35,47.4,3.31,2023-04-19 18:00:00
2023-04-19,19:00,0.0,30.3,52.9,1.27,20.6,0.0,2023-04-19 19:00:00
2023-04-19,20:00,0.0,24.8,71.3,2.83,34.6,0.0,2023-04-19 20:00:00
2023-04-19,21:00,0.0,23.1,77.3,3.71,37.5,0.0,2023-04-19 21:00:00
2023-04-19,22:00,0.0,23.1,69.6,2.24,46.6,0.0,2023-04-19 22:00:00
2023-04-19,23:00,0.0,21.0,78.3,2.06,47.6,0.0,2023-04-19 23:00:00
2023-04-20,00:00,0.0,21.1,68.6,0.96,26.1,0.0,2023-04-20 00:00:00
2023-04-20,01:00,0.0,22.8,73.7,6.42,38.3,0.0,2023-04-20 01:00:00
2023-04-20,02:00,0.0,18.9,79.0,1.41,44.0,0.0,2023-04-20 02:00:00
2023-04-20,03:00,0.0,19.4,87.2,3.07,59.0,0.0,2023-04-20 03:00:00
2023-04-20,04:00,0.0,20.9,81.2,2.32,47.7,0.0,2023-04-20 04:00:00
2023-04-20,05:00,0.0,21.1,85.8,4.92,48.9,0.0,2023-04-20 05:00:00
2023-04-20,06:00,122.11,22.1,80.4,4.71,38.4,2.93,2023-04-20 06:00:00
2023-04-20,07:00,244.22,23.1,81.3,5.37,58.3,10.55,2023-04-20 07:00:00
2023-04-20,08:00,483.66,27.0,68.1,4.22,43.3,18.88,2023-04-20 08:00:00
2023-04-20,09:00,713.26,29.9,56.8,4.1,24.2,27.63,2023-04-20 09:00:00
2023-04-20,10:00,689.16,26.7,77.8,3.25,58.2,26.89,2023-04-20 10:00:00
2023-04-20,11:00,837.79,27.9,75.0,4.32,47.6,31.31,2023-04-20 11:00:00
2023-04-20,12:00,954.98,31.0,63.9,1.83,30.5,35.32,2023-04-20 12:00:00
2023-04-20,13:00,920.7,27.8,66.3,4.58,29.9,34.29,2023-04-20 13:00:00
2023-04-20,14:00,776.42,30.9,60.1,1.76,41.6,29.21,2023-04-20 14:00:00
2023-04-20,15:00,650.95,28.4,73.0,5.85,44.1,25.7,2023-04-20 15:00:00
2023-04-20,16:00,499.62,33.4,62.2,3.69,40.1,19.06,2023-04-20 16:00:00
2023-04-20,17:00,275.78,28.6,75.6,3.8,41.8,11.09,2023-04-20 17:00:00
2023-04-20,18:00,63.6,31.7,63.5,4.06,62.6,3.1,2023-04-20 18:00:00
2023-04-20,19:00,0.0,29.3,72.8,5.15,53.2,0.0,2023-04-20 19:00:00
2023-04-20,20:00,0.0,24.6,75.3,3.57,40.0,0.0,2023-04-20 20:00:00
2023-04-20,21:00,0.0,22.3,78.0,3.34,51.2,0.0,2023-04-20 21:00:00
2023-04-20,22:00,0.0,22.4,77.3,2.72,21.6,0.0,2023-04-20 22:00:00
2023-04-20,23:00,0.0,21.3,80.4,1.91,43.1,0.0,2023-04-20 23:00:00
2023-04-21,00:00,0.0,21.4,80.1,2.25,63.7,0.0,2023-04-21 00:00:00
2023-04-21,01:00,0.0,18.8,79.7,0.59,33.3,0.0,2023-04-21 01:00:00
2023-04-21,02:00,0.0,21.3,70.2,5.92,23.9,0.0,2023-04-21 02:00:00
2023-04-21,03:00,0.0,20.6,73.9,5.07,26.8,0.0,2023-04-21 03:00:00
2023-04-21,04:00,0.0,20.1,77.7,2.39,20.3,0.0,2023-04-21 04:00:00
2023-04-21,05:00,0.0,20.4,79.6,0.69,24.8,0.0,2023-04-21 05:00:00
2023-04-21,06:00,87.12,22.6,74.7,3.63,31.1,4.22,2023-04-21 06:00:00
2023-04-21,07:00,342.02,22.9,66.5,3.27,15.5,14.05,2023-04-21 07:00:00
2023-04-21,08:00,504.43,26.1,71.6,5.15,36.8,19.37,2023-04-21 08:00:00
2023-04-21,09:00,631.66,27.7,73.9,3.23,50.1,25.13,2023-04-21 09:00:00
2023-04-21,10:00,854.19,29.4,53.8,5.87,23.0,32.44,2023-04-21 10:00:00
2023-04-21,11:00,727.26,33.4,65.2,1.71,59.4,27.37,2023-04-21 11:00:00
2023-04-21,12:00,884.61,30.9,64.0,3.06,44.3,32.67,2023-04-21 12:00:00
2023-04-21,13:00,804.01,33.6,66.4,6.76,52.1,29.95,2023-04-21 13:00:00
2023-04-21,14:00,849.29,32.4,59.6,0.91,26.7,31.17,2023-04-21 14:00:00
2023-04-21,15:00,618.08,31.3,67.3,3.18,49.4,23.87,2023-04-21 15:00:00
2023-04-21,16:00,540.45,30.9,56.8,2.58,20.2,20.65,2023-04-21 16:00:00
2023-04-21,17:00,275.49,30.1,67.3,3.81,50.0,11.53,2023-04-21 17:00:00
2023-04-21,18:00,87.08,29.5,69.3,2.67,39.2,4.45,2023-04-21 18:00:00
2023-04-21,19:00,0.0,25.8,72.3,5.93,44.9,0.0,2023-04-21 19:00:00
2023-04-21,20:00,0.0,23.3,70.5,6.82,19.0,0.0,2023-04-21 20:00:00
2023-04-21,21:00,0.0,25.6,61.3,5.73,23.2,0.0,2023-04-21 21:00:00
2023-04-21,22:00,0.0,24.6,74.2,3.21,45.6,0.0,2023-04-21 22:00:00
2023-04-22,00:00,0.0,21.2,76.9,4.88,43.1,0.0,2023-04-22 00:00:00
2023-04-22,01:00,0.0,21.7,71.6,3.02,15.6,0.0,2023-04-22 01:00:00
2023-04-22,02:00,0.0,21.4,83.2,1.69,48.8,0.0,2023-04-22 02:00:00
2023-04-22,03:00,0.0,21.8,67.7,4.49,17.6,0.0,2023-04-22 03:00:00
2023-04-22,04:00,0.0,19.4,83.5,4.84,44.4,0.0,2023-04-22 04:00:00
2023-04-22,05:00,0.0,19.9,87.4,1.87,45.5,0.0,2023-04-22 05:00:00
2023-04-22,06:00,95.9,22.5,70.1,3.89,25.7,4.73,2023-04-22 06:00:00
2023-04-22,07:00,296.2,24.6,68.1,8.43,44.8,12.03,2023-04-22 07:00:00
2023-04-22,08:00,482.45,25.7,72.6,2.89,40.0,19.82,2023-04-22 08:00:00
2023-04-22,09:00,708.88,24.3,65.8,2.78,28.0,27.58,2023-04-22 09:00:00
2023-04-22,10:00,852.57,32.3,53.5,6.31,21.0,31.95,2023-04-22 10:00:00
2023-04-22,11:00,966.49,29.9,60.5,1.84,6.7,35.26,2023-04-22 11:00:00
2023-04-22,12:00,899.01,32.05,70.3,6.76,41.4,33.69,2023-04-22 12:00:00
2023-04-22,13:00,980.52,34.2,47.9,5.17,12.6,35.96,2023-04-22 13:00:00
2023-04-22,14:00,813.31,27.9,64.6,3.18,37.5,31.09,2023-04-22 14:00:00
2023-04-22,15:00,697.49,31.0,59.8,1.62,32.2,27.34,2023-04-22 15:00:00
2023-04-22,16:00,478.73,30.7,63.3,1.03,46.3,18.53,2023-04-22 16:00:00
2023-04-22,17:00,310.95,29.8,70.9,3.11,31.6,12.65,2023-04-22 17:00:00
2023-04-22,18:00,91.66,28.8,62.5,4.7,31.2,4.19,2023-04-22 18:00:00
2023-04-22,19:00,0.0,30.3,64.8,3.61,47.1,0.0,2023-04-22 19:00:00
2023-04-22,20:00,0.0,27.4,75.6,4.9,41.1,0.0,2023-04-22 20:00:00
2023-04-22,21:00,0.0,26.3,73.1,4.5,40.8,0.0,2023-04-22 21:00:00
2023-04-22,22:00,0.0,23.2,79.9,4.0,43.1,0.0,2023-04-22 22:00:00
2023-04-22,23:00,0.0,19.4,70.5,7.53,13.1,0.0,2023-04-22 23:00:00
2023-04-23,00:00,0.0,17.4,83.5,4.84,47.0,0.0,2023-04-23 00:00:00
2023-04-23,01:00,0.0,17.8,80.3,6.46,44.8,0.0,2023-04-23 01:00:00
2023-04-23,02:00,0.0,21.0,76.8,2.5,20.4,0.0,2023-04-23 02:00:00
2023-04-23,03:00,0.0,20.6,82.0,4.75,31.9,0.0,2023-04-23 03:00:00
2023-04-23,04:00,0.0,20.8,75.2,4.13,35.0,0.0,2023-04-23 04:00:00
2023-04-23,05:00,0.0,21.5,74.7,6.6,33.6,0.0,2023-04-23 05:00:00
2023-04-23,06:00,113.5,27.0,68.4,3.71,40.6,4.99,2023-04-23 06:00:00
2023-04-23,07:00,270.02,23.3,73.1,2.68,57.1,11.32,2023-04-23 07:00:00
2023-04-23,08:00,474.52,28.0,68.3,3.15,51.8,19.14,2023-04-23 08:00:00
2023-04-23,09:00,742.18,27.9,65.2,2.39,15.9,28.74,2023-04-23 09:00:00
2023-04-23,10:00,768.59,29.3,63.8,2.39,44.9,29.4,2023-04-23 10:00:00
2023-04-23,11:00,775.2,32.7,65.2,3.53,55.5,28.85,2023-04-23 11:00:00
2023-04-23,12:00,906.42,34.2,53.8,6.18,41.4,32.9,2023-04-23 12:00:00
2023-04-23,13:00,809.16,31.7,64.9,2.25,52.0,30.18,2023-04-23 13:00:00
2023-04-23,14:00,619.16,33.8,63.5,2.71,65.8,23.29,2023-04-23 14:00:00
2023-04-23,15:00,606.39,32.8,58.7,5.76,51.0,23.64,2023-04-23 15:00:00
2023-04-23,16:00,530.3,31.6,65.6,2.95,39.4,21.3,2023-04-23 16:00:00
2023-04-23,17:00,279.57,31.0,69.7,7.38,51.3,11.63,2023-04-23 17:00:00
2023-04-23,18:00,92.95,28.1,63.4,2.63,37.8,3.18,2023-04-23 18:00:00
2023-04-23,19:00,0.0,27.4,67.0,3.4,36.0,0.0,2023-04-23 19:00:00
2023-04-23,20:00,0.0,25.3,69.8,1.7,30.3,0.0,2023-04-23 20:00:00
2023-04-23,21:00,0.0,26.4,67.9,8.87,59.1,0.0,2023-04-23 21:00:00
2023-04-23,22:00,0.0,23.2,65.4,6.15,23.3,0.0,2023-04-23 22:00:00
2023-04-23,23:00,0.0,19.8,90.1,5.46,58.6,0.0,2023-04-23 23:00:00
2023-04-24,00:00,0.0,20.1,76.2,2.07,42.6,0.0,2023-04-24 00:00:00
2023-04-24,01:00,0.0,15.0,86.1,7.59,14.1,0.0,2023-04-24 01:00:00
2023-04-24,02:00,0.0,19.7,75.2,6.68,40.6,0.0,2023-04-24 02:00:00
2023-04-24,03:00,0.0,20.8,72.3,3.37,3.6,0.0,2023-04-24 03:00:00
2023-04-24,04:00,0.0,21.1,78.2,4.57,44.5,0.0,2023-04-24 04:00:00
2023-04-24,05:00,0.0,25.9,72.6,8.9,48.4,0.0,2023-04-24 05:00:00
2023-04-24,06:00,93.19,24.6,77.1,3.26,26.2,4.01,2023-04-24 06:00:00
2023-04-24,07:00,303.3,26.0,65.2,1.82,37.0,12.45,2023-04-24 07:00:00
2023-04-24,08:00,400.45,23.6,83.1,5.91,64.4,16.79,2023-04-24 08:00:00
2023-04-24,09:00,717.25,27.5,67.8,3.56,27.5,28.32,2023-04-24 09:00:00
2023-04-24,10:00,870.39,28.7,75.2,8.42,19.2,33.14,2023-04-24 10:00:00
2023-04-24,11:00,761.11,29.4,65.9,3.9,57.3,28.87,2023-04-24 11:00:00
2023-04-24,12:00,717.7,30.3,68.2,1.16,64.6,26.92,2023-04-24 12:00:00
2023-04-24,13:00,907.46,29.1,68.4,3.63,35.2,34.77,2023-04-24 13:00:00
2023-04-24,14:00,724.77,30.3,66.3,4.78,50.3,28.665,2023-04-24 14:00:00
2023-04-24,15:00,586.67,33.9,61.1,1.12,55.2,22.56,2023-04-24 15:00:00
2023-04-24,16:00,536.85,31.5,62.6,3.28,24.0,20.88,2023-04-24 16:00:00
2023-04-24,17:00,336.1,29.9,61.0,2.06,27.8,14.19,2023-04-24 17:00:00
2023-04-24,18:00,80.69,29.6,65.4,4.36,53.6,3.32,2023-04-24 18:00:00
2023-04-24,19:00,0.0,30.2,72.7,7.25,60.4,0.0,2023-04-24 19:00:00
2023-04-24,20:00,0.0,26.6,72.5,4.26,43.6,0.0,2023-04-24 20:00:00
2023-04-24,21:00,0.0,26.0,65.2,4.64,21.9,0.0,2023-04-24 21:00:00
2023-04-24,22:00,0.0,22.0,81.8,3.2,64.9,0.0,2023-04-24 22:00:00
2023-04-24,23:00,0.0,21.2,71.3,3.96,27.2,0.0,2023-04-24 23:00:00
2023-04-25,00:00,0.0,22.2,77.0,3.87,29.6,0.0,2023-04-25 00:00:00
2023-04-25,01:00,0.0,24.4,71.9,5.04,39.8,0.0,2023-04-25 01:00:00
2023-04-25,02:00,0.0,23.3,76.5,5.8,57.9,0.0,2023-04-25 02:00:00
2023-04-25,03:00,0.0,22.0,73.7,4.46,47.4,0.0,2023-04-25 03:00:00
2023-04-25,04:00,0.0,21.9,78.9,8.01,40.9,0.0,2023-04-25 04:00:00
2023-04-25,05:00,0.0,25.1,70.7,5.54,41.6,0.0,2023-04-25 05:00:00
2023-04-25,06:00,106.86,25.2,63.0,1.89,35.3,4.88,2023-04-25 06:00:00
2023-04-25,07:00,314.08,21.1,74.3,3.7,43.0,12.95,2023-04-25 07:00:00
2023-04-25,08:00,577.16,24.9,61.7,6.31,0.0,22.14,2023-04-25 08:00:00
2023-04-25,09:00,710.07,28.9,63.4,6.95,30.2,27.68,2023-04-25 09:00:00
2023-04-25,10:00,820.89,26.6,68.7,3.13,38.3,30.8,2023-04-25 10:00:00
2023-04-25,11:00,964.73,29.4,58.7,4.82,17.4,36.19,2023-04-25 11:00:00
2023-04-25,12:00,919.77,30.7,58.2,3.26,40.4,34.06,2023-04-25 12:00:00
2023-04-25,13:00,933.36,32.1,56.2,1.88,31.6,34.07,2023-04-25 13:00:00
2023-04-25,14:00,675.55,32.3,71.5,6.08,61.0,26.15,2023-04-25 14:00:00
2023-04-25,15:00,579.1,32.0,70.7,6.73,58.2,21.85,2023-04-25 15:00:00
2023-04-25,16:00,531.99,33.5,59.0,3.69,27.6,20.52,2023-04-25 16:00:00
2023-04-25,17:00,311.6,30.5,64.3,1.02,32.4,12.73,2023-04-25 17:00:00
2023-04-25,18:00,102.7,29.1,68.4,5.44,33.5,4.41,2023-04-25 18:00:00
2023-04-25,19:00,0.0,25.9,63.6,3.56,27.9,0.0,2023-04-25 19:00:00
2023-04-25,20:00,0.0,28.6,66.6,1.56,37.6,0.0,2023-04-25 20:00:00
2023-04-25,21:00,0.0,24.0,65.3,2.24,23.3,0.0,2023-04-25 21:00:00
2023-04-25,22:00,0.0,21.8,67.3,2.04,17.7,0.0,2023-04-25 22:00:00
2023-04-25,23:00,0.0,22.9,78.1,4.59,44.0,0.0,2023-04-25 23:00:00
2023-04-26,00:00,0.0,20.4,84.1,2.77,43.6,0.0,2023-04-26 00:00:00
2023-04-26,01:00,0.0,20.2,74.4,1.9,22.1,0.0,2023-04-26 01:00:00
2023-04-26,02:00,0.0,21.4,86.4,6.5,47.6,0.0,2023-04-26 02:00:00
2023-04-26,03:00,0.0,20.6,76.1,7.23,24.7,0.0,2023-04-26 03:00:00
2023-04-26,04:00,0.0,25.9,67.5,1.97,38.0,0.0,2023-04-26 04:00:00
2023-04-26,05:00,0.0,22.6,73.4,2.44,46.5,0.0,2023-04-26 05:00:00
2023-04-26,06:00,107.89,25.1,74.8,4.1,33.7,4.97,2023-04-26 06:00:00
2023-04-26,07:00,313.45,21.9,77.9,2.03,41.0,13.2,2023-04-26 07:00:00
2023-04-26,08:00,546.59,25.4,71.2,2.08,26.4,21.92,2023-04-26 08:00:00
2023-04-26,09:00,700.23,26.6,57.3,2.93,31.2,27.23,2023-04-26 09:00:00
2023-04-26,10:00,833.69,28.3,66.3,7.06,31.1,31.61,2023-04-26 10:00:00
2023-04-26,11:00,959.0,32.0,55.7,7.38,23.0,35.59,2023-04-26 11:00:00
2023-04-26,12:00,950.54,34.0,51.3,5.66,31.5,34.35,2023-04-26 12:00:00
2023-04-26,13:00,966.61,33.4,52.4,4.64,10.9,35.26,2023-04-26 13:00:00
2023-04-26,14:00,865.47,32.6,62.2,4.79,26.8,32.17,2023-04-26 14:00:00
2023-04-26,15:00,722.95,31.6,69.1,3.53,29.9,27.62,2023-04-26 15:00:00
2023-04-26,16:00,546.27,34.2,57.2,3.8,30.3,21.43,2023-04-26 16:00:00
2023-04-26,17:00,329.2,35.0,52.3,4.31,30.5,13.21,2023-04-26 17:00:00
2023-04-26,18:00,110.79,30.2,59.9,4.86,33.2,4.9,2023-04-26 18:00:00
2023-04-26,19:00,0.0,30.2,68.9,1.71,41.3,0.0,2023-04-26 19:00:00
2023-04-26,20:00,0.0,27.6,66.4,2.42,47.3,0.0,2023-04-26 20:00:00
2023-04-26,21:00,0.0,26.8,68.4,7.4,24.4,0.0,2023-04-26 21:00:00
2023-04-26,22:00,0.0,21.9,72.4,2.93,16.1,0.0,2023-04-26 22:00:00
2023-04-26,23:00,0.0,21.9,72.5,2.62,18.5,0.0,2023-04-26 23:00:00
2023-04-27,00:00,0.0,22.7,66.3,3.31,26.4,0.0,2023-04-27 00:00:00
2023-04-27,01:00,0.0,23.6,70.3,2.73,28.4,0.0,2023-04-27 01:00:00
2023-04-27,02:00,0.0,19.7,70.2,1.67,22.1,0.0,2023-04-27 02:00:00
2023-04-27,03:00,0.0,17.7,74.7,2.33,14.2,0.0,2023-04-27 03:00:00
2023-04-27,04:00,0.0,21.1,78.7,4.34,26.8,0.0,2023-04-27 04:00:00
2023-04-27,05:00,0.0,24.8,76.8,2.41,36.4,0.0,2023-04-27 05:00:00
2023-04-27,06:00,112.78,21.3,79.6,4.38,42.6,4.87,2023-04-27 06:00:00
2023-04-27,07:00,335.8,23.5,68.8,1.73,25.3,13.82,2023-04-27 07:00:00
2023-04-27,08:00,551.2,27.5,72.0,1.29,27.5,22.17,2023-04-27 08:00:00
2023-04-27,09:00,746.29,28.5,59.9,5.84,19.8,28.97,2023-04-27 09:00:00
2023-04-27,10:00,840.34,31.3,56.8,5.04,33.2,31.04,2023-04-27 10:00:00
2023-04-27,11:00,966.7,29.2,64.2,4.48,21.0,35.5,2023-04-27 11:00:00
2023-04-27,12:00,905.69,31.8,64.7,1.17,42.3,33.32,2023-04-27 12:00:00
2023-04-27,13:00,968.23,35.1,46.9,2.49,6.9,34.57,2023-04-27 13:00:00
2023-04-27,14:00,855.54,31.0,61.0,5.42,28.3,31.21,2023-04-27 14:00:00
2023-04-27,15:00,676.27,35.6,57.9,2.0,38.2,25.03,2023-04-27 15:00:00
2023-04-27,16:00,521.85,30.5,64.2,5.42,36.4,20.46,2023-04-27 16:00:00
2023-04-27,17:00,204.75,33.0,70.9,4.06,74.1,8.16,2023-04-27 17:00:00
2023-04-27,18:00,95.67,29.5,63.5,4.91,38.9,4.3,2023-04-27 18:00:00
2023-04-27,19:00,0.0,26.7,66.7,4.36,18.6,0.0,2023-04-27 19:00:00
2023-04-27,20:00,0.0,26.3,68.7,3.29,32.3,0.0,2023-04-27 20:00:00
2023-04-27,21:00,0.0,26.6,60.0,2.73,7.0,0.0,2023-04-27 21:00:00
2023-04-27,22:00,0.0,24.2,70.8,4.52,32.5,0.0,2023-04-27 22:00:00
2023-04-27,23:00,0.0,25.0,67.4,5.37,21.2,0.0,2023-04-27 23:00:00
2023-04-28,00:00,0.0,24.8,68.8,1.31,46.9,0.0,2023-04-28 00:00:00
2023-04-28,01:00,0.0,19.5,74.4,3.13,25.0,0.0,2023-04-28 01:00:00
2023-04-28,02:00,0.0,19.1,79.5,3.0,31.5,0.0,2023-04-28 02:00:00
2023-04-28,03:00,0.0,19.2,71.7,3.94,23.7,0.0,2023-04-28 03:00:00
2023-04-28,04:00,0.0,20.6,81.4,1.82,59.3,0.0,2023-04-28 04:00:00
2023-04-28,05:00,0.0,25.1,79.0,6.75,28.4,0.0,2023-04-28 05:00:00
2023-04-28,06:00,84.36,25.4,72.6,3.89,60.7,3.09,2023-04-28 06:00:00
2023-04-28,07:00,307.82,24.9,72.5,6.6,45.4,12.86,2023-04-28 07:00:00
2023-04-28,08:00,506.16,27.4,65.7,5.45,40.4,19.75,2023-04-28 08:00:00
2023-04-28,09:00,688.44,31.5,62.0,2.25,38.7,26.7,2023-04-28 09:00:00
2023-04-28,10:00,834.935,33.8,55.8,1.93,39.1,30.88,2023-04-28 10:00:00
2023-04-28,11:00,981.43,32.1,52.0,5.84,4.3,35.85,2023-04-28 11:00:00
2023-04-28,12:00,967.24,27.8,62.7,3.83,29.0,36.52,2023-04-28 12:00:00
2023-04-28,13:00,858.04,33.7,65.1,1.04,45.9,31.2,2023-04-28 13:00:00
2023-04-28,14:00,837.78,35.1,55.8,6.77,32.5,30.92,2023-04-28 14:00:00
2023-04-28,15:00,753.28,33.6,48.6,3.54,12.1,28.0,2023-04-28 15:00:00
2023-04-28,16:00,537.31,33.9,60.6,2.77,32.4,20.71,2023-04-28 16:00:00
2023-04-28,17:00,278.4,32.3,62.4,3.74,58.8,11.25,2023-04-28 17:00:00
2023-04-28,18:00,92.89,28.2,64.4,5.5,51.9,3.92,2023-04-28 18:00:00
2023-04-28,19:00,0.0,27.3,67.1,1.8,32.3,0.0,2023-04-28 19:00:00
2023-04-28,20:00,0.0,26.8,79.3,3.03,47.5,0.0,2023-04-28 20:00:00
2023-04-28,21:00,0.0,27.8,57.9,2.85,27.7,0.0,2023-04-28 21:00:00
2023-04-28,22:00,0.0,23.0,62.1,5.64,7.7,0.0,2023-04-28 22:00:00
2023-04-28,23:00,0.0,24.0,71.8,5.17,19.4,0.0,2023-04-28 23:00:00
2023-04-29,00:00,0.0,22.9,77.1,3.22,56.2,0.0,2023-04-29 00:00:00
2023-04-29,01:00,0.0,24.7,72.6,4.47,28.7,0.0,2023-04-29 01:00:00
2023-04-29,02:00,0.0,21.5,71.7,3.19,29.1,0.0,2023-04-29 02:00:00
2023-04-29,03:00,0.0,18.6,79.7,4.0,28.3,0.0,2023-04-29 03:00:00
2023-04-29,04:00,0.0,23.6,86.9,8.77,61.3,0.0,2023-04-29 04:00:00
2023-04-29,05:00,0.0,27.2,68.7,3.83,57.2,0.0,2023-04-29 05:00:00
2023-04-29,06:00,80.19,25.9,81.8,8.54,66.0,3.37,2023-04-29 06:00:00
2023-04-29,07:00,333.77,24.6,73.4,4.96,30.4,14.2,2023-04-29 07:00:00
2023-04-29,08:00,507.3,25.6,64.9,1.86,37.2,19.84,2023-04-29 08:00:00
2023-04-29,09:00,757.13,27.4,63.6,5.29,10.0,29.43,2023-04-29 09:00:00
2023-04-29,10:00,710.27,34.2,62.7,2.09,54.9,26.87,2023-04-29 10:00:00
2023-04-29,11:00,978.35,31.2,57.4,3.81,15.2,36.34,2023-04-29 11:00:00
2023-04-29,12:00,934.75,31.6,62.9,4.2,36.0,34.75,2023-04-29 12:00:00
2023-04-29,13:00,967.03,33.1,53.0,6.17,16.3,35.45,2023-04-29 13:00:00
2023-04-29,14:00,864.16,33.0,56.8,2.35,23.9,31.75,2023-04-29 14:00:00
2023-04-29,15:00,741.81,36.2,51.7,5.99,20.2,27.51,2023-04-29 15:00:00
2023-04-29,16:00,542.56,31.0,62.4,6.77,23.6,21.2,2023-04-29 16:00:00
2023-04-29,17:00,335.83,34.0,49.1,1.66,24.7,12.77,2023-04-29 17:00:00
2023-04-29,18:00,122.66,30.8,65.1,6.09,24.5,5.8,2023-04-29 18:00:00
2023-04-29,19:00,0.0,31.3,59.7,2.58,45.3,0.0,2023-04-29 19:00:00
2023-04-29,20:00,0.0,30.4,61.5,1.6,16.2,0.0,2023-04-29 20:00:00
2023-04-29,21:00,0.0,26.2,70.0,7.28,36.1,0.0,2023-04-29 21:00:00
2023-04-29,22:00,0.0,24.0,71.6,3.18,51.0,0.0,2023-04-29 22:00:00
2023-04-29,23:00,0.0,23.5,73.1,4.25,25.1,0.0,2023-04-29 23:00:00
2023-04-30,00:00,0.0,22.4,68.0,3.91,21.5,0.0,2023-04-30 00:00:00
2023-04-30,01:00,0.0,19.0,83.0,2.36,28.9,0.0,2023-04-30 01:00:00
2023-04-30,02:00,0.0,20.7,72.8,4.5,50.0,0.0,2023-04-30 02:00:00
2023-04-30,03:00,0.0,22.4,69.2,1.33,35.2,0.0,2023-04-30 03:00:00
2023-04-30,04:00,0.0,20.5,81.5,2.31,24.3,0.0,2023-04-30 04:00:00
2023-04-30,05:00,0.0,19.8,80.9,6.96,39.6,0.0,2023-04-30 05:00:00
2023-04-30,06:00,121.21,20.6,76.5,7.16,15.8,4.78,2023-04-30 06:00:00
2023-04-30,07:00,307.84,27.6,65.8,3.58,42.5,12.54,2023-04-30 07:00:00
2023-04-30,08:00,537.73,26.7,62.0,2.14,38.4,21.12,2023-04-30 08:00:00
2023-04-30,09:00,710.21,28.5,70.9,3.31,27.7,27.4,2023-04-30 09:00:00
2023-04-30,10:00,876.22,31.7,57.4,6.0,19.7,32.48,2023-04-30 10:00:00
2023-04-30,11:00,966.5,31.1,60.1,1.53,19.0,35.36,2023-04-30 11:00:00
2023-04-30,12:00,937.49,34.0,61.7,1.91,40.3,34.26,2023-04-30 12:00:00
2023-04-30,13:00,838.14,33.8,60.6,6.21,50.7,30.76,2023-04-30 13:00:00
2023-04-30,14:00,887.08,33.6,56.2,3.28,22.8,32.69,2023-04-30 14:00:00
2023-04-30,15:00,683.48,30.8,70.0,1.62,39.2,25.78,2023-04-30 15:00:00
2023-04-30,16:00,592.15,31.5,52.9,1.97,1.0,22.87,2023-04-30 16:00:00
2023-04-30,17:00,348.22,33.1,60.0,6.06,23.5,13.89,2023-04-30 17:00:00
2023-04-30,18:00,124.45,29.6,55.6,3.62,31.8,5.32,2023-04-30 18:00:00
2023-04-30,19:00,0.0,31.5,61.9,2.1,18.7,0.0,2023-04-30 19:00:00
2023-04-30,20:00,0.0,32.0,50.5,6.19,18.3,0.0,2023-04-30 20:00:00
2023-04-30,21:00,0.0,27.4,68.5,5.69,22.3,0.0,2023-04-30 21:00:00
2023-04-30,22:00,0.0,27.5,69.5,1.08,36.7,0.0,2023-04-30 22:00:00
2023-04-30,23:00,0.0,24.9,69.6,4.04,29.5,0.0,2023-04-30 23:00:00
2023-05-01,00:00,0.0,21.8,66.9,2.51,0.0,0.0,2023-05-01 00:00:00
2023-05-01,01:00,0.0,22.6,65.1,3.82,0.1,0.0,2023-05-01 01:00:00
2023-05-01,02:00,0.0,25.6,64.0,2.67,22.8,0.0,2023-05-01 02:00:00
2023-05-01,03:00,0.0,21.3,76.9,2.84,38.7,0.0,2023-05-01 03:00:00
2023-05-01,04:00,0.0,20.9,77.5,4.15,0.0,0.0,2023-05-01 04:00:00
2023-05-01,05:00,0.0,21.7,78.8,3.84,24.4,0.0,2023-05-01 05:00:00
2023-05-01,06:00,131.83,24.6,65.6,3.19,24.0,5.13,2023-05-01 06:00:00
2023-05-01,07:00,292.4,24.6,77.3,1.78,52.7,12.41,2023-05-01 07:00:00
2023-05-01,08:00,553.94,31.0,60.4,7.6,26.1,21.39,2023-05-01 08:00:00
2023-05-01,09:00,701.79,29.9,64.0,2.16,37.6,26.73,2023-05-01 09:00:00
2023-05-01,10:00,851.53,32.8,55.3,4.31,34.0,31.67,2023-05-01 10:00:00
2023-05-01,11:00,989.75,31.7,54.2,1.62,0.0,35.94,2023-05-01 11:00:00
2023-05-01,12:00,902.56,31.1,67.6,4.6,43.4,33.4,2023-05-01 12:00:00
2023-05-01,13:00,931.19,31.4,58.3,1.7,35.1,34.86,2023-05-01 13:00:00
2023-05-01,14:00,797.94,32.4,69.1,2.44,39.5,29.77,2023-05-01 14:00:00
2023-05-01,15:00,293.97,34.4,77.2,4.38,90.8,11.38,2023-05-01 15:00:00
2023-05-01,16:00,586.44,34.1,51.2,2.69,0.6,22.82,2023-05-01 16:00:00
2023-05-01,17:00,287.02,33.3,59.6,3.82,57.7,11.23,2023-05-01 17:00:00
2023-05-01,18:00,125.36,28.3,66.0,1.89,27.6,5.19,2023-05-01 18:00:00
2023-05-01,19:00,0.0,29.6,65.8,2.31,36.2,0.0,2023-05-01 19:00:00
2023-05-01,20:00,0.0,26.2,70.6,4.87,31.2,0.0,2023-05-01 20:00:00
2023-05-01,21:00,0.0,27.2,71.9,1.22,25.5,0.0,2023-05-01 21:00:00
2023-05-01,22:00,0.0,25.9,66.3,1.81,23.3,0.0,2023-05-01 22:00:00
2023-05-01,23:00,0.0,21.7,84.8,2.37,36.8,0.0,2023-05-01 23:00:00
2023-05-02,00:00,0.0,24.8,66.6,1.04,8.7,0.0,2023-05-02 00:00:00
2023-05-02,01:00,0.0,26.6,69.6,1.7,42.7,0.0,2023-05-02 01:00:00
2023-05-02,02:00,0.0,23.7,80.3,2.68,25.2,0.0,2023-05-02 02:00:00
2023-05-02,03:00,0.0,22.1,73.8,1.69,14.5,0.0,2023-05-02 03:00:00
2023-05-02,04:00,0.0,22.4,70.8,5.89,24.7,0.0,2023-05-02 04:00:00
2023-05-02,05:00,0.0,23.6,77.5,1.49,50.3,0.0,2023-05-02 05:00:00
2023-05-02,06:00,112.45,23.8,72.7,5.84,23.4,5.02,2023-05-02 06:00:00
2023-05-02,07:00,330.88,27.1,68.0,5.5,36.8,13.92,2023-05-02 07:00:00
2023-05-02,08:00,552.83,26.2,66.4,1.74,20.5,21.31,2023-05-02 08:00:00
2023-05-02,09:00,690.36,26.4,67.8,1.11,42.8,26.69,2023-05-02 09:00:00
2023-05-02,10:00,788.46,31.6,56.3,1.36,41.7,29.88,2023-05-02 10:00:00
2023-05-02,11:00,752.14,32.5,66.5,4.09,59.2,28.31,2023-05-02 11:00:00
2023-05-02,12:00,974.37,32.4,59.2,4.5,28.8,35.44,2023-05-02 12:00:00
2023-05-02,13:00,883.05,31.7,64.9,4.24,41.5,33.13,2023-05-02 13:00:00
2023-05-02,14:00,836.43,34.7,53.9,3.86,32.9,31.27,2023-05-02 14:00:00
2023-05-02,15:00,625.0,32.2,59.1,2.17,50.9,23.69,2023-05-02 15:00:00
2023-05-02,16:00,555.24,33.2,51.5,5.65,20.7,22.24,2023-05-02 16:00:00
2023-05-02,17:00,317.12,35.6,61.5,2.89,42.6,11.81,2023-05-02 17:00:00
2023-05-02,18:00,138.8,32.4,55.9,8.36,28.5,5.14,2023-05-02 18:00:00
2023-05-02,19:00,0.0,27.3,64.9,3.15,30.5,0.0,2023-05-02 19:00:00
2023-05-02,20:00,0.0,25.9,68.1,2.6,32.8,0.0,2023-05-02 20:00:00
2023-05-02,21:00,0.0,26.9,66.0,6.2,35.2,0.0,2023-05-02 21:00:00
2023-05-02,22:00,0.0,22.7,70.6,3.98,29.7,0.0,2023-05-02 22:00:00
2023-05-02,23:00,0.0,20.4,74.6,4.8,34.7,0.0,2023-05-02 23:00:00
2023-05-03,00:00,0.0,24.2,83.0,3.25,54.7,0.0,2023-05-03 00:00:00
2023-05-03,01:00,0.0,23.2,79.4,6.11,45.8,0.0,2023-05-03 01:00:00
2023-05-03,02:00,0.0,23.2,81.2,6.51,44.1,0.0,2023-05-03 02:00:00
2023-05-03,03:00,0.0,23.1,77.2,3.38,24.2,0.0,2023-05-03 03:00:00
2023-05-03,04:00,0.0,23.1,60.4,2.49,17.7,0.0,2023-05-03 04:00:00
2023-05-03,05:00,0.0,23.0,78.2,4.38,45.4,0.0,2023-05-03 05:00:00
2023-05-03,06:00,111.45,26.3,69.2,7.18,44.2,5.18,2023-05-03 06:00:00
2023-05-03,07:00,287.26,26.9,73.3,4.25,53.1,11.52,2023-05-03 07:00:00
2023-05-03,08:00,558.02,27.5,61.3,7.17,22.0,21.73,2023-05-03 08:00:00
2023-05-03,09:00,719.99,28.1,60.5,2.97,27.6,27.38,2023-05-03 09:00:00
2023-05-03,10:00,907.3,29.4,51.8,6.47,6.4,33.98,2023-05-03 10:00:00
2023-05-03,11:00,947.31,31.1,58.4,1.81,25.1,34.98,2023-05-03 11:00:00
2023-05-03,12:00,890.87,34.0,64.2,3.03,46.0,32.98,2023-05-03 12:00:00
2023-05-03,13:00,967.37,30.4,61.4,3.64,24.0,36.32,2023-05-03 13:00:00
2023-05-03,14:00,798.55,35.2,52.5,4.41,40.6,29.85,2023-05-03 14:00:00
2023-05-03,15:00,740.66,35.4,62.6,2.74,28.2,27.19,2023-05-03 15:00:00
2023-05-03,16:00,537.1,30.4,66.0,6.6,35.9,21.1,2023-05-03 16:00:00
2023-05-03,17:00,365.57,30.9,60.2,6.31,13.8,13.86,2023-05-03 17:00:00
2023-05-03,18:00,117.56,31.6,65.8,5.32,32.3,4.75,2023-05-03 18:00:00
2023-05-03,19:00,0.0,29.7,48.9,1.82,0.0,0.0,2023-05-03 19:00:00
2023-05-03,20:00,0.0,29.3,59.5,1.59,28.2,0.0,2023-05-03 20:00:00
2023-05-03,21:00,0.0,26.6,65.0,3.66,6.6,0.0,2023-05-03 21:00:00
2023-05-03,22:00,0.0,27.7,67.5,5.08,49.1,0.0,2023-05-03 22:00:00
2023-05-03,23:00,0.0,23.6,74.2,1.88,42.7,0.0,2023-05-03 23:00:00
2023-05-04,00:00,0.0,21.6,76.7,4.35,37.6,0.0,2023-05-04 00:00:00
2023-05-04,01:00,0.0,20.9,76.9,3.79,53.4,0.0,2023-05-04 01:00:00
2023-05-04,02:00,0.0,23.9,66.8,4.82,16.4,0.0,2023-05-04 02:00:00
2023-05-04,03:00,0.0,22.9,83.5,3.37,56.8,0.0,2023-05-04 03:00:00
2023-05-04,04:00,0.0,24.6,77.2,4.63,44.6,0.0,2023-05-04 04:00:00
2023-05-04,05:00,0.0,25.5,73.0,2.08,27.1,0.0,2023-05-04 05:00:00
2023-05-04,06:00,107.85,22.0,83.0,2.37,47.7,4.57,2023-05-04 06:00:00
2023-05-04,07:00,375.53,25.0,67.6,6.31,14.0,15.67,2023-05-04 07:00:00
2023-05-04,08:00,568.32,26.8,65.7,2.9,18.3,22.86,2023-05-04 08:00:00
2023-05-04,09:00,723.1400000000001,28.7,63.3,8.32,21.5,28.14,2023-05-04 09:00:00
2023-05-04,10:00,877.96,30.9,56.8,1.33,22.7,33.19,2023-05-04 10:00:00
2023-05-04,11:00,974.43,34.7,47.5,3.64,14.8,34.81,2023-05-04 11:00:00
2023-05-04,12:00,877.82,36.0,55.5,2.88,49.0,31.64,2023-05-04 12:00:00
2023-05-04,13:00,949.38,33.9,54.5,9.42,26.7,34.93,2023-05-04 13:00:00
2023-05-04,14:00,839.63,34.2,55.1,8.66,35.9,31.66,2023-05-04 14:00:00
2023-05-04,15:00,755.29,33.1,57.5,2.47,22.1,28.58,2023-05-04 15:00:00
2023-05-04,16:00,576.11,34.0,50.6,2.62,3.3,22.06,2023-05-04 16:00:00
2023-05-04,17:00,342.83,33.2,60.1,4.97,34.7,13.8,2023-05-04 17:00:00
2023-05-04,18:00,171.415,33.1,52.2,6.14,1.9,5.62,2023-05-04 18:00:00
2023-05-04,19:00,0.0,31.6,64.8,4.47,29.6,0.0,2023-05-04 19:00:00
2023-05-04,20:00,0.0,24.5,65.7,5.87,10.1,0.0,2023-05-04 20:00:00
2023-05-04,21:00,0.0,26.8,78.9,1.47,60.4,0.0,2023-05-04 21:00:00
2023-05-04,22:00,0.0,28.1,71.0,4.34,44.3,0.0,2023-05-04 22:00:00
2023-05-04,23:00,0.0,23.6,77.2,4.67,32.2,0.0,2023-05-04 23:00:00
2023-05-05,00:00,0.0,25.7,80.2,2.25,49.2,0.0,2023-05-05 00:00:00
2023-05-05,01:00,0.0,22.5,72.9,5.16,17.5,0.0,2023-05-05 01:00:00
2023-05-05,02:00,0.0,23.1,75.4,6.96,38.4,0.0,2023-05-05 02:00:00
2023-05-05,03:00,0.0,21.0,77.2,6.24,33.2,0.0,2023-05-05 03:00:00
2023-05-05,04:00,0.0,21.6,74.3,2.51,34.2,0.0,2023-05-05 04:00:00
2023-05-05,05:00,0.0,25.9,71.5,2.88,49.3,0.0,2023-05-05 05:00:00
2023-05-05,06:00,121.33,27.4,72.8,3.66,41.2,5.56,2023-05-05 06:00:00
2023-05-05,07:00,339.8,27.3,63.8,2.08,34.6,13.52,2023-05-05 07:00:00
2023-05-05,08:00,588.41,26.6,67.9,7.17,5.4,23.48,2023-05-05 08:00:00
2023-05-05,09:00,761.52,30.4,57.7,2.1,15.8,27.99,2023-05-05 09:00:00
2023-05-05,10:00,868.85,34.1,67.4,5.05,28.4,32.38,2023-05-05 10:00:00
2023-05-05,11:00,913.46,36.2,50.8,2.96,31.6,33.3,2023-05-05 11:00:00
2023-05-05,12:00,1020.82,33.4,54.2,4.01,13.3,36.82,2023-05-05 12:00:00
2023-05-05,13:00,680.12,31.6,67.8,1.34,66.4,25.37,2023-05-05 13:00:00
2023-05-05,14:00,745.04,36.3,55.6,2.32,53.0,27.82,2023-05-05 14:00:00
2023-05-05,15:00,704.92,34.1,62.9,3.41,39.3,26.44,2023-05-05 15:00:00
2023-05-05,16:00,540.81,35.7,49.9,4.54,31.3,19.63,2023-05-05 16:00:00
2023-05-05,17:00,349.72,33.6,53.7,5.16,27.0,14.23,2023-05-05 17:00:00
2023-05-05,18:00,130.19,30.2,61.0,1.16,15.9,5.85,2023-05-05 18:00:00
2023-05-05,19:00,0.0,30.5,65.1,2.05,31.4,0.0,2023-05-05 19:00:00
2023-05-05,20:00,0.0,31.2,56.2,4.85,34.1,0.0,2023-05-05 20:00:00
2023-05-05,21:00,0.0,27.0,64.7,5.42,11.6,0.0,2023-05-05 21:00:00
2023-05-05,22:00,0.0,24.0,73.3,2.47,35.2,0.0,2023-05-05 22:00:00
2023-05-05,23:00,0.0,21.7,70.8,2.44,27.9,0.0,2023-05-05 23:00:00
2023-05-06,00:00,0.0,22.4,63.5,1.65,1.2,0.0,2023-05-06 00:00:00
2023-05-06,01:00,0.0,22.5,62.3,2.03,16.9,0.0,2023-05-06 01:00:00
2023-05-06,02:00,0.0,24.5,76.0,0.84,23.6,0.0,2023-05-06 02:00:00
2023-05-06,03:00,0.0,21.2,86.8,4.09,58.2,0.0,2023-05-06 03:00:00
2023-05-06,04:00,0.0,26.6,64.5,6.32,38.2,0.0,2023-05-06 04:00:00
2023-05-06,05:00,0.0,22.4,72.0,2.03,9.8,0.0,2023-05-06 05:00:00
2023-05-06,06:00,125.89,30.2,61.7,4.98,37.1,5.17,2023-05-06 06:00:00
2023-05-06,07:00,360.37,30.6,59.4,4.01,6.6,14.46,2023-05-06 07:00:00
2023-05-06,08:00,504.32,29.3,65.6,6.87,46.1,19.94,2023-05-06 08:00:00
2023-05-06,09:00,737.2,27.6,62.8,5.31,22.8,28.36,2023-05-06 09:00:00
2023-05-06,10:00,851.14,31.9,58.1,5.76,28.4,31.38,2023-05-06 10:00:00
2023-05-06,11:00,843.11,32.6,60.9,4.34,49.7,31.57,2023-05-06 11:00:00
2023-05-06,12:00,1027.74,31.9,60.4,5.41,10.5,37.9,2023-05-06 12:00:00
2023-05-06,13:00,998.36,35.3,52.9,3.0,8.9,35.54,2023-05-06 13:00:00
2023-05-06,14:00,897.63,33.5,55.5,2.34,21.1,33.62,2023-05-06 14:00:00
2023-05-06,15:00,661.31,33.5,65.2,6.43,45.4,25.41,2023-05-06 15:00:00
2023-05-06,16:00,571.15,33.8,44.6,4.87,7.0,22.12,2023-05-06 16:00:00
2023-05-06,17:00,368.82,32.2,46.8,1.67,0.0,14.91,2023-05-06 17:00:00
2023-05-06,18:00,132.27,35.8,54.0,5.9,23.1,5.77,2023-05-06 18:00:00
2023-05-06,19:00,0.0,29.6,68.1,2.99,38.1,0.0,2023-05-06 19:00:00
2023-05-06,20:00,0.0,29.8,68.4,2.76,47.8,0.0,2023-05-06 20:00:00
2023-05-06,21:00,0.0,27.7,56.6,4.25,22.9,0.0,2023-05-06 21:00:00
2023-05-06,22:00,0.0,26.6,61.8,3.98,23.7,0.0,2023-05-06 22:00:00
2023-05-06,23:00,0.0,25.5,75.2,3.84,47.1,0.0,2023-05-06 23:00:00
2023-05-07,00:00,0.0,25.6,71.7,2.56,1.4,0.0,2023-05-07 00:00:00
2023-05-07,01:00,0.0,23.9,74.9,7.31,23.6,0.0,2023-05-07 01:00:00
2023-05-07,02:00,0.0,23.6,79.0,7.08,32.3,0.0,2023-05-07 02:00:00
2023-05-07,03:00,0.0,23.5,75.2,0.75,36.2,0.0,2023-05-07 03:00:00
2023-05-07,04:00,0.0,23.8,71.1,2.94,21.8,0.0,2023-05-07 04:00:00
2023-05-07,05:00,0.0,23.3,68.4,1.32,30.0,0.0,2023-05-07 05:00:00
2023-05-07,06:00,129.15,26.1,64.7,5.74,0.0,5.64,2023-05-07 06:00:00
2023-05-07,07:00,375.73,28.1,62.5,6.11,19.6,14.96,2023-05-07 07:00:00
2023-05-07,08:00,551.03,29.9,67.0,3.75,36.3,21.38,2023-05-07 08:00:00
2023-05-07,09:00,761.12,31.1,57.2,5.64,14.7,29.27,2023-05-07 09:00:00
2023-05-07,10:00,871.66,31.8,61.0,4.69,30.3,32.2,2023-05-07 10:00:00
2023-05-07,11:00,914.94,33.4,58.6,3.66,36.2,33.85,2023-05-07 11:00:00
2023-05-07,12:00,980.24,33.4,56.9,3.06,24.3,35.22,2023-05-07 12:00:00
2023-05-07,13:00,932.07,35.6,58.6,2.61,32.0,33.79,2023-05-07 13:00:00
2023-05-07,14:00,913.91,34.8,46.5,2.58,15.0,33.5,2023-05-07 14:00:00
2023-05-07,15:00,726.85,35.3,47.7,3.95,26.4,26.1,2023-05-07 15:00:00
2023-05-07,16:00,531.44,36.2,57.1,2.12,38.6,20.63,2023-05-07 16:00:00
2023-05-07,17:00,349.25,32.2,65.4,2.17,31.8,14.44,2023-05-07 17:00:00
2023-05-07,18:00,134.15,33.3,62.0,0.89,20.7,5.34,2023-05-07 18:00:00
2023-05-07,19:00,0.0,30.8,57.1,4.2,32.8,0.0,2023-05-07 19:00:00
2023-05-07,20:00,0.0,32.9,59.1,9.14,40.2,0.0,2023-05-07 20:00:00
2023-05-07,21:00,0.0,27.3,53.1,6.14,0.0,0.0,2023-05-07 21:00:00
2023-05-07,22:00,0.0,27.5,68.3,4.7,46.8,0.0,2023-05-07 22:00:00
2023-05-07,23:00,0.0,25.0,73.1,5.22,24.4,0.0,2023-05-07 23:00:00
2023-05-08,00:00,0.0,21.7,76.3,3.29,35.5,0.0,2023-05-08 00:00:00
2023-05-08,01:00,0.0,22.7,76.2,2.76,47.1,0.0,2023-05-08 01:00:00
2023-05-08,02:00,0.0,25.0,66.8,3.08,8.5,0.0,2023-05-08 02:00:00
2023-05-08,03:00,0.0,22.8,67.2,1.61,18.5,0.0,2023-05-08 03:00:00
2023-05-08,04:00,0.0,20.2,66.95,4.31,24.8,0.0,2023-05-08 04:00:00
2023-05-08,05:00,0.0,25.1,66.7,2.17,17.3,0.0,2023-05-08 05:00:00
2023-05-08,06:00,119.93,24.4,75.6,5.06,55.1,4.85,2023-05-08 06:00:00
2023-05-08,07:00,373.87,28.1,64.3,2.24,16.2,15.07,2023-05-08 07:00:00
2023-05-08,08:00,580.48,32.2,60.6,2.43,20.8,21.83,2023-05-08 08:00:00
2023-05-08,09:00,726.57,32.4,65.8,7.25,32.2,27.57,2023-05-08 09:00:00
2023-05-08,10:00,907.37,35.2,49.1,1.77,11.1,32.5,2023-05-08 10:00:00
2023-05-08,11:00,975.63,32.6,61.2,3.66,23.2,35.52,2023-05-08 11:00:00
2023-05-08,12:00,965.9449999999999,34.4,57.3,1.47,33.9,34.18,2023-05-08 12:00:00
2023-05-08,13:00,956.26,33.3,53.6,1.67,24.1,34.63,2023-05-08 13:00:00
2023-05-08,14:00,877.0,34.2,52.5,4.31,27.7,31.81,2023-05-08 14:00:00
2023-05-08,15:00,761.81,33.5,50.7,4.29,21.2,28.95,2023-05-08 15:00:00
2023-05-08,16:00,577.26,32.3,50.2,2.26,6.4,22.14,2023-05-08 16:00:00
2023-05-08,17:00,353.99,36.1,58.8,5.95,33.9,13.96,2023-05-08 17:00:00
2023-05-08,18:00,127.86,28.6,73.8,4.68,55.4,5.29,2023-05-08 18:00:00
2023-05-08,19:00,0.0,33.4,52.3,2.77,29.4,0.0,2023-05-08 19:00:00
2023-05-08,20:00,0.0,31.7,53.6,2.53,32.5,0.0,2023-05-08 20:00:00
2023-05-08,21:00,0.0,28.8,62.2,5.0,39.5,0.0,2023-05-08 21:00:00
2023-05-08,22:00,0.0,24.4,62.8,4.87,10.1,0.0,2023-05-08 22:00:00
2023-05-08,23:00,0.0,22.3,79.0,2.03,54.6,0.0,2023-05-08 23:00:00
2023-05-09,00:00,0.0,23.4,77.5,2.99,31.8,0.0,2023-05-09 00:00:00
2023-05-09,01:00,0.0,24.9,73.8,2.38,53.2,0.0,2023-05-09 01:00:00
2023-05-09,02:00,0.0,23.6,75.8,2.74,17.8,0.0,2023-05-09 02:00:00
2023-05-09,03:00,0.0,21.9,74.4,2.71,56.0,0.0,2023-05-09 03:00:00
2023-05-09,04:00,0.0,26.5,69.0,7.84,40.4,0.0,2023-05-09 04:00:00
2023-05-09,05:00,0.0,28.4,69.8,4.98,37.0,0.0,2023-05-09 05:00:00
2023-05-09,06:00,152.04,26.2,72.2,5.18,32.3,6.89,2023-05-09 06:00:00
2023-05-09,07:00,362.78,28.3,62.5,2.67,25.0,14.66,2023-05-09 07:00:00
2023-05-09,08:00,510.69,26.9,75.3,0.59,46.8,20.65,2023-05-09 08:00:00
2023-05-09,09:00,720.83,30.4,65.4,1.43,30.9,27.13,2023-05-09 09:00:00
2023-05-09,10:00,919.08,33.5,47.0,3.91,0.0,32.86,2023-05-09 10:00:00
2023-05-09,11:00,990.11,34.5,52.75,2.7,12.0,34.95,2023-05-09 11:00:00
2023-05-09,12:00,992.3,33.9,58.5,2.26,26.0,36.75,2023-05-09 12:00:00
2023-05-09,13:00,933.22,34.9,53.6,1.36,33.4,33.47,2023-05-09 13:00:00
2023-05-09,14:00,879.9,34.8,61.6,5.99,27.9,32.77,2023-05-09 14:00:00
2023-05-09,15:00,651.55,34.9,56.1,4.14,47.0,24.15,2023-05-09 15:00:00
2023-05-09,16:00,570.58,35.6,47.2,1.78,0.0,21.77,2023-05-09 16:00:00
2023-05-09,17:00,352.34,30.3,57.3,5.08,30.9,14.36,2023-05-09 17:00:00
2023-05-09,18:00,149.88,32.5,52.0,5.01,1.5,7.29,2023-05-09 18:00:00
2023-05-09,19:00,0.0,31.8,58.1,2.72,40.1,0.0,2023-05-09 19:00:00
2023-05-09,20:00,0.0,28.6,62.8,2.24,27.3,0.0,2023-05-09 20:00:00
2023-05-09,21:00,0.0,27.2,61.6,5.43,35.0,0.0,2023-05-09 21:00:00
2023-05-09,22:00,0.0,25.8,68.4,2.9,15.8,0.0,2023-05-09 22:00:00
2023-05-09,23:00,0.0,24.5,76.7,5.71,47.9,0.0,2023-05-09 23:00:00
2023-05-10,00:00,0.0,24.6,78.5,1.3,44.0,0.0,2023-05-10 00:00:00
2023-05-10,01:00,0.0,24.2,71.6,3.66,37.2,0.0,2023-05-10 01:00:00
2023-05-10,02:00,0.0,20.0,81.2,2.19,26.5,0.0,2023-05-10 02:00:00
2023-05-10,03:00,0.0,25.2,71.6,4.51,37.1,0.0,2023-05-10 03:00:00
2023-05-10,04:00,0.0,24.1,68.8,9.72,17.8,0.0,2023-05-10 04:00:00
2023-05-10,05:00,0.0,29.0,75.3,3.27,41.3,0.0,2023-05-10 05:00:00
2023-05-10,06:00,125.64,24.7,74.3,1.74,53.2,5.12,2023-05-10 06:00:00
2023-05-10,07:00,342.7,26.7,76.0,2.85,44.5,13.84,2023-05-10 07:00:00
2023-05-10,08:00,579.5,29.4,62.2,6.16,17.5,22.26,2023-05-10 08:00:00
2023-05-10,09:00,711.0,32.1,58.0,5.08,33.8,27.28,2023-05-10 09:00:00
2023-05-10,10:00,910.04,29.3,53.0,2.45,9.0,33.67,2023-05-10 10:00:00
2023-05-10,11:00,900.18,32.6,56.2,7.16,37.0,33.53,2023-05-10 11:00:00
2023-05-10,12:00,957.42,36.1,59.2,4.25,35.2,34.91,2023-05-10 12:00:00
2023-05-10,13:00,1005.96,33.9,56.2,2.13,0.4,35.88,2023-05-10 13:00:00
2023-05-10,14:00,922.11,38.3,45.7,4.0,11.0,32.8,2023-05-10 14:00:00
2023-05-10,15:00,746.46,34.8,54.4,3.44,24.2,28.25,2023-05-10 15:00:00
2023-05-10,16:00,574.68,33.4,59.0,5.47,23.9,22.48,2023-05-10 16:00:00
2023-05-10,17:00,368.41,35.1,50.2,2.97,10.3,14.72,2023-05-10 17:00:00
2023-05-10,18:00,134.98,35.7,59.4,5.98,34.3,5.34,2023-05-10 18:00:00
2023-05-10,19:00,0.0,32.1,61.1,5.41,32.2,0.0,2023-05-10 19:00:00
2023-05-10,20:00,0.0,32.1,58.8,4.53,25.5,0.0,2023-05-10 20:00:00
2023-05-10,21:00,0.0,31.3,54.5,2.58,17.1,0.0,2023-05-10 21:00:00
2023-05-10,22:00,0.0,25.1,69.6,7.63,44.1,0.0,2023-05-10 22:00:00
2023-05-10,23:00,0.0,27.3,59.7,3.89,53.2,0.0,2023-05-10 23:00:00
2023-05-11,00:00,0.0,22.1,77.0,6.36,20.8,0.0,2023-05-11 00:00:00
2023-05-11,01:00,0.0,25.0,66.6,2.37,18.9,0.0,2023-05-11 01:00:00
2023-05-11,02:00,0.0,23.9,71.4,8.19,35.5,0.0,2023-05-11 02:00:00
2023-05-11,03:00,0.0,26.4,58.3,5.44,22.7,0.0,2023-05-11 03:00:00
2023-05-11,04:00,0.0,26.9,63.6,7.06,26.0,0.0,2023-05-11 04:00:00
2023-05-11,05:00,0.0,26.8,66.5,2.36,39.2,0.0,2023-05-11 05:00:00
2023-05-11,06:00,149.58,27.5,55.6,3.35,0.0,6.04,2023-05-11 06:00:00
2023-05-11,07:00,320.01,29.4,69.2,1.72,47.9,13.22,2023-05-11 07:00:00
2023-05-11,08:00,560.94,30.1,62.6,1.96,29.2,22.05,2023-05-11 08:00:00
2023-05-11,09:00,748.44,31.4,52.9,2.7,21.9,27.7,2023-05-11 09:00:00
2023-05-11,10:00,874.45,35.6,48.1,7.11,26.8,31.83,2023-05-11 10:00:00
2023-05-11,11:00,975.45,37.1,46.0,4.49,27.5,35.17,2023-05-11 11:00:00
2023-05-11,12:00,1025.88,34.9,55.4,2.84,2.1,36.58,2023-05-11 12:00:00
2023-05-11,13:00,833.5,36.2,64.3,7.18,50.5,30.12,2023-05-11 13:00:00
2023-05-11,14:00,867.88,36.1,49.6,4.91,28.7,31.85,2023-05-11 14:00:00
2023-05-11,15:00,716.04,32.9,51.4,6.36,34.7,26.98,2023-05-11 15:00:00
2023-05-11,16:00,522.17,34.6,59.2,6.65,42.4,20.43,2023-05-11 16:00:00
2023-05-11,17:00,378.19,37.1,47.7,4.98,12.8,15.84,2023-05-11 17:00:00
2023-05-11,18:00,125.51,31.7,62.5,2.51,35.2,5.32,2023-05-11 18:00:00
2023-05-11,19:00,0.0,35.4,55.9,9.56,24.1,0.0,2023-05-11 19:00:00
2023-05-11,20:00,0.0,32.1,63.9,2.88,40.8,0.0,2023-05-11 20:00:00
2023-05-11,21:00,0.0,29.2,51.7,4.51,0.0,0.0,2023-05-11 21:00:00
2023-05-11,22:00,0.0,28.0,65.8,5.69,26.6,0.0,2023-05-11 22:00:00
2023-05-11,23:00,0.0,24.1,72.0,2.17,19.1,0.0,2023-05-11 23:00:00
2023-05-12,00:00,0.0,24.5,68.9,4.18,34.3,0.0,2023-05-12 00:00:00
2023-05-12,01:00,0.0,27.0,69.4,3.11,34.8,0.0,2023-05-12 01:00:00
2023-05-12,02:00,0.0,23.1,67.4,2.51,17.2,0.0,2023-05-12 02:00:00
2023-05-12,03:00,0.0,26.3,72.8,0.91,17.1,0.0,2023-05-12 03:00:00
2023-05-12,04:00,0.0,22.5,67.5,5.95,26.1,0.0,2023-05-12 04:00:00
2023-05-12,05:00,0.0,23.8,72.5,1.95,14.3,0.0,2023-05-12 05:00:00
2023-05-12,06:00,139.1,30.6,57.5,6.01,40.4,5.92,2023-05-12 06:00:00
2023-05-12,07:00,359.84,28.6,69.8,4.14,22.3,14.3,2023-05-12 07:00:00
2023-05-12,08:00,592.35,29.2,51.6,4.24,0.0,23.57,2023-05-12 08:00:00
2023-05-12,09:00,749.1,34.2,55.0,5.55,22.2,28.62,2023-05-12 09:00:00
2023-05-12,10:00,900.53,35.4,43.4,3.71,12.2,32.77,2023-05-12 10:00:00
2023-05-12,11:00,1005.8,36.1,41.3,3.03,3.3,36.37,2023-05-12 11:00:00
2023-05-12,12:00,1036.27,34.4,54.3,1.97,9.2,37.04,2023-05-12 12:00:00
2023-05-12,13:00,959.8,35.5,58.2,3.99,29.4,34.96,2023-05-12 13:00:00
2023-05-12,14:00,785.75,36.8,57.7,3.91,47.7,30.08,2023-05-12 14:00:00
2023-05-12,15:00,722.96,37.2,55.3,2.74,32.5,27.72,2023-05-12 15:00:00
2023-05-12,16:00,588.03,34.5,57.1,4.14,18.7,22.43,2023-05-12 16:00:00
2023-05-12,17:00,355.6,34.7,53.9,3.39,34.6,14.15,2023-05-12 17:00:00
2023-05-12,18:00,150.09,33.7,49.1,5.36,20.9,5.72,2023-05-12 18:00:00
2023-05-12,19:00,0.0,34.1,53.1,3.94,17.4,0.0,2023-05-12 19:00:00
2023-05-12,20:00,0.0,31.6,52.9,6.76,10.5,0.0,2023-05-12 20:00:00
2023-05-12,21:00,0.0,25.9,63.1,3.75,1.5,0.0,2023-05-12 21:00:00
2023-05-12,22:00,0.0,26.8,67.5,6.12,21.9,0.0,2023-05-12 22:00:00
2023-05-12,23:00,0.0,24.3,68.4,3.76,30.2,0.0,2023-05-12 23:00:00
2023-05-13,00:00,0.0,26.2,70.0,3.93,26.0,0.0,2023-05-13 00:00:00
2023-05-13,01:00,0.0,26.3,68.5,3.07,21.3,0.0,2023-05-13 01:00:00
2023-05-13,02:00,0.0,24.6,69.3,3.22,13.3,0.0,2023-05-13 02:00:00
2023-05-13,03:00,0.0,24.1,71.4,6.75,36.6,0.0,2023-05-13 03:00:00
2023-05-13,04:00,0.0,25.3,67.1,2.41,7.7,0.0,2023-05-13 04:00:00
2023-05-13,05:00,0.0,26.5,72.1,1.87,39.1,0.0,2023-05-13 05:00:00
2023-05-13,06:00,150.57,26.2,66.4,5.56,12.5,6.63,2023-05-13 06:00:00
2023-05-13,07:00,379.43,26.6,70.9,4.02,16.2,15.24,2023-05-13 07:00:00
2023-05-13,08:00,600.45,26.7,62.6,2.7,5.5,23.3,2023-05-13 08:00:00
2023-05-13,09:00,755.74,34.2,51.3,3.36,20.0,28.2,2023-05-13 09:00:00
2023-05-13,10:00,809.25,34.3,54.6,3.78,42.1,31.07,2023-05-13 10:00:00
2023-05-13,11:00,942.32,35.3,60.4,4.1,35.2,34.41,2023-05-13 11:00:00
2023-05-13,12:00,926.7,37.9,55.1,5.48,42.2,33.47,2023-05-13 12:00:00
2023-05-13,13:00,934.91,33.9,64.7,3.19,35.3,33.83,2023-05-13 13:00:00
2023-05-13,14:00,918.06,33.3,44.7,4.54,10.9,33.53,2023-05-13 14:00:00
2023-05-13,15:00,758.88,36.9,53.9,5.6,22.5,27.5,2023-05-13 15:00:00
2023-05-13,16:00,603.32,36.1,48.8,5.68,15.8,23.66,2023-05-13 16:00:00
2023-05-13,17:00,327.26,31.5,63.2,2.56,47.5,13.24,2023-05-13 17:00:00
2023-05-13,18:00,158.72,34.0,48.3,2.99,9.5,6.52,2023-05-13 18:00:00
2023-05-13,19:00,0.0,31.2,67.0,4.11,40.9,0.0,2023-05-13 19:00:00
2023-05-13,20:00,0.0,28.9,69.3,6.1,40.9,0.0,2023-05-13 20:00:00
2023-05-13,21:00,0.0,28.2,66.9,5.25,54.9,0.0,2023-05-13 21:00:00
2023-05-13,22:00,0.0,23.0,71.5,4.06,21.4,0.0,2023-05-13 22:00:00
2023-05-13,23:00,0.0,25.1,74.7,8.21,38.2,0.0,2023-05-13 23:00:00
2023-05-14,00:00,0.0,24.1,79.9,3.39,61.4,0.0,2023-05-14 00:00:00
2023-05-14,01:00,0.0,25.8,70.2,5.67,18.0,0.0,2023-05-14 01:00:00
2023-05-14,02:00,0.0,24.3,63.4,5.46,4.2,0.0,2023-05-14 02:00:00
2023-05-14,04:00,0.0,20.8,79.0,8.47,37.9,0.0,2023-05-14 04:00:00
2023-05-14,05:00,0.0,24.8,63.5,3.64,0.0,0.0,2023-05-14 05:00:00
2023-05-14,06:00,146.09,28.6,63.8,2.27,21.6,5.71,2023-05-14 06:00:00
2023-05-14,07:00,366.35,28.5,70.1,3.49,33.8,14.74,2023-05-14 07:00:00
2023-05-14,08:00,564.79,32.1,51.5,5.77,30.0,21.66,2023-05-14 08:00:00
2023-05-14,09:00,725.62,28.9,64.1,5.61,33.6,28.44,2023-05-14 09:00:00
2023-05-14,10:00,857.66,34.9,60.15,2.93,30.6,31.94,2023-05-14 10:00:00
2023-05-14,11:00,858.58,33.7,56.2,1.34,46.4,32.32,2023-05-14 11:00:00
2023-05-14,12:00,1020.51,34.5,51.2,3.71,12.9,36.74,2023-05-14 12:00:00
2023-05-14,13:00,990.74,38.2,49.8,3.55,17.1,35.8,2023-05-14 13:00:00
2023-05-14,14:00,907.01,38.7,47.1,1.64,15.6,32.04,2023-05-14 14:00:00
2023-05-14,15:00,714.3,38.2,49.9,5.28,39.7,26.53,2023-05-14 15:00:00
2023-05-14,16:00,537.38,39.4,50.5,2.69,40.7,19.79,2023-05-14 16:00:00
2023-05-14,17:00,335.8,37.1,56.6,4.37,34.0,13.4,2023-05-14 17:00:00
2023-05-14,18:00,138.63,32.1,65.8,1.74,45.0,5.8,2023-05-14 18:00:00
2023-05-14,19:00,0.0,32.4,51.6,5.84,9.5,0.0,2023-05-14 19:00:00
2023-05-14,20:00,0.0,29.9,65.7,4.91,52.2,0.0,2023-05-14 20:00:00
2023-05-14,21:00,0.0,32.7,56.6,3.16,50.1,0.0,2023-05-14 21:00:00
2023-05-14,22:00,0.0,29.6,63.4,4.29,38.3,0.0,2023-05-14 22:00:00
2023-05-14,23:00,0.0,26.0,67.5,2.23,53.9,0.0,2023-05-14 23:00:00
2023-05-15,00:00,0.0,27.2,67.35,8.31,2.1,0.0,2023-05-15 00:00:00
2023-05-15,01:00,0.0,22.8,67.2,5.29,19.1,0.0,2023-05-15 01:00:00
2023-05-15,02:00,0.0,25.2,70.6,5.24,15.9,0.0,2023-05-15 02:00:00
2023-05-15,03:00,0.0,23.3,81.8,2.05,37.8,0.0,2023-05-15 03:00:00
2023-05-15,04:00,0.0,22.5,69.9,1.01,11.2,0.0,2023-05-15 04:00:00
2023-05-15,05:00,0.0,27.9,67.3,4.07,38.3,0.0,2023-05-15 05:00:00
2023-05-15,06:00,115.44,29.4,62.5,2.0,47.5,4.94,2023-05-15 06:00:00
2023-05-15,07:00,350.32,30.0,62.3,5.18,37.4,14.39,2023-05-15 07:00:00
2023-05-15,08:00,568.18,30.4,68.6,3.29,31.2,22.47,2023-05-15 08:00:00
2023-05-15,09:00,779.52,30.0,59.4,2.94,12.1,29.74,2023-05-15 09:00:00
2023-05-15,10:00,910.02,31.7,56.1,1.55,14.3,34.07,2023-05-15 10:00:00
2023-05-15,11:00,878.87,33.3,66.7,9.44,45.7,32.51,2023-05-15 11:00:00
2023-05-15,12:00,960.84,35.5,59.2,7.22,38.6,34.42,2023-05-15 12:00:00
2023-05-15,13:00,980.05,38.5,48.3,1.93,26.4,34.34,2023-05-15 13:00:00
2023-05-15,14:00,893.18,38.7,48.0,2.92,20.7,31.43,2023-05-15 14:00:00
2023-05-15,15:00,767.8,33.6,46.5,3.18,0.0,28.73,2023-05-15 15:00:00
2023-05-15,16:00,590.97,34.7,48.4,2.75,10.9,22.48,2023-05-15 16:00:00
2023-05-15,17:00,298.72,33.7,62.5,6.77,55.6,12.2,2023-05-15 17:00:00
2023-05-15,18:00,161.98,29.2,60.4,4.8,7.7,6.09,2023-05-15 18:00:00
2023-05-15,19:00,0.0,33.3,52.5,7.21,29.8,0.0,2023-05-15 19:00:00
2023-05-15,20:00,0.0,30.3,65.4,5.97,42.1,0.0,2023-05-15 20:00:00
2023-05-15,21:00,0.0,29.0,57.0,5.0,8.1,0.0,2023-05-15 21:00:00
2023-05-15,22:00,0.0,30.2,58.5,4.65,29.7,0.0,2023-05-15 22:00:00
2023-05-15,23:00,0.0,26.7,68.7,5.89,41.0,0.0,2023-05-15 23:00:00
2023-05-16,00:00,0.0,25.0,59.9,4.58,26.9,0.0,2023-05-16 00:00:00
2023-05-16,01:00,0.0,26.2,75.1,2.24,69.7,0.0,2023-05-16 01:00:00
2023-05-16,02:00,0.0,26.9,55.7,4.38,1.7,0.0,2023-05-16 02:00:00
2023-05-16,03:00,0.0,25.7,71.0,3.73,42.6,0.0,2023-05-16 03:00:00
2023-05-16,04:00,0.0,27.0,56.4,8.11,24.1,0.0,2023-05-16 04:00:00
2023-05-16,05:00,0.0,26.5,70.6,3.71,38.3,0.0,2023-05-16 05:00:00
2023-05-16,06:00,154.87,27.8,70.3,1.25,33.3,6.43,2023-05-16 06:00:00
2023-05-16,07:00,382.33,29.6,59.1,2.6,15.7,15.54,2023-05-16 07:00:00
2023-05-16,08:00,563.89,29.6,65.1,6.5,30.1,22.14,2023-05-16 08:00:00
2023-05-16,09:00,777.2,31.5,50.7,7.38,0.0,29.82,2023-05-16 09:00:00
2023-05-16,11:00,955.42,38.8,49.6,1.42,31.2,34.3,2023-05-16 11:00:00
2023-05-16,12:00,948.35,39.0,53.3,1.09,36.3,33.68,2023-05-16 12:00:00
2023-05-16,13:00,898.6,34.4,53.7,3.57,42.6,32.78,2023-05-16 13:00:00
2023-05-16,14:00,862.79,34.4,54.6,11.26,32.2,32.49,2023-05-16 14:00:00
2023-05-16,15:00,738.06,34.6,54.3,5.92,28.9,27.92,2023-05-16 15:00:00
2023-05-16,16:00,598.42,36.4,60.2,6.75,13.5,23.11,2023-05-16 16:00:00
2023-05-16,17:00,376.58,30.1,59.7,4.26,16.0,15.17,2023-05-16 17:00:00
2023-05-16,18:00,145.53,32.9,54.2,5.82,44.5,5.89,2023-05-16 18:00:00
2023-05-16,19:00,0.0,35.0,51.0,2.86,48.3,0.0,2023-05-16 19:00:00
2023-05-16,20:00,0.0,32.7,59.7,1.13,23.1,0.0,2023-05-16 20:00:00
2023-05-16,21:00,0.0,28.5,74.0,6.51,27.4,0.0,2023-05-16 21:00:00
2023-05-16,22:00,0.0,27.2,61.4,2.39,13.1,0.0,2023-05-16 22:00:00
2023-05-16,23:00,0.0,27.7,68.2,4.84,44.3,0.0,2023-05-16 23:00:00
2023-05-17,00:00,0.0,27.6,69.4,4.44,36.5,0.0,2023-05-17 00:00:00
2023-05-17,01:00,0.0,24.4,74.1,2.08,55.6,0.0,2023-05-17 01:00:00
2023-05-17,02:00,0.0,24.7,56.1,2.27,13.3,0.0,2023-05-17 02:00:00
2023-05-17,03:00,0.0,24.3,72.9,2.9,20.8,0.0,2023-05-17 03:00:00
2023-05-17,04:00,0.0,23.6,69.6,5.02,29.9,0.0,2023-05-17 04:00:00
2023-05-17,05:00,0.0,26.5,73.5,1.26,36.2,0.0,2023-05-17 05:00:00
2023-05-17,06:00,161.16,27.6,61.4,3.25,23.2,6.26,2023-05-17 06:00:00
2023-05-17,07:00,376.26,27.3,62.9,4.47,13.4,15.27,2023-05-17 07:00:00
2023-05-17,08:00,540.25,32.3,64.9,2.15,39.7,20.38,2023-05-17 08:00:00
2023-05-17,09:00,713.92,33.6,63.2,1.86,37.3,27.27,2023-05-17 09:00:00
2023-05-17,10:00,923.6,35.4,51.0,3.17,12.7,33.28,2023-05-17 10:00:00
2023-05-17,11:00,859.98,34.0,61.4,2.71,46.8,31.98,2023-05-17 11:00:00
2023-05-17,12:00,907.65,32.8,64.3,4.39,44.0,33.4,2023-05-17 12:00:00
2023-05-17,13:00,941.56,37.8,52.3,7.6,28.5,33.16,2023-05-17 13:00:00
2023-05-17,14:00,893.56,36.0,47.8,0.75,27.7,32.07,2023-05-17 14:00:00
2023-05-17,15:00,715.49,35.3,50.7,6.3,34.8,26.68,2023-05-17 15:00:00
2023-05-17,16:00,597.3,34.1,43.8,3.36,13.6,22.84,2023-05-17 16:00:00
2023-05-17,17:00,379.575,34.9,57.4,4.47,26.9,15.27,2023-05-17 17:00:00
2023-05-17,18:00,161.85,37.0,42.9,5.74,0.0,7.19,2023-05-17 18:00:00
2023-05-17,19:00,0.0,31.8,65.5,4.01,39.6,0.0,2023-05-17 19:00:00
2023-05-17,20:00,0.0,29.2,58.6,1.72,44.3,0.0,2023-05-17 20:00:00
2023-05-17,21:00,0.0,30.8,62.0,1.98,49.0,0.0,2023-05-17 21:00:00
2023-05-17,22:00,0.0,28.5,62.2,5.24,21.5,0.0,2023-05-17 22:00:00
2023-05-17,23:00,0.0,23.1,69.4,2.44,23.3,0.0,2023-05-17 23:00:00
2023-05-18,00:00,0.0,27.3,60.8,3.99,16.8,0.0,2023-05-18 00:00:00
2023-05-18,01:00,0.0,29.4,65.0,3.34,21.9,0.0,2023-05-18 01:00:00
2023-05-18,02:00,0.0,20.7,90.9,2.79,47.5,0.0,2023-05-18 02:00:00
2023-05-18,03:00,0.0,23.3,69.5,5.23,0.0,0.0,2023-05-18 03:00:00
2023-05-18,04:00,0.0,21.0,79.7,4.86,45.4,0.0,2023-05-18 04:00:00
2023-05-18,05:00,0.0,27.0,72.4,4.37,31.3,0.0,2023-05-18 05:00:00
2023-05-18,06:00,162.63,30.1,63.7,3.09,8.2,6.53,2023-05-18 06:00:00
2023-05-18,07:00,390.69,30.0,52.0,2.43,10.1,15.85,2023-05-18 07:00:00
2023-05-18,08:00,486.13,33.8,67.1,3.74,51.4,18.98,2023-05-18 08:00:00
2023-05-18,09:00,789.61,34.4,54.5,5.45,12.1,29.74,2023-05-18 09:00:00
2023-05-18,10:00,917.83,37.4,50.9,4.02,9.0,33.22,2023-05-18 10:00:00
2023-05-18,11:00,890.83,37.7,57.5,7.62,43.3,32.34,2023-05-18 11:00:00
2023-05-18,12:00,973.17,35.8,53.2,0.97,31.3,34.91,2023-05-18 12:00:00
2023-05-18,13:00,990.66,37.2,55.4,10.12,12.2,35.43,2023-05-18 13:00:00
2023-05-18,14:00,869.37,35.8,55.0,4.62,29.5,31.75,2023-05-18 14:00:00
2023-05-18,15:00,779.76,36.7,45.9,5.58,10.9,29.34,2023-05-18 15:00:00
2023-05-18,16:00,537.2,36.6,57.8,2.93,42.8,20.48,2023-05-18 16:00:00
2023-05-18,17:00,348.1,35.4,61.3,3.7,42.2,13.63,2023-05-18 17:00:00
2023-05-18,18:00,155.58,36.7,53.9,5.3,34.2,6.36,2023-05-18 18:00:00
2023-05-18,19:00,0.0,32.3,61.0,5.04,31.7,0.0,2023-05-18 19:00:00
2023-05-18,20:00,0.0,29.7,69.0,2.92,52.7,0.0,2023-05-18 20:00:00
2023-05-18,21:00,0.0,28.2,61.6,2.88,26.3,0.0,2023-05-18 21:00:00
2023-05-18,22:00,0.0,29.5,54.6,4.46,8.5,0.0,2023-05-18 22:00:00
2023-05-18,23:00,0.0,24.6,65.7,6.76,33.0,0.0,2023-05-18 23:00:00
2023-05-19,00:00,0.0,26.0,81.4,3.39,57.4,0.0,2023-05-19 00:00:00
2023-05-19,01:00,0.0,28.1,59.7,3.01,10.8,0.0,2023-05-19 01:00:00
2023-05-19,02:00,0.0,26.0,52.4,6.2,20.6,0.0,2023-05-19 02:00:00
2023-05-19,03:00,0.0,25.6,71.3,4.57,32.3,0.0,2023-05-19 03:00:00
2023-05-19,04:00,0.0,26.3,68.4,3.16,25.3,0.0,2023-05-19 04:00:00
2023-05-19,05:00,0.0,25.4,57.3,1.42,11.3,0.0,2023-05-19 05:00:00
2023-05-19,06:00,160.31,27.0,66.9,4.8,42.9,6.76,2023-05-19 06:00:00
2023-05-19,07:00,299.31,29.6,67.3,3.01,60.9,11.46,2023-05-19 07:00:00
2023-05-19,08:00,583.04,32.0,56.3,1.53,29.0,22.63,2023-05-19 08:00:00
2023-05-19,09:00,778.11,34.8,55.8,4.2,12.5,28.98,2023-05-19 09:00:00
2023-05-19,10:00,915.38,34.7,48.1,2.87,2.8,32.93,2023-05-19 10:00:00
2023-05-19,11:00,955.55,38.2,48.5,2.94,29.9,34.02,2023-05-19 11:00:00
2023-05-19,12:00,913.24,39.6,55.7,3.57,42.6,31.96,2023-05-19 12:00:00
2023-05-19,13:00,954.88,38.7,52.2,4.77,33.2,33.7,2023-05-19 13:00:00
2023-05-19,14:00,892.64,39.7,40.0,2.66,26.0,31.8,2023-05-19 14:00:00
2023-05-19,15:00,775.31,35.5,48.6,1.6,17.2,27.93,2023-05-19 15:00:00
2023-05-19,16:00,609.89,34.6,51.8,3.32,9.7,22.77,2023-05-19 16:00:00
2023-05-19,17:00,339.81,36.7,50.9,1.4,38.6,12.88,2023-05-19 17:00:00
2023-05-19,18:00,154.57,32.1,69.9,4.65,39.8,6.39,2023-05-19 18:00:00
2023-05-19,19:00,0.0,32.5,52.4,7.3,2.9,0.0,2023-05-19 19:00:00
2023-05-19,20:00,0.0,32.9,60.1,4.44,49.9,0.0,2023-05-19 20:00:00
2023-05-19,21:00,0.0,32.5,55.4,2.66,34.7,0.0,2023-05-19 21:00:00
2023-05-19,22:00,0.0,28.1,73.3,2.2,47.1,0.0,2023-05-19 22:00:00
2023-05-19,23:00,0.0,26.1,59.7,2.46,5.9,0.0,2023-05-19 23:00:00
2023-05-20,00:00,0.0,27.1,62.2,2.4,5.4,0.0,2023-05-20 00:00:00
2023-05-20,01:00,0.0,24.0,65.3,2.83,23.6,0.0,2023-05-20 01:00:00
2023-05-20,02:00,0.0,25.4,70.5,1.72,33.4,0.0,2023-05-20 02:00:00
2023-05-20,03:00,0.0,25.9,71.8,6.21,52.8,0.0,2023-05-20 03:00:00
2023-05-20,04:00,0.0,26.5,68.1,6.09,36.5,0.0,2023-05-20 04:00:00
2023-05-20,05:00,0.0,27.6,61.0,4.21,22.2,0.0,2023-05-20 05:00:00
2023-05-20,06:00,165.94,27.2,65.9,1.46,10.5,7.13,2023-05-20 06:00:00
2023-05-20,07:00,353.2,28.8,65.9,5.35,44.3,13.66,2023-05-20 07:00:00
2023-05-20,08:00,603.7,30.4,56.7,1.46,11.4,23.09,2023-05-20 08:00:00
2023-05-20,09:00,645.22,30.3,66.7,1.77,50.3,24.68,2023-05-20 09:00:00
2023-05-20,10:00,897.9,35.3,58.9,2.88,21.6,32.63,2023-05-20 10:00:00
2023-05-20,11:00,863.08,37.6,59.6,3.36,49.7,31.47,2023-05-20 11:00:00
2023-05-20,12:00,957.79,38.3,54.7,3.01,36.1,33.58,2023-05-20 12:00:00
2023-05-20,13:00,975.01,37.0,44.1,2.11,23.8,34.66,2023-05-20 13:00:00
2023-05-20,14:00,910.67,36.2,47.6,1.81,18.1,33.51,2023-05-20 14:00:00
2023-05-20,15:00,771.9,38.8,51.7,5.82,20.8,28.29,2023-05-20 15:00:00
2023-05-20,16:00,562.46,38.0,46.4,3.05,32.3,20.95,2023-05-20 16:00:00
2023-05-20,17:00,381.01,36.3,52.6,2.39,27.0,14.32,2023-05-20 17:00:00
2023-05-20,18:00,162.84,37.8,43.3,3.6,17.0,6.32,2023-05-20 18:00:00
2023-05-20,19:00,0.0,33.2,52.2,1.24,23.4,0.0,2023-05-20 19:00:00
2023-05-20,20:00,0.0,31.2,66.7,4.14,27.1,0.0,2023-05-20 20:00:00
2023-05-20,21:00,0.0,29.4,58.8,2.53,0.0,0.0,2023-05-20 21:00:00
2023-05-20,22:00,0.0,25.9,73.3,4.13,32.8,0.0,2023-05-20 22:00:00
2023-05-20,23:00,0.0,28.6,63.0,4.21,11.2,0.0,2023-05-20 23:00:00
2023-05-21,00:00,0.0,26.5,61.8,5.39,8.4,0.0,2023-05-21 00:00:00
2023-05-21,01:00,0.0,27.0,56.8,2.44,0.4,0.0,2023-05-21 01:00:00
2023-05-21,02:00,0.0,29.2,54.6,3.5,0.0,0.0,2023-05-21 02:00:00
2023-05-21,03:00,0.0,25.4,62.5,7.37,5.4,0.0,2023-05-21 03:00:00
2023-05-21,04:00,0.0,22.5,77.1,4.83,15.1,0.0,2023-05-21 04:00:00
2023-05-21,05:00,0.0,28.5,65.7,7.81,55.0,0.0,2023-05-21 05:00:00
2023-05-21,06:00,165.76,29.2,58.4,6.65,17.8,6.68,2023-05-21 06:00:00
2023-05-21,07:00,382.73,29.0,59.9,4.19,28.4,14.91,2023-05-21 07:00:00
2023-05-21,08:00,578.02,32.6,63.3,2.6,31.7,21.92,2023-05-21 08:00:00
2023-05-21,09:00,746.1,34.8,62.1,5.02,27.7,27.91,2023-05-21 09:00:00
2023-05-21,10:00,907.66,33.2,57.6,4.66,24.6,33.5,2023-05-21 10:00:00
2023-05-21,11:00,1010.22,35.6,50.1,4.08,7.8,35.85,2023-05-21 11:00:00
2023-05-21,12:00,880.28,39.7,55.25,4.66,47.5,31.04,2023-05-21 12:00:00
2023-05-21,13:00,827.31,36.4,60.4,4.21,52.8,30.17,2023-05-21 13:00:00
2023-05-21,14:00,920.45,38.0,46.2,3.75,0.5,33.28,2023-05-21 14:00:00
2023-05-21,15:00,784.65,33.0,54.8,3.29,10.4,28.97,2023-05-21 15:00:00
2023-05-21,16:00,589.13,34.4,55.8,1.31,21.5,22.45,2023-05-21 16:00:00
2023-05-21,17:00,393.17,36.4,51.3,5.88,11.2,15.13,2023-05-21 17:00:00
2023-05-21,18:00,151.09,37.1,45.6,5.88,33.3,6.55,2023-05-21 18:00:00
2023-05-21,19:00,0.0,31.0,57.2,4.11,14.8,0.0,2023-05-21 19:00:00
2023-05-21,20:00,0.0,32.0,67.8,2.62,58.2,0.0,2023-05-21 20:00:00
2023-05-21,21:00,0.0,29.7,68.0,1.14,43.6,0.0,2023-05-21 21:00:00
2023-05-21,22:00,0.0,30.6,60.6,0.64,28.9,0.0,2023-05-21 22:00:00
2023-05-21,23:00,0.0,25.4,72.8,1.55,41.1,0.0,2023-05-21 23:00:00
2023-05-22,00:00,0.0,27.6,66.3,3.04,42.2,0.0,2023-05-22 00:00:00
2023-05-22,01:00,0.0,25.1,59.5,2.24,17.1,0.0,2023-05-22 01:00:00
2023-05-22,02:00,0.0,26.5,67.5,2.61,13.3,0.0,2023-05-22 02:00:00
2023-05-22,03:00,0.0,26.4,62.5,4.67,26.7,0.0,2023-05-22 03:00:00
2023-05-22,04:00,0.0,26.4,69.4,7.3,38.5,0.0,2023-05-22 04:00:00
2023-05-22,05:00,0.0,28.7,60.9,2.33,27.7,0.0,2023-05-22 05:00:00
2023-05-22,06:00,153.68,29.1,63.2,3.51,1.9,5.78,2023-05-22 06:00:00
2023-05-22,07:00,390.6,30.3,57.6,8.8,13.5,15.45,2023-05-22 07:00:00
2023-05-22,08:00,594.91,31.4,57.8,6.72,24.5,23.24,2023-05-22 08:00:00
2023-05-22,09:00,750.49,33.8,58.4,3.0,24.4,28.21,2023-05-22 09:00:00
2023-05-22,10:00,742.59,35.5,69.2,2.86,55.2,28.23,2023-05-22 10:00:00
2023-05-22,11:00,1002.47,34.5,51.1,2.5,4.8,35.82,2023-05-22 11:00:00
2023-05-22,12:00,972.71,36.6,51.9,2.06,33.1,34.29,2023-05-22 12:00:00
2023-05-22,13:00,866.5,36.0,60.8,3.48,47.9,31.94,2023-05-22 13:00:00
2023-05-22,14:00,696.59,38.0,51.6,2.95,59.6,25.92,2023-05-22 14:00:00
2023-05-22,15:00,771.23,36.8,49.9,4.94,19.5,28.33,2023-05-22 15:00:00
2023-05-22,16:00,563.19,38.6,58.3,2.48,32.9,21.19,2023-05-22 16:00:00
2023-05-22,17:00,374.09,37.5,52.9,4.89,34.1,14.43,2023-05-22 17:00:00
2023-05-22,18:00,165.12,33.4,57.5,2.72,28.5,7.0,2023-05-22 18:00:00
2023-05-22,19:00,0.0,33.6,55.7,4.1,24.1,0.0,2023-05-22 19:00:00
2023-05-22,20:00,0.0,33.2,56.6,4.33,32.1,0.0,2023-05-22 20:00:00
2023-05-22,21:00,0.0,30.2,56.0,4.51,0.0,0.0,2023-05-22 21:00:00
2023-05-22,22:00,0.0,27.7,70.5,2.17,35.8,0.0,2023-05-22 22:00:00
2023-05-22,23:00,0.0,25.9,66.7,2.69,27.5,0.0,2023-05-22 23:00:00
2023-05-23,00:00,0.0,28.6,52.7,2.52,22.1,0.0,2023-05-23 00:00:00
2023-05-23,01:00,0.0,28.1,73.7,4.02,56.1,0.0,2023-05-23 01:00:00
2023-05-23,02:00,0.0,25.9,73.5,1.57,15.3,0.0,2023-05-23 02:00:00
2023-05-23,03:00,0.0,27.8,61.6,3.75,19.4,0.0,2023-05-23 03:00:00
2023-05-23,04:00,0.0,21.7,75.4,1.65,55.3,0.0,2023-05-23 04:00:00
2023-05-23,05:00,0.0,30.4,60.3,2.94,13.0,0.0,2023-05-23 05:00:00
2023-05-23,06:00,154.8,29.0,67.8,4.59,17.2,7.14,2023-05-23 06:00:00
2023-05-23,07:00,382.99,30.9,61.6,3.27,23.2,15.54,2023-05-23 07:00:00
2023-05-23,08:00,536.82,31.7,68.9,2.68,38.0,21.14,2023-05-23 08:00:00
2023-05-23,09:00,742.42,36.3,55.9,4.22,28.6,27.56,2023-05-23 09:00:00
2023-05-23,10:00,911.19,33.3,54.4,4.91,6.0,34.19,2023-05-23 10:00:00
2023-05-23,11:00,998.31,39.1,43.6,2.56,17.5,35.44,2023-05-23 11:00:00
2023-05-23,12:00,1026.64,38.1,48.1,2.77,16.3,35.94,2023-05-23 12:00:00
2023-05-23,13:00,980.27,39.2,47.2,4.34,24.3,34.93,2023-05-23 13:00:00
2023-05-23,14:00,868.11,37.6,51.3,7.46,31.8,31.33,2023-05-23 14:00:00
2023-05-23,15:00,728.53,35.7,53.4,2.36,31.7,26.97,2023-05-23 15:00:00
2023-05-23,16:00,611.14,39.1,42.3,4.42,0.0,23.43,2023-05-23 16:00:00
2023-05-23,17:00,370.19,37.0,49.7,6.35,41.4,14.67,2023-05-23 17:00:00
2023-05-23,18:00,167.57,37.7,54.0,3.49,29.2,6.97,2023-05-23 18:00:00
2023-05-23,19:00,0.0,33.4,57.9,2.85,46.2,0.0,2023-05-23 19:00:00
2023-05-23,20:00,0.0,31.5,59.8,4.48,32.1,0.0,2023-05-23 20:00:00
2023-05-23,21:00,0.0,33.2,62.0,1.18,42.0,0.0,2023-05-23 21:00:00
2023-05-23,22:00,0.0,32.7,55.3,3.04,32.4,0.0,2023-05-23 22:00:00
2023-05-23,23:00,0.0,28.0,61.5,2.58,45.6,0.0,2023-05-23 23:00:00
2023-05-24,00:00,0.0,25.9,67.9,2.42,33.2,0.0,2023-05-24 00:00:00
2023-05-24,01:00,0.0,28.1,58.1,2.19,23.9,0.0,2023-05-24 01:00:00
2023-05-24,02:00,0.0,26.0,78.7,4.89,59.4,0.0,2023-05-24 02:00:00
2023-05-24,03:00,0.0,27.7,63.5,7.19,38.7,0.0,2023-05-24 03:00:00
2023-05-24,04:00,0.0,26.7,74.4,3.15,33.9,0.0,2023-05-24 04:00:00
2023-05-24,05:00,0.0,31.0,55.0,1.35,6.2,0.0,2023-05-24 05:00:00
2023-05-24,06:00,167.44,28.2,59.4,4.78,6.0,7.0,2023-05-24 06:00:00
2023-05-24,07:00,378.33,31.7,52.0,3.84,29.7,14.29,2023-05-24 07:00:00
2023-05-24,08:00,584.365,31.5,60.2,4.81,27.5,22.13,2023-05-24 08:00:00
2023-05-24,09:00,790.4,33.5,53.5,4.38,16.1,29.69,2023-05-24 09:00:00
2023-05-24,10:00,874.59,34.7,49.6,6.34,27.4,32.6,2023-05-24 10:00:00
2023-05-24,11:00,856.81,38.0,55.6,1.98,49.1,31.13,2023-05-24 11:00:00
2023-05-24,12:00,972.14,39.3,48.4,2.14,35.7,34.53,2023-05-24 12:00:00
2023-05-24,13:00,1014.99,39.2,42.4,2.96,8.2,36.6,2023-05-24 13:00:00
2023-05-24,14:00,902.98,38.2,48.7,3.62,23.6,32.6,2023-05-24 14:00:00
2023-05-24,15:00,785.39,38.5,43.7,6.63,13.2,28.7,2023-05-24 15:00:00
2023-05-24,16:00,605.91,39.2,47.1,6.36,19.5,22.68,2023-05-24 16:00:00
2023-05-24,17:00,382.36,38.3,47.0,5.95,19.1,15.52,2023-05-24 17:00:00
2023-05-24,18:00,160.34,30.6,60.5,2.41,18.2,6.1,2023-05-24 18:00:00
2023-05-24,19:00,0.0,33.5,49.3,4.85,6.5,0.0,2023-05-24 19:00:00
2023-05-24,20:00,0.0,32.0,53.6,3.14,23.4,0.0,2023-05-24 20:00:00
2023-05-24,21:00,0.0,32.1,53.2,6.72,16.9,0.0,2023-05-24 21:00:00
2023-05-24,22:00,0.0,29.3,61.8,2.37,0.0,0.0,2023-05-24 22:00:00
2023-05-24,23:00,0.0,29.5,73.6,1.98,56.1,0.0,2023-05-24 23:00:00
2023-05-25,00:00,0.0,25.4,77.1,5.67,41.6,0.0,2023-05-25 00:00:00
2023-05-25,01:00,0.0,27.3,69.1,4.77,19.6,0.0,2023-05-25 01:00:00
2023-05-25,02:00,0.0,28.2,62.2,5.49,25.5,0.0,2023-05-25 02:00:00
2023-05-25,03:00,0.0,24.1,66.9,2.08,7.6,0.0,2023-05-25 03:00:00
2023-05-25,04:00,0.0,31.9,65.1,6.09,50.7,0.0,2023-05-25 04:00:00
2023-05-25,05:00,0.0,30.5,70.3,4.54,53.7,0.0,2023-05-25 05:00:00
2023-05-25,06:00,175.78,29.6,61.3,4.4,27.6,7.11,2023-05-25 06:00:00
2023-05-25,07:00,362.44,29.5,66.3,4.05,40.6,15.19,2023-05-25 07:00:00
2023-05-25,08:00,576.7,32.3,58.8,5.07,27.9,21.97,2023-05-25 08:00:00
2023-05-25,09:00,798.15,34.3,52.0,3.29,5.2,29.46,2023-05-25 09:00:00
2023-05-25,10:00,897.02,36.4,52.8,1.93,19.0,32.85,2023-05-25 10:00:00
2023-05-25,11:00,968.44,39.5,47.9,3.85,27.2,34.33,2023-05-25 11:00:00
2023-05-25,12:00,1030.86,36.9,49.7,4.96,18.4,36.09,2023-05-25 12:00:00
2023-05-25,13:00,979.7,39.4,47.3,2.05,21.9,34.51,2023-05-25 13:00:00
2023-05-25,14:00,898.78,36.3,58.1,2.41,23.9,32.42,2023-05-25 14:00:00
2023-05-25,15:00,767.07,37.6,42.7,4.65,24.0,28.24,2023-05-25 15:00:00
2023-05-25,16:00,578.51,38.5,44.9,2.63,26.0,22.09,2023-05-25 16:00:00
2023-05-25,17:00,397.93,38.1,47.9,2.14,9.3,15.44,2023-05-25 17:00:00
2023-05-25,18:00,172.86,34.2,53.4,6.14,14.5,7.01,2023-05-25 18:00:00
2023-05-25,19:00,0.0,33.3,52.6,2.09,6.0,0.0,2023-05-25 19:00:00
2023-05-25,20:00,0.0,35.2,59.8,2.97,39.9,0.0,2023-05-25 20:00:00
2023-05-25,21:00,0.0,33.1,51.2,3.34,0.0,0.0,2023-05-25 21:00:00
2023-05-25,22:00,0.0,30.0,63.4,3.56,42.5,0.0,2023-05-25 22:00:00
2023-05-25,23:00,0.0,24.3,77.6,3.04,46.0,0.0,2023-05-25 23:00:00
2023-05-26,00:00,0.0,32.1,57.1,6.43,20.6,0.0,2023-05-26 00:00:00
2023-05-26,01:00,0.0,26.9,57.9,4.44,0.0,0.0,2023-05-26 01:00:00
2023-05-26,02:00,0.0,26.2,68.4,3.04,19.7,0.0,2023-05-26 02:00:00
2023-05-26,03:00,0.0,26.0,69.6,3.03,24.2,0.0,2023-05-26 03:00:00
2023-05-26,04:00,0.0,28.2,61.1,3.68,10.0,0.0,2023-05-26 04:00:00
2023-05-26,05:00,0.0,29.2,67.4,1.2,17.4,0.0,2023-05-26 05:00:00
2023-05-26,06:00,152.84,31.5,70.1,6.64,48.1,6.59,2023-05-26 06:00:00
2023-05-26,07:00,365.89,29.5,68.5,2.41,35.1,13.66,2023-05-26 07:00:00
2023-05-26,08:00,609.77,32.2,64.8,4.66,11.3,23.75,2023-05-26 08:00:00
2023-05-26,09:00,786.88,38.0,42.7,5.16,1.2,28.96,2023-05-26 09:00:00
2023-05-26,10:00,913.24,36.2,48.9,5.54,20.2,33.34,2023-05-26 10:00:00
2023-05-26,12:00,995.0,36.3,52.7,3.83,32.6,35.64,2023-05-26 12:00:00
2023-05-26,13:00,1004.13,39.5,45.1,1.62,17.1,34.88,2023-05-26 13:00:00
2023-05-26,14:00,853.16,40.6,43.4,5.36,32.8,31.23,2023-05-26 14:00:00
2023-05-26,15:00,629.76,40.1,55.8,3.6,54.2,23.48,2023-05-26 15:00:00
2023-05-26,16:00,563.96,37.5,47.2,2.08,37.4,20.82,2023-05-26 16:00:00
2023-05-26,17:00,397.17,37.7,49.2,4.78,24.4,14.74,2023-05-26 17:00:00
2023-05-26,18:00,162.3,38.8,47.3,2.91,22.4,6.21,2023-05-26 18:00:00
2023-05-26,19:00,0.0,36.2,48.9,1.83,19.8,0.0,2023-05-26 19:00:00
2023-05-26,20:00,0.0,31.3,56.7,3.49,42.9,0.0,2023-05-26 20:00:00
2023-05-26,21:00,0.0,26.6,57.0,2.47,15.7,0.0,2023-05-26 21:00:00
2023-05-26,22:00,0.0,30.3,58.0,7.08,25.8,0.0,2023-05-26 22:00:00
2023-05-26,23:00,0.0,30.0,63.6,3.04,25.9,0.0,2023-05-26 23:00:00
2023-05-27,00:00,0.0,25.8,66.8,4.0,17.6,0.0,2023-05-27 00:00:00
2023-05-27,01:00,0.0,27.1,60.4,7.04,4.5,0.0,2023-05-27 01:00:00
2023-05-27,02:00,0.0,26.5,64.2,3.19,29.9,0.0,2023-05-27 02:00:00
2023-05-27,03:00,0.0,27.3,66.5,3.03,24.2,0.0,2023-05-27 03:00:00
2023-05-27,04:00,0.0,26.8,60.7,2.1,32.6,0.0,2023-05-27 04:00:00
2023-05-27,05:00,0.0,31.0,48.2,6.84,17.1,0.0,2023-05-27 05:00:00
2023-05-27,06:00,141.28,30.2,64.6,5.33,43.4,6.1,2023-05-27 06:00:00
2023-05-27,07:00,400.98,29.8,56.1,2.4,11.9,16.43,2023-05-27 07:00:00
2023-05-27,08:00,506.44,34.6,64.8,2.92,50.8,20.31,2023-05-27 08:00:00
2023-05-27,09:00,780.21,32.2,52.3,6.46,0.0,28.44,2023-05-27 09:00:00
2023-05-27,10:00,873.42,38.2,57.2,3.84,31.6,31.79,2023-05-27 10:00:00
2023-05-27,11:00,958.67,39.0,47.4,3.93,32.2,34.17,2023-05-27 11:00:00
2023-05-27,12:00,1032.03,40.6,44.3,4.38,13.1,36.09,2023-05-27 12:00:00
2023-05-27,13:00,955.84,38.4,49.3,5.05,31.4,34.17,2023-05-27 13:00:00
2023-05-27,14:00,813.42,38.0,59.6,6.86,44.3,29.88,2023-05-27 14:00:00
2023-05-27,15:00,780.09,38.9,40.8,5.34,0.0,28.64,2023-05-27 15:00:00
2023-05-27,16:00,588.28,38.0,54.6,6.77,32.6,22.63,2023-05-27 16:00:00
2023-05-27,17:00,398.66,36.0,41.7,5.48,0.0,15.94,2023-05-27 17:00:00
2023-05-27,18:00,183.11,34.9,48.6,1.33,10.6,7.36,2023-05-27 18:00:00
2023-05-27,19:00,0.0,33.8,61.3,1.84,49.5,0.0,2023-05-27 19:00:00
2023-05-27,20:00,0.0,30.8,62.9,6.09,16.4,0.0,2023-05-27 20:00:00
2023-05-27,21:00,0.0,32.6,44.2,1.14,7.5,0.0,2023-05-27 21:00:00
2023-05-27,22:00,0.0,29.8,59.5,5.28,22.1,0.0,2023-05-27 22:00:00
2023-05-27,23:00,0.0,28.1,70.4,5.73,56.1,0.0,2023-05-27 23:00:00
2023-05-28,00:00,0.0,25.9,52.8,3.28,0.0,0.0,2023-05-28 00:00:00
2023-05-28,01:00,0.0,25.2,62.7,3.02,9.3,0.0,2023-05-28 01:00:00
2023-05-28,02:00,0.0,30.6,59.8,2.27,47.5,0.0,2023-05-28 02:00:00
2023-05-28,03:00,0.0,26.2,64.6,1.35,52.9,0.0,2023-05-28 03:00:00
2023-05-28,04:00,0.0,29.0,61.3,4.94,23.5,0.0,2023-05-28 04:00:00
2023-05-28,05:00,0.0,29.1,56.8,1.55,6.4,0.0,2023-05-28 05:00:00
2023-05-28,06:00,149.54,25.1,75.5,6.96,56.5,6.88,2023-05-28 06:00:00
2023-05-28,07:00,350.81,34.8,61.0,2.75,49.0,14.28,2023-05-28 07:00:00
2023-05-28,08:00,562.7,34.3,53.8,5.28,35.2,21.4,2023-05-28 08:00:00
2023-05-28,09:00,778.78,33.3,60.4,1.44,12.8,28.56,2023-05-28 09:00:00
2023-05-28,10:00,890.32,36.0,51.9,3.83,24.3,32.41,2023-05-28 10:00:00
2023-05-28,11:00,989.94,35.3,57.9,2.99,22.6,34.99,2023-05-28 11:00:00
2023-05-28,12:00,989.6,41.6,38.4,1.16,30.0,33.12,2023-05-28 12:00:00
2023-05-28,13:00,870.03,37.3,52.4,4.42,34.1,31.35,2023-05-28 13:00:00
2023-05-28,14:00,854.0,38.2,55.0,6.93,38.2,31.93,2023-05-28 14:00:00
2023-05-28,15:00,790.72,37.6,44.9,0.9,8.9,28.61,2023-05-28 15:00:00
2023-05-28,16:00,523.08,38.4,49.5,2.63,45.7,19.96,2023-05-28 16:00:00
2023-05-28,17:00,377.07,39.8,40.4,4.69,29.7,14.82,2023-05-28 17:00:00
2023-05-28,18:00,171.9,39.3,52.8,5.94,35.3,6.84,2023-05-28 18:00:00
2023-05-28,19:00,0.0,33.9,63.5,2.25,47.0,0.0,2023-05-28 19:00:00
2023-05-28,20:00,0.0,33.8,52.4,1.53,8.4,0.0,2023-05-28 20:00:00
2023-05-28,21:00,0.0,31.7,56.6,0.85,24.5,0.0,2023-05-28 21:00:00
2023-05-28,22:00,0.0,28.3,57.4,2.37,17.1,0.0,2023-05-28 22:00:00
2023-05-28,23:00,0.0,33.2,50.4,1.53,1.5,0.0,2023-05-28 23:00:00
2023-05-29,00:00,0.0,30.5,56.5,3.04,30.2,0.0,2023-05-29 00:00:00
2023-05-29,01:00,0.0,27.8,71.0,3.39,62.7,0.0,2023-05-29 01:00:00
2023-05-29,02:00,0.0,30.1,59.9,3.57,0.0,0.0,2023-05-29 02:00:00
2023-05-29,03:00,0.0,29.6,54.3,1.99,24.5,0.0,2023-05-29 03:00:00
2023-05-29,04:00,0.0,28.2,69.1,3.5,34.6,0.0,2023-05-29 04:00:00
2023-05-29,05:00,0.0,29.6,68.3,0.86,26.9,0.0,2023-05-29 05:00:00
2023-05-29,06:00,185.26,33.0,59.6,2.49,23.3,7.55,2023-05-29 06:00:00
2023-05-29,07:00,402.06,30.0,58.0,3.08,5.5,15.53,2023-05-29 07:00:00
2023-05-29,08:00,588.4,36.3,50.8,1.85,28.5,22.1,2023-05-29 08:00:00
2023-05-29,09:00,790.13,34.4,49.2,5.43,13.7,29.81,2023-05-29 09:00:00
2023-05-29,10:00,912.13,39.0,32.5,2.3,0.0,32.36,2023-05-29 10:00:00
2023-05-29,11:00,892.42,37.5,54.6,5.01,42.9,32.73,2023-05-29 11:00:00
2023-05-29,12:00,950.3,39.1,49.6,3.55,39.4,33.51,2023-05-29 12:00:00
2023-05-29,13:00,977.72,39.0,45.2,3.57,25.8,34.82,2023-05-29 13:00:00
2023-05-29,14:00,874.6,38.3,49.6,4.37,28.4,30.83,2023-05-29 14:00:00
2023-05-29,15:00,687.54,38.6,52.6,1.31,41.1,25.23,2023-05-29 15:00:00
2023-05-29,16:00,580.77,40.9,43.2,1.59,28.4,21.36,2023-05-29 16:00:00
2023-05-29,17:00,366.67,33.3,66.1,2.89,24.45,13.97,2023-05-29 17:00:00
2023-05-29,18:00,170.18,34.0,57.1,3.29,20.5,7.35,2023-05-29 18:00:00
2023-05-29,19:00,0.0,33.5,64.5,3.35,44.7,0.0,2023-05-29 19:00:00
2023-05-29,20:00,0.0,31.3,60.1,4.54,29.8,0.0,2023-05-29 20:00:00
2023-05-29,21:00,0.0,34.4,57.4,0.6,27.9,0.0,2023-05-29 21:00:00
2023-05-29,22:00,0.0,32.5,49.2,7.29,6.0,0.0,2023-05-29 22:00:00
2023-05-29,23:00,0.0,30.1,64.8,2.16,29.3,0.0,2023-05-29 23:00:00
2023-05-30,00:00,0.0,27.1,61.7,2.53,12.5,0.0,2023-05-30 00:00:00
2023-05-30,01:00,0.0,30.0,54.8,6.34,15.4,0.0,2023-05-30 01:00:00
2023-05-30,02:00,0.0,24.6,66.2,0.78,12.8,0.0,2023-05-30 02:00:00
2023-05-30,03:00,0.0,31.5,53.8,8.78,9.0,0.0,2023-05-30 03:00:00
2023-05-30,04:00,0.0,27.0,83.0,1.23,56.9,0.0,2023-05-30 04:00:00
2023-05-30,05:00,0.0,28.7,69.9,1.86,45.0,0.0,2023-05-30 05:00:00
2023-05-30,06:00,141.81,29.7,75.2,2.49,53.8,5.48,2023-05-30 06:00:00
2023-05-30,07:00,410.9,29.9,61.3,3.39,6.7,16.99,2023-05-30 07:00:00
2023-05-30,08:00,581.97,36.9,51.3,3.75,26.1,21.13,2023-05-30 08:00:00
2023-05-30,09:00,797.31,36.4,45.0,1.76,5.6,29.32,2023-05-30 09:00:00
2023-05-30,10:00,920.01,38.6,38.8,1.55,14.6,32.83,2023-05-30 10:00:00
2023-05-30,11:00,1007.87,35.5,46.1,1.18,11.2,35.43,2023-05-30 11:00:00
2023-05-30,12:00,912.5,38.9,55.2,2.57,43.6,32.4,2023-05-30 12:00:00
2023-05-30,13:00,983.74,40.2,43.3,6.56,19.1,34.86,2023-05-30 13:00:00
2023-05-30,14:00,825.15,39.9,51.9,3.17,41.0,28.97,2023-05-30 14:00:00
2023-05-30,15:00,733.38,37.1,44.7,5.07,34.1,26.69,2023-05-30 15:00:00
2023-05-30,16:00,447.21,40.6,55.8,2.25,59.6,16.87,2023-05-30 16:00:00
2023-05-30,17:00,403.84,37.9,48.2,1.48,2.8,15.22,2023-05-30 17:00:00
2023-05-30,18:00,167.68,34.7,51.8,3.92,43.9,6.61,2023-05-30 18:00:00
2023-05-30,19:00,0.0,31.6,64.6,5.49,42.2,0.0,2023-05-30 19:00:00
2023-05-30,20:00,0.0,34.5,56.2,6.25,10.4,0.0,2023-05-30 20:00:00
2023-05-30,21:00,0.0,36.3,62.3,3.88,40.1,0.0,2023-05-30 21:00:00
2023-05-30,22:00,0.0,28.6,62.6,2.74,30.0,0.0,2023-05-30 22:00:00
2023-05-30,23:00,0.0,29.5,64.3,1.79,21.6,0.0,2023-05-30 23:00:00
2023-05-31,00:00,0.0,30.4,63.3,4.49,12.6,0.0,2023-05-31 00:00:00
2023-05-31,01:00,0.0,25.5,66.9,2.68,14.2,0.0,2023-05-31 01:00:00
2023-05-31,02:00,0.0,26.7,79.0,5.68,55.8,0.0,2023-05-31 02:00:00
2023-05-31,03:00,0.0,26.2,66.8,4.16,25.0,0.0,2023-05-31 03:00:00
2023-05-31,04:00,0.0,30.2,65.5,5.82,36.7,0.0,2023-05-31 04:00:00
2023-05-31,05:00,0.0,31.7,53.2,3.97,13.1,0.0,2023-05-31 05:00:00
2023-05-31,06:00,180.2,30.9,56.3,5.12,13.3,6.39,2023-05-31 06:00:00
2023-05-31,07:00,367.73,30.5,66.3,2.74,41.2,14.54,2023-05-31 07:00:00
2023-05-31,08:00,619.31,32.8,49.2,3.68,4.8,23.89,2023-05-31 08:00:00
2023-05-31,09:00,782.47,34.0,52.8,1.03,18.8,28.93,2023-05-31 09:00:00
2023-05-31,10:00,896.64,34.8,57.2,4.18,25.5,32.56,2023-05-31 10:00:00
2023-05-31,11:00,971.58,37.6,58.5,3.82,26.7,34.66,2023-05-31 11:00:00
2023-05-31,12:00,1019.45,39.8,37.7,5.01,22.3,36.13,2023-05-31 12:00:00
2023-05-31,13:00,949.47,40.3,55.2,4.84,30.9,33.77,2023-05-31 13:00:00
2023-05-31,14:00,851.12,39.6,48.4,4.28,35.4,30.3,2023-05-31 14:00:00
2023-05-31,15:00,729.73,39.5,53.6,1.42,36.0,26.01,2023-05-31 15:00:00
2023-05-31,16:00,612.29,38.6,49.3,6.3,10.2,23.22,2023-05-31 16:00:00
2023-05-31,17:00,382.3,35.5,58.2,1.01,20.7,14.45,2023-05-31 17:00:00
2023-05-31,18:00,166.03,36.9,52.5,5.35,42.9,6.47,2023-05-31 18:00:00
2023-05-31,19:00,0.0,34.1,57.6,3.57,38.4,0.0,2023-05-31 19:00:00
2023-05-31,20:00,0.0,31.2,54.1,5.46,4.4,0.0,2023-05-31 20:00:00
2023-05-31,21:00,0.0,32.7,57.1,3.51,30.3,0.0,2023-05-31 21:00:00
2023-05-31,22:00,0.0,29.5,61.0,4.38,0.0,0.0,2023-05-31 22:00:00
2023-05-31,23:00,0.0,29.8,61.4,3.05,25.7,0.0,2023-05-31 23:00:00
2023-06-01,00:00,0.0,30.1,61.8,4.93,53.5,0.0,2023-06-01 00:00:00
2023-06-01,01:00,0.0,26.2,60.9,2.56,10.8,0.0,2023-06-01 01:00:00
2023-06-01,02:00,0.0,27.9,55.0,4.78,12.5,0.0,2023-06-01 02:00:00
2023-06-01,03:00,0.0,24.7,71.2,2.26,7.2,0.0,2023-06-01 03:00:00
2023-06-01,04:00,0.0,31.3,56.2,4.8,1.9,0.0,2023-06-01 04:00:00
2023-06-01,05:00,0.0,27.1,60.6,2.74,15.5,0.0,2023-06-01 05:00:00
2023-06-01,06:00,181.9,29.8,62.2,2.67,34.0,7.28,2023-06-01 06:00:00
2023-06-01,07:00,419.94,34.6,50.9,5.41,15.5,15.94,2023-06-01 07:00:00
2023-06-01,08:00,609.67,33.3,56.0,5.43,21.5,23.89,2023-06-01 08:00:00
2023-06-01,09:00,722.85,33.1,61.5,4.62,36.2,27.28,2023-06-01 09:00:00
2023-06-01,10:00,869.28,38.0,54.1,6.6,31.4,32.12,2023-06-01 10:00:00
2023-06-01,11:00,963.64,39.2,57.5,2.07,29.0,33.8,2023-06-01 11:00:00
2023-06-01,12:00,1036.02,38.900000000000006,48.8,2.63,19.9,36.29,2023-06-01 12:00:00
2023-06-01,13:00,957.52,38.6,52.7,2.74,30.6,33.48,2023-06-01 13:00:00
2023-06-01,14:00,890.62,39.0,40.9,2.79,23.2,31.71,2023-06-01 14:00:00
2023-06-01,15:00,740.47,39.2,47.7,2.9,31.9,26.56,2023-06-01 15:00:00
2023-06-01,16:00,610.64,35.5,50.1,4.65,17.6,23.37,2023-06-01 16:00:00
2023-06-01,17:00,401.66,37.7,45.0,2.64,22.3,15.57,2023-06-01 17:00:00
2023-06-01,18:00,182.46,40.0,40.4,2.71,10.2,7.79,2023-06-01 18:00:00
2023-06-01,19:00,0.0,33.7,55.1,3.99,24.5,0.0,2023-06-01 19:00:00
2023-06-01,20:00,0.0,32.7,52.1,2.26,12.9,0.0,2023-06-01 20:00:00
2023-06-01,21:00,0.0,30.1,67.3,3.06,8.3,0.0,2023-06-01 21:00:00
2023-06-01,22:00,0.0,31.8,61.6,1.43,28.9,0.0,2023-06-01 22:00:00
2023-06-01,23:00,0.0,31.7,67.5,7.13,28.2,0.0,2023-06-01 23:00:00
2023-06-02,00:00,0.0,30.8,69.0,2.85,36.8,0.0,2023-06-02 00:00:00
2023-06-02,01:00,0.0,25.9,63.2,5.73,18.6,0.0,2023-06-02 01:00:00
2023-06-02,02:00,0.0,28.8,64.8,3.8,31.2,0.0,2023-06-02 02:00:00
2023-06-02,03:00,0.0,30.7,60.5,2.43,33.3,0.0,2023-06-02 03:00:00
2023-06-02,04:00,0.0,29.6,62.9,2.26,31.8,0.0,2023-06-02 04:00:00
2023-06-02,05:00,0.0,30.5,53.5,4.64,12.7,0.0,2023-06-02 05:00:00
2023-06-02,06:00,190.11,30.1,59.9,7.45,27.3,7.88,2023-06-02 06:00:00
2023-06-02,07:00,384.49,32.7,60.0,2.21,30.5,15.01,2023-06-02 07:00:00
2023-06-02,08:00,588.78,36.1,53.5,1.83,25.2,21.51,2023-06-02 08:00:00
2023-06-02,09:00,794.5,36.0,47.0,3.16,0.0,28.8,2023-06-02 09:00:00
2023-06-02,10:00,899.14,34.7,54.6,3.19,27.5,32.6,2023-06-02 10:00:00
2023-06-02,11:00,781.9,37.3,62.1,5.37,58.3,28.97,2023-06-02 11:00:00
2023-06-02,12:00,1015.02,41.3,41.9,3.52,19.7,35.27,2023-06-02 12:00:00
2023-06-02,13:00,992.67,40.3,48.7,1.47,14.2,34.09,2023-06-02 13:00:00
2023-06-02,14:00,867.97,40.1,40.1,6.55,30.7,30.46,2023-06-02 14:00:00
2023-06-02,15:00,758.68,38.7,52.0,3.1,29.8,27.89,2023-06-02 15:00:00
2023-06-02,16:00,540.78,41.2,50.9,4.49,43.0,20.15,2023-06-02 16:00:00
2023-06-02,17:00,402.71,41.1,37.2,4.49,6.2,16.02,2023-06-02 17:00:00
2023-06-02,18:00,165.53,39.2,48.8,1.42,36.1,6.42,2023-06-02 18:00:00
2023-06-02,19:00,0.0,38.1,53.2,0.73,33.9,0.0,2023-06-02 19:00:00
2023-06-02,20:00,0.0,33.3,59.5,1.65,22.9,0.0,2023-06-02 20:00:00
2023-06-02,21:00,0.0,31.4,53.4,7.23,30.2,0.0,2023-06-02 21:00:00
2023-06-02,22:00,0.0,30.6,66.7,5.28,40.5,0.0,2023-06-02 22:00:00
2023-06-02,23:00,0.0,29.7,63.2,1.93,38.2,0.0,2023-06-02 23:00:00
2023-06-03,00:00,0.0,31.4,59.4,4.21,8.0,0.0,2023-06-03 00:00:00
2023-06-03,01:00,0.0,30.4,56.4,4.2,37.4,0.0,2023-06-03 01:00:00
2023-06-03,02:00,0.0,29.0,72.3,0.59,24.2,0.0,2023-06-03 02:00:00
2023-06-03,03:00,0.0,25.7,64.5,3.34,26.2,0.0,2023-06-03 03:00:00
2023-06-03,04:00,0.0,25.8,73.6,4.74,26.2,0.0,2023-06-03 04:00:00
2023-06-03,05:00,0.0,30.2,60.1,2.23,22.9,0.0,2023-06-03 05:00:00
2023-06-03,06:00,166.98,32.6,58.6,5.74,43.0,7.17,2023-06-03 06:00:00
2023-06-03,07:00,401.31,32.4,58.4,4.45,23.9,16.05,2023-06-03 07:00:00
2023-06-03,08:00,616.34,37.5,50.0,0.82,8.3,23.1,2023-06-03 08:00:00
2023-06-03,09:00,772.57,33.7,48.0,5.78,19.2,29.42,2023-06-03 09:00:00
2023-06-03,10:00,883.06,34.9,57.4,1.03,27.8,32.22,2023-06-03 10:00:00
2023-06-03,11:00,881.55,37.1,55.2,6.12,43.6,31.83,2023-06-03 11:00:00
2023-06-03,12:00,964.08,38.0,53.9,2.92,34.2,33.73,2023-06-03 12:00:00
2023-06-03,13:00,1023.59,40.8,41.9,4.66,12.4,35.85,2023-06-03 13:00:00
2023-06-03,14:00,676.27,39.3,54.4,5.23,62.4,24.74,2023-06-03 14:00:00
2023-06-03,15:00,744.62,37.1,47.2,2.68,29.1,27.36,2023-06-03 15:00:00
2023-06-03,16:00,541.57,40.9,52.4,3.02,44.3,20.66,2023-06-03 16:00:00
2023-06-03,17:00,396.24,38.0,55.7,3.71,22.9,15.44,2023-06-03 17:00:00
2023-06-03,18:00,173.15,35.1,58.3,4.05,33.1,6.83,2023-06-03 18:00:00
2023-06-03,19:00,0.0,32.7,62.1,2.73,37.7,0.0,2023-06-03 19:00:00
2023-06-03,20:00,0.0,34.4,63.0,8.89,43.4,0.0,2023-06-03 20:00:00
2023-06-03,21:00,0.0,32.8,66.7,4.89,41.0,0.0,2023-06-03 21:00:00
2023-06-03,22:00,0.0,34.5,50.3,2.65,38.2,0.0,2023-06-03 22:00:00
2023-06-03,23:00,0.0,31.5,48.5,4.34,20.4,0.0,2023-06-03 23:00:00
2023-06-04,00:00,0.0,31.6,63.6,3.37,16.6,0.0,2023-06-04 00:00:00
2023-06-04,01:00,0.0,28.9,58.8,5.83,30.2,0.0,2023-06-04 01:00:00
2023-06-04,02:00,0.0,26.4,65.9,2.9,39.2,0.0,2023-06-04 02:00:00
2023-06-04,03:00,0.0,28.6,61.4,2.23,21.9,0.0,2023-06-04 03:00:00
2023-06-04,04:00,0.0,30.1,58.5,1.33,41.2,0.0,2023-06-04 04:00:00
2023-06-04,05:00,0.0,31.2,63.4,8.25,47.0,0.0,2023-06-04 05:00:00
2023-06-04,06:00,179.11,30.4,53.5,3.04,11.5,7.54,2023-06-04 06:00:00
2023-06-04,07:00,405.28,33.5,52.0,2.4,12.7,15.85,2023-06-04 07:00:00
2023-06-04,08:00,600.16,32.5,58.1,3.63,23.1,23.05,2023-06-04 08:00:00
2023-06-04,09:00,750.09,33.9,55.2,2.73,29.8,28.28,2023-06-04 09:00:00
2023-06-04,10:00,913.09,35.2,50.0,2.46,17.4,32.64,2023-06-04 10:00:00
2023-06-04,11:00,884.43,38.5,54.7,4.22,45.5,31.29,2023-06-04 11:00:00
2023-06-04,12:00,995.16,37.3,56.1,1.56,31.6,35.28,2023-06-04 12:00:00
2023-06-04,13:00,983.25,39.2,54.1,3.7,25.8,33.87,2023-06-04 13:00:00
2023-06-04,14:00,941.55,38.7,37.3,3.16,3.7,32.29,2023-06-04 14:00:00
2023-06-04,15:00,784.65,38.2,51.4,3.81,5.5,29.39,2023-06-04 15:00:00
2023-06-04,16:00,587.7,38.5,53.1,2.86,29.4,22.66,2023-06-04 16:00:00
2023-06-04,17:00,411.08,38.6,37.2,3.99,0.0,15.61,2023-06-04 17:00:00
2023-06-04,18:00,171.63,37.7,48.5,1.61,40.4,7.24,2023-06-04 18:00:00
2023-06-04,19:00,0.0,34.9,51.1,3.11,22.8,0.0,2023-06-04 19:00:00
2023-06-04,20:00,0.0,35.6,70.8,2.48,73.9,0.0,2023-06-04 20:00:00
2023-06-04,21:00,0.0,33.7,62.4,3.39,59.8,0.0,2023-06-04 21:00:00
2023-06-04,22:00,0.0,33.3,48.1,3.21,22.5,0.0,2023-06-04 22:00:00
2023-06-04,23:00,0.0,29.8,60.3,4.3,23.6,0.0,2023-06-04 23:00:00
2023-06-05,00:00,0.0,28.2,59.8,4.28,40.3,0.0,2023-06-05 00:00:00
2023-06-05,01:00,0.0,27.3,67.5,3.28,50.9,0.0,2023-06-05 01:00:00
2023-06-05,02:00,0.0,28.9,54.5,2.2,0.7,0.0,2023-06-05 02:00:00
2023-06-05,03:00,0.0,27.9,58.7,4.05,0.0,0.0,2023-06-05 03:00:00
2023-06-05,04:00,0.0,28.1,65.9,7.5,16.0,0.0,2023-06-05 04:00:00
2023-06-05,05:00,0.0,29.3,67.3,2.22,34.1,0.0,2023-06-05 05:00:00
2023-06-05,06:00,179.12,30.1,58.3,1.52,32.8,8.18,2023-06-05 06:00:00
2023-06-05,07:00,377.24,33.2,59.1,2.61,41.4,15.32,2023-06-05 07:00:00
2023-06-05,08:00,615.53,31.8,54.4,3.27,7.3,24.12,2023-06-05 08:00:00
2023-06-05,10:00,852.16,38.6,50.6,5.6,38.2,31.18,2023-06-05 10:00:00
2023-06-05,11:00,1008.63,37.6,39.9,3.63,12.9,35.79,2023-06-05 11:00:00
2023-06-05,12:00,1036.52,43.0,30.9,2.52,0.0,35.8,2023-06-05 12:00:00
2023-06-05,13:00,960.08,40.2,45.0,7.08,27.5,33.62,2023-06-05 13:00:00
2023-06-05,14:00,852.04,37.5,40.7,1.89,37.2,30.38,2023-06-05 14:00:00
2023-06-05,15:00,765.49,39.6,49.0,1.88,23.5,27.71,2023-06-05 15:00:00
2023-06-05,16:00,613.21,39.7,39.6,2.52,18.5,22.62,2023-06-05 16:00:00
2023-06-05,17:00,404.48,39.4,49.4,1.57,22.9,15.42,2023-06-05 17:00:00
2023-06-05,18:00,183.47,36.9,52.0,4.98,19.8,7.17,2023-06-05 18:00:00
2023-06-05,19:00,0.0,34.1,47.9,2.83,5.1,0.0,2023-06-05 19:00:00
2023-06-05,20:00,0.0,32.4,59.1,4.85,14.6,0.0,2023-06-05 20:00:00
2023-06-05,21:00,0.0,31.6,63.9,5.06,33.1,0.0,2023-06-05 21:00:00
2023-06-05,22:00,0.0,30.4,60.7,2.48,30.1,0.0,2023-06-05 22:00:00
2023-06-05,23:00,0.0,28.1,63.1,3.75,27.8,0.0,2023-06-05 23:00:00
2023-06-06,00:00,0.0,28.0,65.0,3.75,10.5,0.0,2023-06-06 00:00:00
2023-06-06,01:00,0.0,29.9,61.8,5.94,22.7,0.0,2023-06-06 01:00:00
2023-06-06,02:00,0.0,31.5,56.9,1.11,0.0,0.0,2023-06-06 02:00:00
2023-06-06,03:00,0.0,30.1,52.3,2.85,28.1,0.0,2023-06-06 03:00:00
2023-06-06,04:00,0.0,31.7,64.6,6.06,46.9,0.0,2023-06-06 04:00:00
2023-06-06,05:00,0.0,32.0,46.5,2.48,3.3,0.0,2023-06-06 05:00:00
2023-06-06,06:00,180.81,33.0,54.6,1.96,16.6,7.75,2023-06-06 06:00:00
2023-06-06,07:00,389.78,32.3,62.0,4.02,30.4,15.56,2023-06-06 07:00:00
2023-06-06,08:00,537.82,34.8,65.8,2.8,44.2,20.88,2023-06-06 08:00:00
2023-06-06,09:00,786.6,35.3,48.0,3.52,18.7,29.5,2023-06-06 09:00:00
2023-06-06,10:00,918.71,37.1,46.0,5.48,15.0,33.93,2023-06-06 10:00:00
2023-06-06,11:00,1015.79,38.9,41.3,3.76,0.0,36.12,2023-06-06 11:00:00
2023-06-06,12:00,1005.37,41.0,41.3,3.74,27.0,35.2,2023-06-06 12:00:00
2023-06-06,13:00,819.73,41.1,56.3,2.67,56.1,28.78,2023-06-06 13:00:00
2023-06-06,14:00,889.97,40.2,46.8,5.27,29.6,30.82,2023-06-06 14:00:00
2023-06-06,15:00,765.62,40.4,46.2,4.91,25.1,27.77,2023-06-06 15:00:00
2023-06-06,16:00,584.23,40.5,49.3,2.46,30.3,21.42,2023-06-06 16:00:00
2023-06-06,17:00,392.1,39.9,46.2,2.86,25.3,14.76,2023-06-06 17:00:00
2023-06-06,18:00,180.54,34.8,47.8,5.24,13.2,7.29,2023-06-06 18:00:00
2023-06-06,19:00,0.0,34.1,58.0,3.03,37.8,0.0,2023-06-06 19:00:00
2023-06-06,20:00,0.0,36.5,49.0,3.23,28.8,0.0,2023-06-06 20:00:00
2023-06-06,21:00,0.0,32.8,57.7,3.06,25.7,0.0,2023-06-06 21:00:00
2023-06-06,22:00,0.0,30.7,60.6,2.1,10.8,0.0,2023-06-06 22:00:00
2023-06-06,23:00,0.0,29.8,61.8,2.95,45.0,0.0,2023-06-06 23:00:00
2023-06-07,00:00,0.0,29.0,59.3,5.34,35.5,0.0,2023-06-07 00:00:00
2023-06-07,01:00,0.0,29.9,59.7,3.62,17.3,0.0,2023-06-07 01:00:00
2023-06-07,02:00,0.0,26.7,67.0,3.47,40.6,0.0,2023-06-07 02:00:00
2023-06-07,03:00,0.0,28.9,61.3,2.07,18.1,0.0,2023-06-07 03:00:00
2023-06-07,04:00,0.0,29.9,59.9,2.18,13.8,0.0,2023-06-07 04:00:00
2023-06-07,05:00,0.0,31.1,48.3,1.3,14.2,0.0,2023-06-07 05:00:00
2023-06-07,06:00,184.99,32.0,54.8,0.95,0.0,7.71,2023-06-07 06:00:00
2023-06-07,07:00,373.32,34.0,52.5,3.61,32.6,14.71,2023-06-07 07:00:00
2023-06-07,08:00,623.73,33.6,49.5,3.26,0.0,23.77,2023-06-07 08:00:00
2023-06-07,09:00,795.98,34.5,47.4,2.66,7.1,29.28,2023-06-07 09:00:00
2023-06-07,10:00,922.08,42.1,34.6,8.66,0.0,32.46,2023-06-07 10:00:00
2023-06-07,11:00,976.75,38.3,55.4,3.21,24.3,35.27,2023-06-07 11:00:00
2023-06-07,12:00,1006.87,39.5,47.9,5.24,23.3,35.21,2023-06-07 12:00:00
2023-06-07,13:00,986.91,41.7,46.2,2.35,20.7,33.65,2023-06-07 13:00:00
2023-06-07,14:00,924.12,43.5,37.8,2.52,9.9,31.375,2023-06-07 14:00:00
2023-06-07,15:00,790.75,39.5,45.2,3.98,8.0,29.1,2023-06-07 15:00:00
2023-06-07,16:00,573.71,38.0,52.8,0.74,32.5,22.02,2023-06-07 16:00:00
2023-06-07,17:00,399.32,36.7,50.3,1.0,17.3,14.98,2023-06-07 17:00:00
2023-06-07,18:00,178.44,40.5,51.3,1.99,30.3,7.47,2023-06-07 18:00:00
2023-06-07,19:00,0.0,34.3,52.2,2.41,12.3,0.0,2023-06-07 19:00:00
2023-06-07,20:00,0.0,34.6,64.3,3.79,28.3,0.0,2023-06-07 20:00:00
2023-06-07,21:00,0.0,31.3,68.2,4.59,45.1,0.0,2023-06-07 21:00:00
2023-06-07,22:00,0.0,29.0,60.5,2.82,34.4,0.0,2023-06-07 22:00:00
2023-06-07,23:00,0.0,29.9,59.3,2.49,19.4,0.0,2023-06-07 23:00:00
2023-06-08,00:00,0.0,27.9,67.1,5.5,29.6,0.0,2023-06-08 00:00:00
2023-06-08,01:00,0.0,27.7,64.2,2.1,22.1,0.0,2023-06-08 01:00:00
2023-06-08,02:00,0.0,32.4,60.6,4.55,25.8,0.0,2023-06-08 02:00:00
2023-06-08,03:00,0.0,29.8,63.7,6.72,20.8,0.0,2023-06-08 03:00:00
2023-06-08,04:00,0.0,31.3,53.4,2.45,23.2,0.0,2023-06-08 04:00:00
2023-06-08,05:00,0.0,32.0,64.3,1.65,28.9,0.0,2023-06-08 05:00:00
2023-06-08,06:00,181.31,31.6,53.3,8.0,10.8,8.44,2023-06-08 06:00:00
2023-06-08,07:00,398.72,32.4,51.6,2.64,10.5,15.68,2023-06-08 07:00:00
2023-06-08,08:00,617.25,35.2,46.0,2.66,4.9,23.31,2023-06-08 08:00:00
2023-06-08,09:00,793.56,36.6,48.8,3.59,1.7,28.71,2023-06-08 09:00:00
2023-06-08,10:00,925.64,36.8,45.6,2.45,7.5,33.39,2023-06-08 10:00:00
2023-06-08,11:00,969.24,39.3,45.4,8.95,28.1,34.94,2023-06-08 11:00:00
2023-06-08,12:00,1029.09,38.7,43.3,1.3,12.3,35.71,2023-06-08 12:00:00
2023-06-08,13:00,944.77,40.3,40.7,3.44,33.4,33.53,2023-06-08 13:00:00
2023-06-08,14:00,898.76,40.2,42.9,3.89,26.2,31.73,2023-06-08 14:00:00
2023-06-08,15:00,792.71,38.3,37.6,3.51,0.0,28.14,2023-06-08 15:00:00
2023-06-08,16:00,557.54,35.8,54.1,3.76,35.5,21.48,2023-06-08 16:00:00
2023-06-08,17:00,372.16,37.3,56.2,8.46,37.9,15.45,2023-06-08 17:00:00
2023-06-08,18:00,181.73,41.0,43.4,6.0,10.8,6.7,2023-06-08 18:00:00
2023-06-08,19:00,0.0,35.8,59.3,2.81,32.0,0.0,2023-06-08 19:00:00
2023-06-08,20:00,0.0,36.2,53.1,3.9,12.9,0.0,2023-06-08 20:00:00
2023-06-08,21:00,0.0,29.4,60.6,0.57,27.2,0.0,2023-06-08 21:00:00
2023-06-08,22:00,0.0,30.0,56.8,3.26,6.7,0.0,2023-06-08 22:00:00
2023-06-08,23:00,0.0,28.1,57.7,2.11,0.0,0.0,2023-06-08 23:00:00
2023-06-09,00:00,0.0,29.4,52.3,4.74,20.1,0.0,2023-06-09 00:00:00
2023-06-09,01:00,0.0,33.5,50.9,2.4,24.0,0.0,2023-06-09 01:00:00
2023-06-09,02:00,0.0,29.8,59.6,4.97,19.9,0.0,2023-06-09 02:00:00
2023-06-09,03:00,0.0,32.2,53.0,2.83,8.1,0.0,2023-06-09 03:00:00
2023-06-09,04:00,0.0,29.3,63.1,6.63,19.9,0.0,2023-06-09 04:00:00
2023-06-09,05:00,0.0,33.1,59.7,3.42,29.9,0.0,2023-06-09 05:00:00
2023-06-09,06:00,184.34,35.7,45.7,5.64,25.2,7.5,2023-06-09 06:00:00
2023-06-09,07:00,406.2,33.2,59.4,4.28,28.6,15.88,2023-06-09 07:00:00
2023-06-09,08:00,605.34,34.0,53.7,7.9,15.8,23.5,2023-06-09 08:00:00
2023-06-09,09:00,700.88,34.1,62.2,4.93,43.5,26.75,2023-06-09 09:00:00
2023-06-09,10:00,939.98,37.4,50.2,4.83,8.2,34.03,2023-06-09 10:00:00
2023-06-09,11:00,951.57,39.3,48.8,2.61,33.2,33.52,2023-06-09 11:00:00
2023-06-09,12:00,906.68,43.8,50.2,3.69,43.6,31.39,2023-06-09 12:00:00
2023-06-09,13:00,953.89,38.4,47.1,2.72,33.1,34.64,2023-06-09 13:00:00
2023-06-09,14:00,895.07,41.0,40.4,1.03,22.8,31.61,2023-06-09 14:00:00
2023-06-09,15:00,793.42,37.5,50.0,4.73,18.0,28.99,2023-06-09 15:00:00
2023-06-09,16:00,545.61,39.4,49.8,2.47,41.4,19.9,2023-06-09 16:00:00
2023-06-09,17:00,436.46,39.7,42.6,3.2,4.5,16.28,2023-06-09 17:00:00
2023-06-09,18:00,202.6,38.9,52.5,2.7,11.3,7.75,2023-06-09 18:00:00
2023-06-09,19:00,0.0,37.5,50.3,2.29,19.9,0.0,2023-06-09 19:00:00
2023-06-09,20:00,0.0,35.6,58.6,1.5,44.4,0.0,2023-06-09 20:00:00
2023-06-09,21:00,0.0,34.4,52.8,2.94,31.6,0.0,2023-06-09 21:00:00
2023-06-09,22:00,0.0,32.0,48.0,1.61,11.4,0.0,2023-06-09 22:00:00
2023-06-09,23:00,0.0,28.8,61.8,3.85,21.2,0.0,2023-06-09 23:00:00
2023-06-10,00:00,0.0,26.5,68.7,1.03,16.8,0.0,2023-06-10 00:00:00
2023-06-10,01:00,0.0,28.3,60.1,6.87,15.4,0.0,2023-06-10 01:00:00
2023-06-10,02:00,0.0,28.8,68.6,7.5,40.7,0.0,2023-06-10 02:00:00
2023-06-10,03:00,0.0,31.5,59.8,2.79,5.5,0.0,2023-06-10 03:00:00
2023-06-10,04:00,0.0,29.7,73.6,2.59,50.2,0.0,2023-06-10 04:00:00
2023-06-10,05:00,0.0,30.5,65.6,1.76,38.5,0.0,2023-06-10 05:00:00
2023-06-10,06:00,173.12,32.8,62.1,6.33,42.4,6.71,2023-06-10 06:00:00
2023-06-10,07:00,411.78,33.0,49.2,4.07,19.1,16.39,2023-06-10 07:00:00
2023-06-10,08:00,583.18,36.5,48.7,4.19,23.8,22.09,2023-06-10 08:00:00
2023-06-10,09:00,797.9,40.2,39.7,6.22,4.6,29.2,2023-06-10 09:00:00
2023-06-10,10:00,917.0,42.0,38.1,6.41,18.2,32.69,2023-06-10 10:00:00
2023-06-10,11:00,961.66,39.5,50.1,5.54,33.5,33.97,2023-06-10 11:00:00
2023-06-10,12:00,895.02,40.9,57.7,5.13,45.5,31.97,2023-06-10 12:00:00
2023-06-10,13:00,1025.15,43.7,42.9,6.0,9.5,35.1,2023-06-10 13:00:00
2023-06-10,14:00,910.73,40.8,44.9,5.99,20.6,32.9,2023-06-10 14:00:00
2023-06-10,15:00,774.64,42.1,45.9,3.08,23.8,27.64,2023-06-10 15:00:00
2023-06-10,16:00,632.1,38.2,41.1,7.74,5.1,23.71,2023-06-10 16:00:00
2023-06-10,17:00,387.37,38.7,56.5,4.72,34.9,14.8,2023-06-10 17:00:00
2023-06-10,18:00,193.61,40.1,37.4,3.08,15.2,7.34,2023-06-10 18:00:00
2023-06-10,19:00,0.0,35.3,56.5,3.4,23.1,0.0,2023-06-10 19:00:00
2023-06-10,20:00,0.0,34.8,54.6,4.6,19.3,0.0,2023-06-10 20:00:00
2023-06-10,21:00,0.0,30.7,54.5,3.04,14.2,0.0,2023-06-10 21:00:00
2023-06-10,22:00,0.0,35.7,52.1,5.53,26.0,0.0,2023-06-10 22:00:00
2023-06-10,23:00,0.0,33.1,51.5,2.02,22.8,0.0,2023-06-10 23:00:00
2023-06-11,00:00,0.0,30.3,55.4,6.36,20.7,0.0,2023-06-11 00:00:00
2023-06-11,01:00,0.0,30.3,52.0,2.77,15.3,0.0,2023-06-11 01:00:00
2023-06-11,02:00,0.0,29.9,66.0,2.05,31.1,0.0,2023-06-11 02:00:00
2023-06-11,03:00,0.0,31.9,69.7,5.81,51.1,0.0,2023-06-11 03:00:00
2023-06-11,04:00,0.0,29.1,54.8,2.49,28.4,0.0,2023-06-11 04:00:00
2023-06-11,05:00,0.0,32.3,69.2,5.67,41.2,0.0,2023-06-11 05:00:00
2023-06-11,06:00,208.49,34.1,50.2,2.75,5.4,8.62,2023-06-11 06:00:00
2023-06-11,07:00,393.38,35.8,54.6,6.76,28.6,15.35,2023-06-11 07:00:00
2023-06-11,08:00,615.74,31.1,49.9,2.39,9.8,23.52,2023-06-11 08:00:00
2023-06-11,09:00,788.09,35.7,52.8,1.52,4.1,29.08,2023-06-11 09:00:00
2023-06-11,10:00,921.04,36.4,50.0,6.81,15.2,33.25,2023-06-11 10:00:00
2023-06-11,11:00,901.98,39.7,56.0,2.12,44.1,31.1,2023-06-11 11:00:00
2023-06-11,12:00,946.94,36.8,59.8,6.95,40.5,33.85,2023-06-11 12:00:00
2023-06-11,13:00,970.32,37.3,56.9,5.51,29.9,34.6,2023-06-11 13:00:00
2023-06-11,14:00,935.87,45.1,30.6,1.61,3.3,31.73,2023-06-11 14:00:00
2023-06-11,15:00,769.21,42.1,41.8,3.42,23.3,27.69,2023-06-11 15:00:00
2023-06-11,16:00,573.31,40.6,44.4,1.55,30.8,20.98,2023-06-11 16:00:00
2023-06-11,17:00,392.19,40.1,50.7,2.9,28.9,15.01,2023-06-11 17:00:00
2023-06-11,18:00,191.4,38.5,43.6,3.0,0.0,8.46,2023-06-11 18:00:00
2023-06-11,19:00,0.0,38.5,49.8,4.14,12.9,0.0,2023-06-11 19:00:00
2023-06-11,20:00,0.0,34.1,59.6,7.83,25.3,0.0,2023-06-11 20:00:00
2023-06-11,21:00,0.0,34.0,50.7,2.14,34.3,0.0,2023-06-11 21:00:00
2023-06-11,22:00,0.0,32.6,56.5,2.9,0.0,0.0,2023-06-11 22:00:00
2023-06-11,23:00,0.0,29.1,66.1,4.07,23.8,0.0,2023-06-11 23:00:00
2023-06-12,00:00,0.0,32.4,57.1,2.15,28.6,0.0,2023-06-12 00:00:00
2023-06-12,01:00,0.0,28.7,68.2,4.73,39.2,0.0,2023-06-12 01:00:00
2023-06-12,02:00,0.0,31.2,61.9,3.23,36.9,0.0,2023-06-12 02:00:00
2023-06-12,03:00,0.0,29.7,66.7,7.07,35.2,0.0,2023-06-12 03:00:00
2023-06-12,04:00,0.0,33.1,52.5,4.29,14.5,0.0,2023-06-12 04:00:00
2023-06-12,05:00,0.0,29.2,58.1,3.05,0.0,0.0,2023-06-12 05:00:00
2023-06-12,06:00,190.62,30.4,59.8,4.78,20.6,8.79,2023-06-12 06:00:00
2023-06-12,07:00,382.46,32.1,60.5,5.63,41.5,15.23,2023-06-12 07:00:00
2023-06-12,09:00,734.21,39.7,60.6,2.6,37.1,27.47,2023-06-12 09:00:00
2023-06-12,10:00,875.18,41.2,43.7,3.29,32.9,31.36,2023-06-12 10:00:00
2023-06-12,11:00,959.19,35.4,53.9,3.45,32.2,34.42,2023-06-12 11:00:00
2023-06-12,12:00,1024.7,41.0,40.4,3.16,18.1,35.61,2023-06-12 12:00:00
2023-06-12,13:00,982.11,35.3,50.9,2.82,24.5,34.47,2023-06-12 13:00:00
2023-06-12,14:00,762.37,42.8,51.9,4.99,51.5,27.78,2023-06-12 14:00:00
2023-06-12,15:00,787.93,43.1,41.3,0.92,12.3,26.93,2023-06-12 15:00:00
2023-06-12,16:00,512.75,40.5,51.9,2.74,50.7,19.14,2023-06-12 16:00:00
2023-06-12,17:00,398.64,39.7,50.0,1.98,21.6,15.88,2023-06-12 17:00:00
2023-06-12,18:00,168.13,38.5,57.0,1.91,46.4,6.97,2023-06-12 18:00:00
2023-06-12,19:00,0.0,35.5,47.4,2.66,5.4,0.0,2023-06-12 19:00:00
2023-06-12,20:00,0.0,36.1,48.5,5.05,35.3,0.0,2023-06-12 20:00:00
2023-06-12,21:00,0.0,33.4,57.1,7.6,15.4,0.0,2023-06-12 21:00:00
2023-06-12,22:00,0.0,34.0,51.0,3.73,5.2,0.0,2023-06-12 22:00:00
2023-06-12,23:00,0.0,30.9,61.2,2.94,29.8,0.0,2023-06-12 23:00:00
2023-06-13,00:00,0.0,28.7,65.5,5.55,41.9,0.0,2023-06-13 00:00:00
2023-06-13,01:00,0.0,26.9,66.1,1.5,14.0,0.0,2023-06-13 01:00:00
2023-06-13,02:00,0.0,26.1,63.3,1.69,4.2,0.0,2023-06-13 02:00:00
2023-06-13,03:00,0.0,32.0,57.4,2.97,25.3,0.0,2023-06-13 03:00:00
2023-06-13,04:00,0.0,29.4,57.3,3.43,25.4,0.0,2023-06-13 04:00:00
2023-06-13,05:00,0.0,31.8,65.3,5.3,34.9,0.0,2023-06-13 05:00:00
2023-06-13,06:00,182.17,35.7,59.1,6.62,41.0,7.66,2023-06-13 06:00:00
2023-06-13,07:00,400.62,32.9,58.1,3.81,25.8,16.24,2023-06-13 07:00:00
2023-06-13,08:00,501.55,34.3,51.6,3.64,54.5,20.19,2023-06-13 08:00:00
2023-06-13,09:00,755.53,36.8,52.2,2.36,30.1,28.17,2023-06-13 09:00:00
2023-06-13,10:00,913.89,38.5,46.7,3.44,21.5,32.45,2023-06-13 10:00:00
2023-06-13,11:00,1004.45,43.1,33.5,6.59,2.5,35.33,2023-06-13 11:00:00
2023-06-13,12:00,1008.93,43.5,43.5,3.18,22.8,34.49,2023-06-13 12:00:00
2023-06-13,13:00,1003.63,42.4,44.7,2.35,21.7,34.24,2023-06-13 13:00:00
2023-06-13,14:00,813.57,41.65,45.9,2.94,41.1,28.36,2023-06-13 14:00:00
2023-06-13,15:00,741.25,40.9,51.2,3.73,33.6,27.4,2023-06-13 15:00:00
2023-06-13,16:00,627.36,41.2,36.4,4.13,9.0,23.4,2023-06-13 16:00:00
2023-06-13,17:00,393.2,39.2,46.7,3.36,29.3,15.56,2023-06-13 17:00:00
2023-06-13,18:00,174.92,36.1,55.3,5.03,36.8,7.31,2023-06-13 18:00:00
2023-06-13,19:00,0.0,39.2,51.1,4.06,49.6,0.0,2023-06-13 19:00:00
2023-06-13,20:00,0.0,36.4,58.3,4.47,40.0,0.0,2023-06-13 20:00:00
2023-06-13,21:00,0.0,33.9,56.6,5.86,38.1,0.0,2023-06-13 21:00:00
2023-06-13,22:00,0.0,32.5,63.3,5.88,27.6,0.0,2023-06-13 22:00:00
2023-06-13,23:00,0.0,28.5,61.7,2.31,32.5,0.0,2023-06-13 23:00:00
2023-06-14,00:00,0.0,28.6,77.1,4.25,45.7,0.0,2023-06-14 00:00:00
2023-06-14,01:00,0.0,30.4,64.3,4.77,7.0,0.0,2023-06-14 01:00:00
2023-06-14,02:00,0.0,28.6,62.1,2.01,21.7,0.0,2023-06-14 02:00:00
2023-06-14,03:00,0.0,29.4,64.3,5.67,15.4,0.0,2023-06-14 03:00:00
2023-06-14,04:00,0.0,30.2,61.3,2.2,32.6,0.0,2023-06-14 04:00:00
2023-06-14,05:00,0.0,30.1,70.3,5.32,45.4,0.0,2023-06-14 05:00:00
2023-06-14,06:00,183.3,30.8,57.6,2.09,18.0,7.27,2023-06-14 06:00:00
2023-06-14,07:00,409.01,31.1,48.2,4.92,0.0,16.69,2023-06-14 07:00:00
2023-06-14,08:00,609.99,35.3,38.1,2.02,20.8,22.62,2023-06-14 08:00:00
2023-06-14,09:00,721.94,38.3,51.6,3.12,40.7,26.71,2023-06-14 09:00:00
2023-06-14,10:00,857.82,35.6,56.5,2.0,35.0,31.1,2023-06-14 10:00:00
2023-06-14,11:00,938.47,39.8,54.0,2.64,33.4,33.21,2023-06-14 11:00:00
2023-06-14,12:00,1042.47,41.3,43.9,8.26,22.8,36.57,2023-06-14 12:00:00
2023-06-14,13:00,1020.9,39.6,46.6,1.78,7.8,35.12,2023-06-14 13:00:00
2023-06-14,14:00,862.11,44.1,40.7,3.24,34.7,29.55,2023-06-14 14:00:00
2023-06-14,15:00,795.45,40.7,41.2,4.54,14.4,28.34,2023-06-14 15:00:00
2023-06-14,16:00,469.86,40.6,58.2,1.7,59.7,18.07,2023-06-14 16:00:00
2023-06-14,17:00,390.17,38.0,39.8,1.79,35.5,15.11,2023-06-14 17:00:00
2023-06-14,18:00,192.54,35.4,51.5,1.99,18.2,7.57,2023-06-14 18:00:00
2023-06-14,19:00,0.0,39.0,44.3,4.37,17.8,0.0,2023-06-14 19:00:00
2023-06-14,20:00,0.0,33.9,61.0,6.39,25.6,0.0,2023-06-14 20:00:00
2023-06-14,21:00,0.0,33.6,53.3,5.52,23.4,0.0,2023-06-14 21:00:00
2023-06-14,22:00,0.0,33.7,62.4,8.17,43.7,0.0,2023-06-14 22:00:00
2023-06-14,23:00,0.0,34.0,60.1,4.03,29.8,0.0,2023-06-14 23:00:00
2023-06-15,00:00,0.0,28.6,55.2,7.36,16.2,0.0,2023-06-15 00:00:00
2023-06-15,01:00,0.0,29.1,69.7,2.79,55.6,0.0,2023-06-15 01:00:00
2023-06-15,02:00,0.0,32.2,57.0,3.31,28.0,0.0,2023-06-15 02:00:00
2023-06-15,03:00,0.0,30.7,67.4,3.2,38.8,0.0,2023-06-15 03:00:00
2023-06-15,04:00,0.0,31.7,59.7,1.34,18.1,0.0,2023-06-15 04:00:00
2023-06-15,05:00,0.0,29.6,62.8,5.56,32.7,0.0,2023-06-15 05:00:00
2023-06-15,06:00,189.78,32.0,55.8,1.1,31.9,8.1,2023-06-15 06:00:00
2023-06-15,07:00,413.01,33.9,53.3,4.85,0.0,16.24,2023-06-15 07:00:00
2023-06-15,08:00,483.66,34.2,62.8,3.25,57.4,18.41,2023-06-15 08:00:00
2023-06-15,09:00,689.06,34.2,53.9,0.8,46.6,26.08,2023-06-15 09:00:00
2023-06-15,10:00,895.17,37.8,42.5,2.72,21.3,32.16,2023-06-15 10:00:00
2023-06-15,11:00,1016.47,42.4,40.8,2.98,10.7,35.47,2023-06-15 11:00:00
2023-06-15,12:00,968.92,41.0,41.5,7.45,32.4,34.25,2023-06-15 12:00:00
2023-06-15,13:00,985.51,44.0,48.6,4.45,28.5,33.4,2023-06-15 13:00:00
2023-06-15,14:00,869.98,42.0,41.4,3.87,32.6,30.61,2023-06-15 14:00:00
2023-06-15,15:00,753.07,40.1,47.4,1.9,30.1,26.84,2023-06-15 15:00:00
2023-06-15,16:00,568.95,43.2,44.5,3.18,34.8,21.17,2023-06-15 16:00:00
2023-06-15,17:00,345.76,40.3,48.9,1.23,48.9,13.72,2023-06-15 17:00:00
2023-06-15,18:00,198.07,40.4,39.4,5.05,35.7,7.2,2023-06-15 18:00:00
2023-06-15,19:00,0.0,35.3,50.7,2.1,11.5,0.0,2023-06-15 19:00:00
2023-06-15,20:00,0.0,37.6,52.5,4.11,47.7,0.0,2023-06-15 20:00:00
2023-06-15,21:00,0.0,36.1,59.3,4.67,51.8,0.0,2023-06-15 21:00:00
2023-06-15,22:00,0.0,33.2,68.3,3.07,74.5,0.0,2023-06-15 22:00:00
2023-06-15,23:00,0.0,30.0,58.6,4.3,10.4,0.0,2023-06-15 23:00:00
2023-06-16,00:00,0.0,30.5,68.3,5.07,31.1,0.0,2023-06-16 00:00:00
2023-06-16,01:00,0.0,31.1,51.2,2.21,0.0,0.0,2023-06-16 01:00:00
2023-06-16,02:00,0.0,30.3,61.6,4.14,35.8,0.0,2023-06-16 02:00:00
2023-06-16,03:00,0.0,31.1,51.5,4.87,19.3,0.0,2023-06-16 03:00:00
2023-06-16,04:00,0.0,32.5,64.6,3.03,56.3,0.0,2023-06-16 04:00:00
2023-06-16,05:00,0.0,30.4,60.0,2.1,15.9,0.0,2023-06-16 05:00:00
2023-06-16,06:00,183.92,30.7,52.6,2.71,2.2,7.28,2023-06-16 06:00:00
2023-06-16,07:00,423.77,34.2,55.5,6.75,20.4,15.59,2023-06-16 07:00:00
2023-06-16,08:00,611.53,35.2,46.5,3.03,0.0,22.49,2023-06-16 08:00:00
2023-06-16,09:00,724.69,38.8,46.3,1.78,38.8,26.49,2023-06-16 09:00:00
2023-06-16,10:00,918.59,36.9,45.9,1.62,0.0,32.82,2023-06-16 10:00:00
2023-06-16,11:00,968.25,41.9,43.3,2.2,27.9,33.46,2023-06-16 11:00:00
2023-06-16,12:00,1049.93,43.5,35.2,1.9,0.0,35.79,2023-06-16 12:00:00
2023-06-16,13:00,981.74,41.6,41.0,3.64,22.7,34.7,2023-06-16 13:00:00
2023-06-16,14:00,770.25,41.9,47.6,2.98,52.1,27.85,2023-06-16 14:00:00
2023-06-16,15:00,743.26,40.2,48.6,5.66,32.9,27.42,2023-06-16 15:00:00
2023-06-16,16:00,623.56,40.0,42.7,6.04,14.5,22.81,2023-06-16 16:00:00
2023-06-16,17:00,409.06,39.3,54.7,3.54,27.0,15.5,2023-06-16 17:00:00
2023-06-16,18:00,181.97,41.4,48.0,6.13,27.8,7.46,2023-06-16 18:00:00
2023-06-16,19:00,0.0,37.3,54.9,3.44,34.6,0.0,2023-06-16 19:00:00
2023-06-16,20:00,0.0,33.4,50.9,4.35,7.0,0.0,2023-06-16 20:00:00
2023-06-16,21:00,0.0,34.7,48.9,2.1,36.4,0.0,2023-06-16 21:00:00
2023-06-16,22:00,0.0,34.3,45.3,1.38,0.0,0.0,2023-06-16 22:00:00
2023-06-16,23:00,0.0,31.5,54.7,2.09,18.0,0.0,2023-06-16 23:00:00
2023-06-17,00:00,0.0,33.4,53.9,2.55,20.5,0.0,2023-06-17 00:00:00
2023-06-17,01:00,0.0,31.5,61.9,4.98,37.3,0.0,2023-06-17 01:00:00
2023-06-17,02:00,0.0,28.1,67.5,2.16,28.1,0.0,2023-06-17 02:00:00
2023-06-17,03:00,0.0,29.2,59.0,1.92,6.7,0.0,2023-06-17 03:00:00
2023-06-17,04:00,0.0,31.2,61.1,6.66,13.0,0.0,2023-06-17 04:00:00
2023-06-17,05:00,0.0,28.7,63.4,4.61,30.8,0.0,2023-06-17 05:00:00
2023-06-17,06:00,186.47,33.6,57.3,3.54,26.6,7.67,2023-06-17 06:00:00
2023-06-17,07:00,410.28,31.2,59.4,1.7,19.1,16.13,2023-06-17 07:00:00
2023-06-17,08:00,598.08,37.8,49.4,5.75,20.6,22.16,2023-06-17 08:00:00
2023-06-17,09:00,735.4,39.1,56.0,1.79,38.2,27.19,2023-06-17 09:00:00
2023-06-17,10:00,890.0,39.9,48.4,4.19,20.0,31.74,2023-06-17 10:00:00
2023-06-17,11:00,975.92,39.0,42.8,4.49,26.5,34.65,2023-06-17 11:00:00
2023-06-17,12:00,797.41,41.4,52.5,3.22,60.3,28.85,2023-06-17 12:00:00
2023-06-17,13:00,1004.87,40.8,40.4,6.41,6.4,35.33,2023-06-17 13:00:00
2023-06-17,14:00,935.79,40.1,48.5,1.37,0.0,32.61,2023-06-17 14:00:00
2023-06-17,15:00,714.25,41.1,46.9,5.46,39.5,26.31,2023-06-17 15:00:00
2023-06-17,16:00,607.98,42.4,36.9,3.91,17.6,22.7,2023-06-17 16:00:00
2023-06-17,17:00,411.16,40.3,47.1,4.19,23.0,15.87,2023-06-17 17:00:00
2023-06-17,18:00,194.63,41.6,43.6,8.41,16.1,7.94,2023-06-17 18:00:00
2023-06-17,19:00,0.0,38.9,47.3,4.05,23.9,0.0,2023-06-17 19:00:00
2023-06-17,20:00,0.0,37.1,56.4,5.3,51.8,0.0,2023-06-17 20:00:00
2023-06-17,21:00,0.0,31.5,66.5,2.05,39.8,0.0,2023-06-17 21:00:00
2023-06-17,22:00,0.0,32.4,58.2,5.39,40.7,0.0,2023-06-17 22:00:00
2023-06-17,23:00,0.0,29.8,55.6,5.05,6.5,0.0,2023-06-17 23:00:00
2023-06-18,00:00,0.0,30.5,54.9,7.55,10.8,0.0,2023-06-18 00:00:00
2023-06-18,01:00,0.0,29.0,60.9,6.8,0.0,0.0,2023-06-18 01:00:00
2023-06-18,02:00,0.0,29.4,61.0,2.36,16.0,0.0,2023-06-18 02:00:00
2023-06-18,03:00,0.0,32.2,58.1,3.51,42.4,0.0,2023-06-18 03:00:00
2023-06-18,04:00,0.0,31.7,57.6,6.42,35.9,0.0,2023-06-18 04:00:00
2023-06-18,05:00,0.0,33.6,63.3,4.34,24.8,0.0,2023-06-18 05:00:00
2023-06-18,06:00,169.06,30.2,66.0,3.5,27.8,7.1,2023-06-18 06:00:00
2023-06-18,07:00,421.96,34.6,55.9,1.79,17.8,16.89,2023-06-18 07:00:00
2023-06-18,08:00,598.17,37.8,51.1,3.0,31.2,22.39,2023-06-18 08:00:00
2023-06-18,09:00,711.47,40.3,55.5,4.48,39.6,26.48,2023-06-18 09:00:00
2023-06-18,10:00,930.29,36.3,42.1,5.15,3.9,33.89,2023-06-18 10:00:00
2023-06-18,11:00,953.63,39.7,51.6,3.43,32.6,34.67,2023-06-18 11:00:00
2023-06-18,12:00,922.03,43.1,44.1,1.41,42.1,32.73,2023-06-18 12:00:00
2023-06-18,13:00,976.67,41.5,42.2,4.31,21.9,34.73,2023-06-18 13:00:00
2023-06-18,14:00,844.79,40.4,52.0,6.56,38.6,30.76,2023-06-18 14:00:00
2023-06-18,15:00,519.28,39.1,58.4,3.65,70.3,19.29,2023-06-18 15:00:00
2023-06-18,16:00,593.0,39.5,45.6,6.67,26.5,22.39,2023-06-18 16:00:00
2023-06-18,17:00,388.79,37.3,50.6,3.01,34.0,15.99,2023-06-18 17:00:00
2023-06-18,18:00,204.32,39.2,37.5,6.1,17.0,8.32,2023-06-18 18:00:00
2023-06-18,19:00,0.0,39.2,52.0,5.22,30.8,0.0,2023-06-18 19:00:00
2023-06-18,20:00,0.0,33.8,54.0,7.36,35.0,0.0,2023-06-18 20:00:00
2023-06-18,21:00,0.0,35.0,62.7,5.25,31.0,0.0,2023-06-18 21:00:00
2023-06-18,22:00,0.0,34.6,50.1,2.87,12.8,0.0,2023-06-18 22:00:00
2023-06-18,23:00,0.0,31.8,65.3,6.27,31.2,0.0,2023-06-18 23:00:00
2023-06-19,00:00,0.0,28.1,63.2,4.5,50.4,0.0,2023-06-19 00:00:00
2023-06-19,01:00,0.0,31.1,65.1,2.1,35.1,0.0,2023-06-19 01:00:00
2023-06-19,02:00,0.0,30.1,69.5,1.32,42.8,0.0,2023-06-19 02:00:00
2023-06-19,03:00,0.0,30.1,66.3,3.06,24.9,0.0,2023-06-19 03:00:00
2023-06-19,04:00,0.0,30.0,58.8,5.22,39.7,0.0,2023-06-19 04:00:00
2023-06-19,05:00,0.0,32.1,57.2,4.23,32.6,0.0,2023-06-19 05:00:00
2023-06-19,06:00,195.59,34.1,54.7,3.79,14.2,7.8,2023-06-19 06:00:00
2023-06-19,07:00,393.74,38.9,50.5,0.73,33.2,15.13,2023-06-19 07:00:00
2023-06-19,08:00,611.25,36.4,50.0,3.37,13.5,22.38,2023-06-19 08:00:00
2023-06-19,09:00,786.02,40.4,42.7,2.07,18.9,26.89,2023-06-19 09:00:00
2023-06-19,10:00,879.84,39.8,54.3,3.46,31.3,31.4,2023-06-19 10:00:00
2023-06-19,11:00,939.9,40.2,58.4,8.83,32.9,33.46,2023-06-19 11:00:00
2023-06-19,12:00,1044.73,41.6,40.7,6.03,10.6,36.16,2023-06-19 12:00:00
2023-06-19,13:00,882.06,39.8,53.2,2.82,44.2,31.57,2023-06-19 13:00:00
2023-06-19,14:00,861.73,42.7,45.4,4.11,37.0,29.8,2023-06-19 14:00:00
2023-06-19,15:00,778.65,38.4,52.0,3.67,17.8,28.72,2023-06-19 15:00:00
2023-06-19,16:00,619.31,39.8,45.0,1.92,5.4,22.81,2023-06-19 16:00:00
2023-06-19,17:00,410.72,40.6,41.4,8.64,26.2,15.58,2023-06-19 17:00:00
2023-06-19,18:00,194.88,41.3,41.0,3.33,21.7,6.9,2023-06-19 18:00:00
2023-06-19,19:00,0.0,40.3,43.0,3.69,30.1,0.0,2023-06-19 19:00:00
2023-06-19,20:00,0.0,35.7,63.0,4.38,23.0,0.0,2023-06-19 20:00:00
2023-06-19,21:00,0.0,34.9,50.2,2.25,0.0,0.0,2023-06-19 21:00:00
2023-06-19,22:00,0.0,34.9,50.9,2.41,22.6,0.0,2023-06-19 22:00:00
2023-06-19,23:00,0.0,29.5,59.0,2.26,23.8,0.0,2023-06-19 23:00:00
2023-06-20,00:00,0.0,31.8,65.1,3.15,38.3,0.0,2023-06-20 00:00:00
2023-06-20,01:00,0.0,29.0,64.7,2.29,18.3,0.0,2023-06-20 01:00:00
2023-06-20,02:00,0.0,30.0,71.7,6.64,53.9,0.0,2023-06-20 02:00:00
2023-06-20,03:00,0.0,29.7,53.8,4.75,0.1,0.0,2023-06-20 03:00:00
2023-06-20,04:00,0.0,31.9,65.5,6.24,48.4,0.0,2023-06-20 04:00:00
2023-06-20,05:00,0.0,33.0,57.3,5.72,25.4,0.0,2023-06-20 05:00:00
2023-06-20,06:00,189.23,34.9,54.3,4.69,41.6,7.02,2023-06-20 06:00:00
2023-06-20,07:00,384.9,35.4,50.7,2.5,29.9,15.27,2023-06-20 07:00:00
2023-06-20,08:00,525.01,36.6,58.2,4.21,45.8,20.33,2023-06-20 08:00:00
2023-06-20,09:00,765.15,41.2,44.7,2.23,22.9,27.35,2023-06-20 09:00:00
2023-06-20,10:00,935.32,36.5,50.5,1.93,12.3,33.96,2023-06-20 10:00:00
2023-06-20,11:00,865.19,43.6,50.3,4.3,50.1,30.23,2023-06-20 11:00:00
2023-06-20,12:00,996.2,41.0,51.3,4.26,27.1,34.54,2023-06-20 12:00:00
2023-06-20,13:00,951.46,43.1,40.3,2.07,32.1,32.49,2023-06-20 13:00:00
2023-06-20,14:00,788.8,41.7,51.8,3.0,47.3,28.28,2023-06-20 14:00:00
2023-06-20,15:00,776.03,40.8,45.1,1.5,13.3,27.54,2023-06-20 15:00:00
2023-06-20,16:00,572.7,42.3,44.7,4.76,37.7,20.91,2023-06-20 16:00:00
2023-06-20,17:00,409.09,42.4,41.9,8.45,19.9,15.6,2023-06-20 17:00:00
2023-06-20,18:00,188.11,40.1,45.4,4.91,26.8,7.43,2023-06-20 18:00:00
2023-06-20,19:00,0.0,36.9,60.5,5.68,29.8,0.0,2023-06-20 19:00:00
2023-06-20,20:00,0.0,42.8,37.8,3.56,6.2,0.0,2023-06-20 20:00:00
2023-06-20,21:00,0.0,36.9,50.7,1.7,17.1,0.0,2023-06-20 21:00:00
2023-06-20,22:00,0.0,35.0,58.7,4.83,49.0,0.0,2023-06-20 22:00:00
2023-06-20,23:00,0.0,31.4,61.5,2.57,42.0,0.0,2023-06-20 23:00:00
2023-06-21,00:00,0.0,30.1,56.7,3.16,28.2,0.0,2023-06-21 00:00:00
2023-06-21,01:00,0.0,30.1,67.4,4.69,32.7,0.0,2023-06-21 01:00:00
2023-06-21,02:00,0.0,32.3,60.8,6.33,24.7,0.0,2023-06-21 02:00:00
2023-06-21,03:00,0.0,28.8,68.0,3.6,49.4,0.0,2023-06-21 03:00:00
2023-06-21,04:00,0.0,29.3,59.0,7.36,26.1,0.0,2023-06-21 04:00:00
2023-06-21,05:00,0.0,33.1,59.2,3.76,32.6,0.0,2023-06-21 05:00:00
2023-06-21,06:00,170.72,34.0,58.6,1.87,46.3,7.3,2023-06-21 06:00:00
2023-06-21,07:00,410.51,33.4,53.4,3.75,17.4,15.63,2023-06-21 07:00:00
2023-06-21,08:00,510.43,34.4,56.5,5.83,52.5,19.41,2023-06-21 08:00:00
2023-06-21,09:00,796.86,40.5,41.7,3.84,6.1,29.26,2023-06-21 09:00:00
2023-06-21,10:00,745.54,40.0,54.3,4.96,53.5,27.07,2023-06-21 10:00:00
2023-06-21,11:00,975.58,38.2,53.0,3.89,23.5,35.17,2023-06-21 11:00:00
2023-06-21,12:00,990.27,39.3,46.8,3.88,25.5,34.41,2023-06-21 12:00:00
2023-06-21,13:00,1024.23,41.5,36.6,2.7,0.8,35.44,2023-06-21 13:00:00
2023-06-21,14:00,913.65,43.7,33.8,2.3,7.1499999999999995,32.08,2023-06-21 14:00:00
2023-06-21,15:00,797.02,43.3,42.8,2.67,13.5,27.94,2023-06-21 15:00:00
2023-06-21,16:00,610.39,43.6,43.2,3.4,20.0,22.97,2023-06-21 16:00:00
2023-06-21,17:00,381.66,37.9,50.0,5.39,27.0,14.7,2023-06-21 17:00:00
2023-06-21,18:00,164.42,39.8,45.9,5.55,43.5,6.75,2023-06-21 18:00:00
2023-06-21,19:00,0.0,40.5,42.4,2.1,32.2,0.0,2023-06-21 19:00:00
2023-06-21,20:00,0.0,38.8,48.0,3.91,33.7,0.0,2023-06-21 20:00:00
2023-06-21,21:00,0.0,35.5,53.8,3.29,12.7,0.0,2023-06-21 21:00:00
2023-06-21,22:00,0.0,37.6,48.7,4.0,15.9,0.0,2023-06-21 22:00:00
2023-06-21,23:00,0.0,33.2,58.2,4.38,56.1,0.0,2023-06-21 23:00:00
2023-06-22,00:00,0.0,33.2,56.4,2.68,18.4,0.0,2023-06-22 00:00:00
2023-06-22,01:00,0.0,30.8,64.0,6.53,54.3,0.0,2023-06-22 01:00:00
2023-06-22,02:00,0.0,29.1,60.7,6.79,25.8,0.0,2023-06-22 02:00:00
2023-06-22,03:00,0.0,29.1,67.6,1.77,29.5,0.0,2023-06-22 03:00:00
2023-06-22,04:00,0.0,31.6,67.0,4.69,45.5,0.0,2023-06-22 04:00:00
2023-06-22,05:00,0.0,31.9,68.7,1.2,48.5,0.0,2023-06-22 05:00:00
2023-06-22,06:00,184.56,30.3,61.4,1.33,27.8,7.21,2023-06-22 06:00:00
2023-06-22,07:00,411.16,33.1,59.8,7.26,23.6,16.26,2023-06-22 07:00:00
2023-06-22,08:00,591.35,35.9,51.0,4.64,28.6,22.46,2023-06-22 08:00:00
2023-06-22,09:00,738.42,39.3,48.7,2.88,34.5,26.58,2023-06-22 09:00:00
2023-06-22,10:00,814.43,39.5,50.2,4.5,42.8,29.8,2023-06-22 10:00:00
2023-06-22,11:00,971.86,40.6,46.6,5.7,29.5,34.32,2023-06-22 11:00:00
2023-06-22,12:00,943.98,39.9,44.7,5.94,38.7,33.85,2023-06-22 12:00:00
2023-06-22,13:00,819.84,42.3,49.2,1.05,54.0,29.26,2023-06-22 13:00:00
2023-06-22,14:00,874.32,44.9,47.3,5.46,35.2,29.92,2023-06-22 14:00:00
2023-06-22,15:00,745.42,42.6,40.3,5.76,34.1,26.6,2023-06-22 15:00:00
2023-06-22,16:00,607.18,39.0,37.9,4.12,6.7,23.37,2023-06-22 16:00:00
2023-06-22,17:00,402.13,38.5,37.3,3.57,0.0,15.83,2023-06-22 17:00:00
2023-06-22,18:00,180.76,40.5,58.7,1.8,35.3,6.46,2023-06-22 18:00:00
2023-06-22,19:00,0.0,37.6,52.5,2.49,28.0,0.0,2023-06-22 19:00:00
2023-06-22,20:00,0.0,36.4,49.8,3.62,21.7,0.0,2023-06-22 20:00:00
2023-06-22,21:00,0.0,33.8,57.9,5.88,33.1,0.0,2023-06-22 21:00:00
2023-06-22,22:00,0.0,34.4,56.4,5.34,28.6,0.0,2023-06-22 22:00:00
2023-06-22,23:00,0.0,31.7,61.5,3.65,46.4,0.0,2023-06-22 23:00:00
2023-06-23,00:00,0.0,31.1,59.1,5.22,31.1,0.0,2023-06-23 00:00:00
2023-06-23,01:00,0.0,29.3,60.1,5.08,18.6,0.0,2023-06-23 01:00:00
2023-06-23,02:00,0.0,32.2,60.0,4.03,44.7,0.0,2023-06-23 02:00:00
2023-06-23,03:00,0.0,30.4,59.5,2.4,26.6,0.0,2023-06-23 03:00:00
2023-06-23,04:00,0.0,32.5,62.1,2.99,37.7,0.0,2023-06-23 04:00:00
2023-06-23,05:00,0.0,30.2,56.4,2.11,22.7,0.0,2023-06-23 05:00:00
2023-06-23,06:00,185.12,36.7,60.4,0.82,20.1,8.03,2023-06-23 06:00:00
2023-06-23,07:00,383.65,37.3,54.8,1.6,31.1,14.47,2023-06-23 07:00:00
2023-06-23,08:00,579.26,33.1,52.8,5.04,30.0,21.88,2023-06-23 08:00:00
2023-06-23,09:00,733.53,36.7,44.3,1.2,37.0,27.04,2023-06-23 09:00:00
2023-06-23,10:00,893.03,40.4,43.1,3.22,25.8,31.45,2023-06-23 10:00:00
2023-06-23,11:00,996.88,38.5,45.6,8.34,2.3,35.56,2023-06-23 11:00:00
2023-06-23,12:00,1018.26,41.5,45.5,5.29,23.3,35.07,2023-06-23 12:00:00
2023-06-23,13:00,905.71,43.1,45.3,4.98,41.7,31.67,2023-06-23 13:00:00
2023-06-23,14:00,909.25,42.3,40.5,2.65,25.4,31.58,2023-06-23 14:00:00
2023-06-23,15:00,769.27,43.4,37.8,4.35,26.1,27.86,2023-06-23 15:00:00
2023-06-23,16:00,530.55,40.5,48.8,3.66,44.6,20.12,2023-06-23 16:00:00
2023-06-23,17:00,390.16,36.8,45.5,4.26,19.2,15.31,2023-06-23 17:00:00
2023-06-23,18:00,189.94,41.4,38.0,3.37,6.7,7.87,2023-06-23 18:00:00
2023-06-23,19:00,0.0,39.9,52.3,3.81,27.4,0.0,2023-06-23 19:00:00
2023-06-23,20:00,0.0,41.1,40.9,8.52,22.6,0.0,2023-06-23 20:00:00
2023-06-23,21:00,0.0,31.1,59.6,2.9,15.3,0.0,2023-06-23 21:00:00
2023-06-23,22:00,0.0,34.9,57.5,2.38,27.2,0.0,2023-06-23 22:00:00
2023-06-23,23:00,0.0,28.8,61.8,3.43,37.2,0.0,2023-06-23 23:00:00
2023-06-24,00:00,0.0,34.6,52.2,3.78,30.1,0.0,2023-06-24 00:00:00
2023-06-24,01:00,0.0,31.8,65.3,1.64,34.8,0.0,2023-06-24 01:00:00
2023-06-24,02:00,0.0,29.0,67.2,5.37,57.4,0.0,2023-06-24 02:00:00
2023-06-24,03:00,0.0,32.3,57.6,3.31,25.1,0.0,2023-06-24 03:00:00
2023-06-24,04:00,0.0,30.5,71.0,3.27,34.4,0.0,2023-06-24 04:00:00
2023-06-24,05:00,0.0,33.0,60.1,4.44,22.6,0.0,2023-06-24 05:00:00
2023-06-24,06:00,185.85,35.65,53.6,5.13,17.5,7.39,2023-06-24 06:00:00
2023-06-24,07:00,415.78,38.3,51.3,8.35,21.4,16.23,2023-06-24 07:00:00
2023-06-24,08:00,593.38,39.9,45.7,2.16,23.0,22.28,2023-06-24 08:00:00
2023-06-24,09:00,742.44,37.2,57.2,2.97,35.6,26.92,2023-06-24 09:00:00
2023-06-24,10:00,663.88,41.6,45.8,2.13,65.5,24.29,2023-06-24 10:00:00
2023-06-24,11:00,988.99,41.6,41.9,6.04,19.5,34.69,2023-06-24 11:00:00
2023-06-24,12:00,1028.62,39.3,38.7,3.89,24.0,36.41,2023-06-24 12:00:00
2023-06-24,13:00,968.36,41.2,46.2,5.76,29.3,33.82,2023-06-24 13:00:00
2023-06-24,14:00,863.29,46.9,37.7,8.3,36.2,30.12,2023-06-24 14:00:00
2023-06-24,15:00,728.92,43.1,49.3,3.9,34.2,26.31,2023-06-24 15:00:00
2023-06-24,16:00,539.13,43.7,49.7,1.85,49.5,19.64,2023-06-24 16:00:00
2023-06-24,17:00,406.34,40.5,37.1,3.04,0.0,15.3,2023-06-24 17:00:00
2023-06-24,18:00,204.16,38.7,40.3,1.23,0.0,7.83,2023-06-24 18:00:00
2023-06-24,19:00,0.0,38.3,49.8,5.73,22.8,0.0,2023-06-24 19:00:00
2023-06-24,20:00,0.0,36.2,55.1,1.01,46.7,0.0,2023-06-24 20:00:00
2023-06-24,21:00,0.0,32.4,53.0,4.1,6.7,0.0,2023-06-24 21:00:00
2023-06-24,22:00,0.0,31.9,57.4,1.77,0.0,0.0,2023-06-24 22:00:00
2023-06-24,23:00,0.0,33.7,55.8,0.83,38.8,0.0,2023-06-24 23:00:00
2023-06-25,00:00,0.0,30.9,60.4,2.57,34.3,0.0,2023-06-25 00:00:00
2023-06-25,01:00,0.0,31.0,55.8,3.9,14.3,0.0,2023-06-25 01:00:00
2023-06-25,02:00,0.0,31.2,69.8,1.56,15.8,0.0,2023-06-25 02:00:00
2023-06-25,03:00,0.0,31.5,59.2,4.21,16.1,0.0,2023-06-25 03:00:00
2023-06-25,04:00,0.0,33.6,62.2,4.51,32.3,0.0,2023-06-25 04:00:00
2023-06-25,05:00,0.0,30.6,62.5,7.61,21.2,0.0,2023-06-25 05:00:00
2023-06-25,06:00,182.11,34.8,60.6,6.26,38.0,7.0,2023-06-25 06:00:00
2023-06-25,07:00,409.17,36.6,47.0,3.98,0.0,16.33,2023-06-25 07:00:00
2023-06-25,08:00,612.9,38.5,48.2,5.27,17.8,22.82,2023-06-25 08:00:00
2023-06-25,09:00,791.77,35.8,43.9,3.05,13.7,29.77,2023-06-25 09:00:00
2023-06-25,10:00,892.61,40.2,47.8,4.07,26.8,31.89,2023-06-25 10:00:00
2023-06-25,11:00,995.48,44.1,39.1,3.23,22.5,34.73,2023-06-25 11:00:00
2023-06-25,12:00,924.77,41.8,50.1,2.94,42.6,32.37,2023-06-25 12:00:00
2023-06-25,13:00,1019.2,43.4,35.3,4.83,2.7,34.79,2023-06-25 13:00:00
2023-06-25,14:00,887.47,44.2,44.6,2.75,31.3,31.36,2023-06-25 14:00:00
2023-06-25,15:00,728.42,40.7,52.5,3.13,39.0,26.27,2023-06-25 15:00:00
2023-06-25,16:00,484.43,45.3,35.0,3.07,58.5,18.4,2023-06-25 16:00:00
2023-06-25,17:00,394.03,41.9,41.3,5.93,23.4,15.28,2023-06-25 17:00:00
2023-06-25,18:00,184.95,40.7,40.4,2.14,35.5,7.85,2023-06-25 18:00:00
2023-06-25,19:00,0.0,35.3,48.9,3.13,3.6,0.0,2023-06-25 19:00:00
2023-06-25,20:00,0.0,38.2,41.5,6.12,0.0,0.0,2023-06-25 20:00:00
2023-06-25,21:00,0.0,36.1,62.1,0.97,43.3,0.0,2023-06-25 21:00:00
2023-06-25,22:00,0.0,36.7,53.4,7.03,30.5,0.0,2023-06-25 22:00:00
2023-06-25,23:00,0.0,32.0,62.1,6.25,48.3,0.0,2023-06-25 23:00:00
2023-06-26,00:00,0.0,29.9,61.5,3.3,10.4,0.0,2023-06-26 00:00:00
2023-06-26,01:00,0.0,29.8,63.7,4.41,38.8,0.0,2023-06-26 01:00:00
2023-06-26,02:00,0.0,30.0,67.8,8.75,59.1,0.0,2023-06-26 02:00:00
2023-06-26,03:00,0.0,29.1,67.3,3.92,37.3,0.0,2023-06-26 03:00:00
2023-06-26,04:00,0.0,34.0,64.2,1.71,35.2,0.0,2023-06-26 04:00:00
2023-06-26,05:00,0.0,35.0,58.7,5.77,31.2,0.0,2023-06-26 05:00:00
2023-06-26,06:00,193.12,33.5,53.9,1.94,7.5,7.63,2023-06-26 06:00:00
2023-06-26,07:00,339.09,34.6,71.9,2.57,51.4,13.37,2023-06-26 07:00:00
2023-06-26,08:00,615.03,33.6,52.1,5.96,21.9,23.69,2023-06-26 08:00:00
2023-06-26,09:00,705.25,39.7,47.1,2.57,38.6,24.69,2023-06-26 09:00:00
2023-06-26,10:00,940.05,42.8,38.3,4.94,7.6,33.07,2023-06-26 10:00:00
2023-06-26,11:00,1004.15,40.0,49.4,3.43,13.3,35.68,2023-06-26 11:00:00
2023-06-26,12:00,855.34,41.8,46.7,5.04,52.6,30.44,2023-06-26 12:00:00
2023-06-26,13:00,974.56,43.4,48.4,2.45,25.8,33.46,2023-06-26 13:00:00
2023-06-26,14:00,773.11,46.0,38.5,3.3,52.8,27.39,2023-06-26 14:00:00
2023-06-26,15:00,745.62,43.0,42.5,2.85,29.9,27.43,2023-06-26 15:00:00
2023-06-26,16:00,620.88,42.4,37.9,2.53,3.4,22.93,2023-06-26 16:00:00
2023-06-26,17:00,367.74,41.4,45.5,2.83,44.4,14.14,2023-06-26 17:00:00
2023-06-26,18:00,177.32,37.3,47.1,2.87,22.2,6.93,2023-06-26 18:00:00
2023-06-26,19:00,0.0,35.8,59.9,7.2,41.5,0.0,2023-06-26 19:00:00
2023-06-26,20:00,0.0,35.4,60.5,3.82,31.4,0.0,2023-06-26 20:00:00
2023-06-26,21:00,0.0,37.1,37.9,3.49,7.9,0.0,2023-06-26 21:00:00
2023-06-26,22:00,0.0,33.3,59.1,3.68,33.5,0.0,2023-06-26 22:00:00
2023-06-26,23:00,0.0,31.7,68.0,9.46,64.0,0.0,2023-06-26 23:00:00
2023-06-27,00:00,0.0,30.8,63.9,4.41,38.8,0.0,2023-06-27 00:00:00
2023-06-27,01:00,0.0,30.9,60.0,4.69,30.6,0.0,2023-06-27 01:00:00
2023-06-27,02:00,0.0,34.0,55.7,2.83,47.6,0.0,2023-06-27 02:00:00
2023-06-27,03:00,0.0,30.9,68.5,3.53,34.6,0.0,2023-06-27 03:00:00
2023-06-27,04:00,0.0,30.3,67.8,2.21,34.6,0.0,2023-06-27 04:00:00
2023-06-27,05:00,0.0,32.8,54.2,4.59,15.1,0.0,2023-06-27 05:00:00
2023-06-27,06:00,175.5,37.1,51.1,2.97,35.0,7.45,2023-06-27 06:00:00
2023-06-27,07:00,345.96,34.5,57.6,4.96,47.0,13.43,2023-06-27 07:00:00
2023-06-27,08:00,595.03,34.8,42.2,2.36,18.9,21.86,2023-06-27 08:00:00
2023-06-27,09:00,659.01,37.6,58.2,3.23,52.8,24.66,2023-06-27 09:00:00
2023-06-27,10:00,880.01,40.2,50.3,3.53,30.1,31.69,2023-06-27 10:00:00
2023-06-27,11:00,997.66,42.4,41.5,2.12,18.1,34.26,2023-06-27 11:00:00
2023-06-27,12:00,900.25,44.0,45.3,1.52,46.4,31.23,2023-06-27 12:00:00
2023-06-27,13:00,982.3,40.9,46.0,2.85,27.1,33.83,2023-06-27 13:00:00
2023-06-27,14:00,822.71,41.2,45.5,3.87,42.8,29.07,2023-06-27 14:00:00
2023-06-27,15:00,782.21,42.2,41.5,4.41,27.1,27.95,2023-06-27 15:00:00
2023-06-27,16:00,587.68,43.4,41.9,3.33,30.5,21.82,2023-06-27 16:00:00
2023-06-27,17:00,385.14,38.9,54.1,3.66,38.8,14.91,2023-06-27 17:00:00
2023-06-27,18:00,186.41,38.9,56.1,3.86,35.8,7.81,2023-06-27 18:00:00
2023-06-27,19:00,0.0,37.4,43.4,3.72,1.5,0.0,2023-06-27 19:00:00
2023-06-27,20:00,0.0,38.6,41.6,1.67,14.6,0.0,2023-06-27 20:00:00
2023-06-27,21:00,0.0,36.3,57.0,3.24,45.4,0.0,2023-06-27 21:00:00
2023-06-27,22:00,0.0,35.6,62.0,2.32,29.5,0.0,2023-06-27 22:00:00
2023-06-27,23:00,0.0,35.1,49.4,3.82,23.6,0.0,2023-06-27 23:00:00
2023-06-28,00:00,0.0,31.3,59.5,5.03,11.5,0.0,2023-06-28 00:00:00
2023-06-28,01:00,0.0,29.1,65.6,4.04,15.7,0.0,2023-06-28 01:00:00
2023-06-28,02:00,0.0,28.9,55.6,2.4,1.5,0.0,2023-06-28 02:00:00
2023-06-28,03:00,0.0,27.9,62.9,2.33,30.4,0.0,2023-06-28 03:00:00
2023-06-28,04:00,0.0,31.0,61.5,1.24,22.9,0.0,2023-06-28 04:00:00
2023-06-28,05:00,0.0,32.1,57.6,3.33,17.4,0.0,2023-06-28 05:00:00
2023-06-28,06:00,189.53,35.4,57.4,3.36,30.9,7.49,2023-06-28 06:00:00
2023-06-28,07:00,390.37,35.5,64.4,2.47,37.3,15.73,2023-06-28 07:00:00
2023-06-28,08:00,443.45,36.1,62.3,5.07,63.3,16.7,2023-06-28 08:00:00
2023-06-28,09:00,790.02,38.4,39.9,3.16,9.2,28.49,2023-06-28 09:00:00
2023-06-28,10:00,798.96,38.2,55.3,4.5,49.3,28.71,2023-06-28 10:00:00
2023-06-28,11:00,868.26,43.1,47.9,4.34,46.5,31.05,2023-06-28 11:00:00
2023-06-28,12:00,1012.5,40.8,48.9,4.16,20.2,35.75,2023-06-28 12:00:00
2023-06-28,13:00,954.25,40.8,46.7,6.37,34.9,33.86,2023-06-28 13:00:00
2023-06-28,14:00,908.79,44.5,37.9,0.98,25.0,31.54,2023-06-28 14:00:00
2023-06-28,15:00,742.4,43.9,37.3,1.51,34.7,25.97,2023-06-28 15:00:00
2023-06-28,16:00,497.8,39.1,57.2,4.8,54.5,19.01,2023-06-28 16:00:00
2023-06-28,17:00,368.09,42.8,59.4,3.01,41.0,13.53,2023-06-28 17:00:00
2023-06-28,18:00,178.23,38.7,50.9,8.39,39.5,7.16,2023-06-28 18:00:00
2023-06-28,19:00,0.0,37.9,51.3,2.38,25.4,0.0,2023-06-28 19:00:00
2023-06-28,20:00,0.0,37.4,44.1,2.21,27.049999999999997,0.0,2023-06-28 20:00:00
2023-06-28,21:00,0.0,36.5,47.3,4.08,28.7,0.0,2023-06-28 21:00:00
2023-06-28,22:00,0.0,34.8,62.0,2.68,50.0,0.0,2023-06-28 22:00:00
2023-06-28,23:00,0.0,32.7,53.3,2.95,9.0,0.0,2023-06-28 23:00:00
2023-06-29,00:00,0.0,31.2,47.8,6.55,16.5,0.0,2023-06-29 00:00:00
2023-06-29,01:00,0.0,32.1,66.8,1.12,34.2,0.0,2023-06-29 01:00:00
2023-06-29,02:00,0.0,30.9,59.7,3.81,17.5,0.0,2023-06-29 02:00:00
2023-06-29,03:00,0.0,34.6,53.5,2.93,20.4,0.0,2023-06-29 03:00:00
2023-06-29,04:00,0.0,33.0,55.3,2.98,26.0,0.0,2023-06-29 04:00:00
2023-06-29,05:00,0.0,31.2,57.8,2.53,11.8,0.0,2023-06-29 05:00:00
2023-06-29,06:00,195.0,33.3,56.3,1.95,17.7,7.83,2023-06-29 06:00:00
2023-06-29,07:00,375.92,35.6,58.9,1.21,42.9,14.8,2023-06-29 07:00:00
2023-06-29,08:00,616.01,39.5,48.2,8.47,12.7,23.31,2023-06-29 08:00:00
2023-06-29,09:00,807.77,41.2,45.5,4.45,8.3,28.46,2023-06-29 09:00:00
2023-06-29,10:00,924.23,39.4,54.6,5.16,22.9,33.23,2023-06-29 10:00:00
2023-06-29,11:00,900.64,39.7,47.9,1.49,43.3,31.36,2023-06-29 11:00:00
2023-06-29,12:00,985.49,40.4,44.4,0.96,29.4,34.63,2023-06-29 12:00:00
2023-06-29,13:00,975.71,43.4,42.7,4.14,25.3,34.01,2023-06-29 13:00:00
2023-06-29,14:00,873.59,47.3,34.2,4.81,33.0,30.75,2023-06-29 14:00:00
2023-06-29,15:00,799.24,43.9,33.2,3.19,6.1,27.97,2023-06-29 15:00:00
2023-06-29,16:00,564.95,39.4,52.7,3.16,39.7,20.79,2023-06-29 16:00:00
2023-06-29,17:00,381.5,40.0,53.1,3.15,38.1,15.09,2023-06-29 17:00:00
2023-06-29,18:00,186.93,39.0,53.1,2.05,26.2,6.97,2023-06-29 18:00:00
2023-06-29,19:00,93.465,37.2,55.3,5.0,47.4,0.0,2023-06-29 19:00:00
2023-06-29,20:00,0.0,36.4,51.1,2.37,15.4,0.0,2023-06-29 20:00:00
2023-06-29,21:00,0.0,36.2,59.0,2.88,49.2,0.0,2023-06-29 21:00:00
2023-06-29,22:00,0.0,35.3,55.8,4.51,34.6,0.0,2023-06-29 22:00:00
2023-06-29,23:00,0.0,34.8,51.4,0.54,27.3,0.0,2023-06-29 23:00:00
2023-06-30,00:00,0.0,32.9,55.0,5.08,32.5,0.0,2023-06-30 00:00:00
2023-06-30,01:00,0.0,27.9,68.6,6.25,31.2,0.0,2023-06-30 01:00:00
2023-06-30,02:00,0.0,29.3,65.5,1.37,51.1,0.0,2023-06-30 02:00:00
2023-06-30,03:00,0.0,31.1,50.4,4.1,16.6,0.0,2023-06-30 03:00:00
2023-06-30,04:00,0.0,32.3,56.8,3.25,21.3,0.0,2023-06-30 04:00:00
2023-06-30,05:00,0.0,34.5,66.1,1.59,48.3,0.0,2023-06-30 05:00:00
2023-06-30,06:00,197.53,34.3,43.3,4.57,23.8,8.3,2023-06-30 06:00:00
2023-06-30,07:00,353.77,35.7,56.9,4.2,46.3,14.35,2023-06-30 07:00:00
2023-06-30,08:00,472.08,37.6,60.9,4.35,58.3,18.38,2023-06-30 08:00:00
2023-06-30,09:00,779.42,38.3,41.9,5.42,26.7,28.8,2023-06-30 09:00:00
2023-06-30,10:00,819.42,40.3,49.4,2.71,43.0,29.03,2023-06-30 10:00:00
2023-06-30,11:00,1005.94,43.5,34.1,4.54,15.5,34.09,2023-06-30 11:00:00
2023-06-30,12:00,920.45,42.2,43.7,4.93,44.1,32.71,2023-06-30 12:00:00
2023-06-30,13:00,928.77,42.9,43.0,2.13,35.8,32.35,2023-06-30 13:00:00
2023-06-30,14:00,849.6,43.1,40.8,7.24,39.9,30.29,2023-06-30 14:00:00
2023-06-30,15:00,778.04,45.3,33.0,2.95,23.1,27.54,2023-06-30 15:00:00
2023-06-30,16:00,630.93,40.4,41.1,4.75,7.8,23.49,2023-06-30 16:00:00
2023-06-30,17:00,367.07,44.6,52.1,5.0,40.3,14.14,2023-06-30 17:00:00
2023-06-30,18:00,194.84,38.1,46.3,3.68,1.8,7.71,2023-06-30 18:00:00
2023-06-30,19:00,0.0,37.6,54.6,1.91,28.0,0.0,2023-06-30 19:00:00
2023-06-30,20:00,0.0,38.5,57.2,2.66,46.9,0.0,2023-06-30 20:00:00
2023-06-30,21:00,0.0,37.5,49.9,2.46,35.6,0.0,2023-06-30 21:00:00
2023-06-30,22:00,0.0,31.7,69.2,3.75,62.0,0.0,2023-06-30 22:00:00
2023-06-30,23:00,0.0,31.0,69.9,2.59,48.1,0.0,2023-06-30 23:00:00
2023-07-01,00:00,0.0,32.6,60.3,3.88,23.4,0.0,2023-07-01 00:00:00
2023-07-01,01:00,0.0,35.7,55.6,2.72,33.6,0.0,2023-07-01 01:00:00
2023-07-01,02:00,0.0,33.5,60.0,0.62,32.5,0.0,2023-07-01 02:00:00
2023-07-01,03:00,0.0,31.0,65.7,3.05,9.5,0.0,2023-07-01 03:00:00
2023-07-01,04:00,0.0,27.7,66.6,4.17,19.1,0.0,2023-07-01 04:00:00
2023-07-01,05:00,0.0,33.2,55.1,5.13,24.8,0.0,2023-07-01 05:00:00
2023-07-01,06:00,203.68,34.9,48.0,1.14,2.7,8.22,2023-07-01 06:00:00
2023-07-01,07:00,388.05,35.0,51.8,2.58,33.9,14.9,2023-07-01 07:00:00
2023-07-01,08:00,595.2,35.7,63.2,8.32,29.5,23.07,2023-07-01 08:00:00
2023-07-01,09:00,792.75,39.1,49.8,2.59,8.1,28.46,2023-07-01 09:00:00
2023-07-01,10:00,863.93,38.6,52.3,5.16,39.3,31.51,2023-07-01 10:00:00
2023-07-01,11:00,887.25,44.9,52.4,3.71,44.0,31.27,2023-07-01 11:00:00
2023-07-01,12:00,974.06,45.2,43.9,1.87,36.6,32.92,2023-07-01 12:00:00
2023-07-01,13:00,968.97,44.2,39.1,4.36,28.4,33.12,2023-07-01 13:00:00
2023-07-01,14:00,814.58,43.4,49.0,7.5,42.1,29.15,2023-07-01 14:00:00
2023-07-01,15:00,705.01,41.9,49.6,6.11,43.4,26.33,2023-07-01 15:00:00
2023-07-01,16:00,567.62,42.4,49.2,4.61,37.8,20.8,2023-07-01 16:00:00
2023-07-01,17:00,395.96,44.5,33.0,3.72,20.8,14.72,2023-07-01 17:00:00
2023-07-01,18:00,169.54,41.8,43.4,2.86,37.4,6.78,2023-07-01 18:00:00
2023-07-01,19:00,0.0,39.2,59.9,3.03,51.2,0.0,2023-07-01 19:00:00
2023-07-01,20:00,0.0,38.9,54.5,2.98,24.3,0.0,2023-07-01 20:00:00
2023-07-01,21:00,0.0,36.7,66.8,6.57,64.7,0.0,2023-07-01 21:00:00
2023-07-01,22:00,0.0,35.0,62.7,2.35,25.3,0.0,2023-07-01 22:00:00
2023-07-01,23:00,0.0,34.8,58.5,3.12,33.7,0.0,2023-07-01 23:00:00
2023-07-02,00:00,0.0,33.1,58.3,3.36,23.6,0.0,2023-07-02 00:00:00
2023-07-02,01:00,0.0,33.1,56.0,3.26,37.0,0.0,2023-07-02 01:00:00
2023-07-02,02:00,0.0,31.6,52.2,0.75,7.6,0.0,2023-07-02 02:00:00
2023-07-02,03:00,0.0,31.1,51.8,2.64,25.5,0.0,2023-07-02 03:00:00
2023-07-02,04:00,0.0,31.1,56.4,3.66,17.3,0.0,2023-07-02 04:00:00
2023-07-02,05:00,0.0,31.9,52.8,5.04,35.7,0.0,2023-07-02 05:00:00
2023-07-02,06:00,162.18,31.4,69.4,3.99,48.6,7.61,2023-07-02 06:00:00
2023-07-02,07:00,368.26,34.1,61.2,3.15,43.4,14.84,2023-07-02 07:00:00
2023-07-02,08:00,616.23,35.6,38.5,4.47,0.0,23.57,2023-07-02 08:00:00
2023-07-02,09:00,563.26,38.0,58.3,4.48,64.3,21.57,2023-07-02 09:00:00
2023-07-02,10:00,852.97,43.1,52.7,2.53,38.1,29.71,2023-07-02 10:00:00
2023-07-02,11:00,988.49,41.3,43.1,1.76,22.0,33.68,2023-07-02 11:00:00
2023-07-02,12:00,963.26,43.0,40.5,5.34,36.0,33.08,2023-07-02 12:00:00
2023-07-02,13:00,943.53,43.6,36.5,3.8,36.3,33.21,2023-07-02 13:00:00
2023-07-02,14:00,901.5,46.2,29.6,2.17,23.7,30.64,2023-07-02 14:00:00
2023-07-02,15:00,730.71,42.1,48.2,2.59,36.7,25.7,2023-07-02 15:00:00
2023-07-02,16:00,593.56,42.1,41.3,5.08,24.6,21.93,2023-07-02 16:00:00
2023-07-02,17:00,398.94,41.4,43.4,4.41,27.6,15.45,2023-07-02 17:00:00
2023-07-02,18:00,189.88,42.4,40.5,6.98,23.4,7.48,2023-07-02 18:00:00
2023-07-02,19:00,0.0,41.3,40.5,3.51,12.2,0.0,2023-07-02 19:00:00
2023-07-02,20:00,0.0,38.2,46.8,1.38,35.9,0.0,2023-07-02 20:00:00
2023-07-02,21:00,0.0,38.0,54.9,4.67,42.5,0.0,2023-07-02 21:00:00
2023-07-02,22:00,0.0,34.7,52.6,2.56,41.4,0.0,2023-07-02 22:00:00
2023-07-02,23:00,0.0,32.8,59.3,2.88,46.0,0.0,2023-07-02 23:00:00
2023-07-03,00:00,0.0,34.3,62.3,2.28,39.0,0.0,2023-07-03 00:00:00
2023-07-03,01:00,0.0,32.5,59.3,2.81,26.2,0.0,2023-07-03 01:00:00
2023-07-03,02:00,0.0,30.1,69.3,5.55,46.8,0.0,2023-07-03 02:00:00
2023-07-03,03:00,0.0,33.4,61.9,4.02,13.8,0.0,2023-07-03 03:00:00
2023-07-03,04:00,0.0,31.8,57.2,1.79,20.6,0.0,2023-07-03 04:00:00
2023-07-03,05:00,0.0,32.6,56.1,4.07,19.7,0.0,2023-07-03 05:00:00
2023-07-03,06:00,148.13,36.0,57.5,4.31,50.4,5.84,2023-07-03 06:00:00
2023-07-03,07:00,360.01,35.7,56.8,6.09,48.3,14.66,2023-07-03 07:00:00
2023-07-03,08:00,551.57,38.1,49.2,5.82,41.5,20.31,2023-07-03 08:00:00
2023-07-03,09:00,661.75,40.1,52.7,1.47,50.2,24.97,2023-07-03 09:00:00
2023-07-03,10:00,910.61,39.0,48.2,5.89,21.0,31.87,2023-07-03 10:00:00
2023-07-03,11:00,923.75,42.3,48.0,1.37,39.4,31.69,2023-07-03 11:00:00
2023-07-03,12:00,973.54,45.0,40.8,2.05,32.3,33.4,2023-07-03 12:00:00
2023-07-03,14:00,878.15,44.2,41.9,2.2,32.4,30.5,2023-07-03 14:00:00
2023-07-03,15:00,744.92,41.7,42.9,5.35,28.4,26.8,2023-07-03 15:00:00
2023-07-03,16:00,544.66,44.4,40.3,4.59,42.3,19.75,2023-07-03 16:00:00
2023-07-03,17:00,377.93,43.5,40.4,4.6,47.3,14.46,2023-07-03 17:00:00
2023-07-03,18:00,178.32,39.8,52.2,6.57,24.1,7.08,2023-07-03 18:00:00
2023-07-03,19:00,0.0,42.9,41.2,3.18,33.2,0.0,2023-07-03 19:00:00
2023-07-03,20:00,0.0,39.4,41.8,0.72,18.3,0.0,2023-07-03 20:00:00
2023-07-03,21:00,0.0,37.1,42.7,4.34,0.0,0.0,2023-07-03 21:00:00
2023-07-03,22:00,0.0,35.6,54.8,5.91,37.2,0.0,2023-07-03 22:00:00
2023-07-03,23:00,0.0,34.9,65.0,7.85,43.3,0.0,2023-07-03 23:00:00
2023-07-04,00:00,0.0,30.5,62.6,3.06,38.6,0.0,2023-07-04 00:00:00
2023-07-04,01:00,0.0,32.0,63.9,5.49,5.4,0.0,2023-07-04 01:00:00
2023-07-04,02:00,0.0,32.1,59.4,5.73,29.4,0.0,2023-07-04 02:00:00
2023-07-04,03:00,0.0,30.9,62.2,2.0,1.4,0.0,2023-07-04 03:00:00
2023-07-04,04:00,0.0,33.1,67.7,4.3,55.2,0.0,2023-07-04 04:00:00
2023-07-04,05:00,0.0,35.4,52.9,2.16,18.3,0.0,2023-07-04 05:00:00
2023-07-04,06:00,153.17,33.7,69.1,3.42,53.5,6.1,2023-07-04 06:00:00
2023-07-04,07:00,350.13,35.8,63.0,6.03,48.8,13.88,2023-07-04 07:00:00
2023-07-04,08:00,600.14,36.0,53.8,5.24,21.1,22.06,2023-07-04 08:00:00
2023-07-04,09:00,802.06,35.8,60.0,3.99,17.6,30.61,2023-07-04 09:00:00
2023-07-04,10:00,832.19,41.9,45.1,5.39,39.9,29.76,2023-07-04 10:00:00
2023-07-04,11:00,998.97,41.7,39.0,2.05,22.0,34.11,2023-07-04 11:00:00
2023-07-04,12:00,968.93,42.7,42.3,2.27,36.2,33.62,2023-07-04 12:00:00
2023-07-04,13:00,945.385,41.5,51.6,2.34,27.4,34.47,2023-07-04 13:00:00
2023-07-04,14:00,921.84,43.1,43.1,5.15,7.9,31.78,2023-07-04 14:00:00
2023-07-04,15:00,789.48,45.2,30.4,6.16,1.2,27.4,2023-07-04 15:00:00
2023-07-04,16:00,559.29,42.7,36.0,3.96,38.0,20.65,2023-07-04 16:00:00
2023-07-04,17:00,382.22,41.8,43.0,7.27,26.2,14.65,2023-07-04 17:00:00
2023-07-04,18:00,176.05,40.8,41.3,4.84,26.3,7.24,2023-07-04 18:00:00
2023-07-04,19:00,0.0,36.8,54.1,3.96,45.1,0.0,2023-07-04 19:00:00
2023-07-04,20:00,0.0,38.6,50.9,4.2,52.2,0.0,2023-07-04 20:00:00
2023-07-04,21:00,0.0,33.6,50.8,5.73,30.5,0.0,2023-07-04 21:00:00
2023-07-04,22:00,0.0,32.8,65.7,1.67,29.5,0.0,2023-07-04 22:00:00
2023-07-04,23:00,0.0,31.3,60.8,2.13,42.1,0.0,2023-07-04 23:00:00
2023-07-05,00:00,0.0,32.0,61.3,2.61,14.8,0.0,2023-07-05 00:00:00
2023-07-05,01:00,0.0,31.1,62.1,6.2,38.5,0.0,2023-07-05 01:00:00
2023-07-05,02:00,0.0,31.5,59.1,6.97,43.4,0.0,2023-07-05 02:00:00
2023-07-05,03:00,0.0,30.1,68.2,3.02,45.3,0.0,2023-07-05 03:00:00
2023-07-05,04:00,0.0,34.1,48.8,6.6,6.1,0.0,2023-07-05 04:00:00
2023-07-05,05:00,0.0,34.8,52.9,3.88,23.7,0.0,2023-07-05 05:00:00
2023-07-05,06:00,210.67,34.2,54.8,3.54,21.9,7.92,2023-07-05 06:00:00
2023-07-05,07:00,378.52,35.1,53.3,5.58,36.6,15.17,2023-07-05 07:00:00
2023-07-05,08:00,549.5,36.5,49.3,3.88,42.3,20.7,2023-07-05 08:00:00
2023-07-05,09:00,628.36,38.5,56.4,3.46,57.6,23.94,2023-07-05 09:00:00
2023-07-05,10:00,897.05,38.0,53.8,0.98,27.7,32.32,2023-07-05 10:00:00
2023-07-05,11:00,971.76,40.0,43.3,0.93,27.7,34.78,2023-07-05 11:00:00
2023-07-05,12:00,857.76,44.3,47.3,4.28,52.4,30.29,2023-07-05 12:00:00
2023-07-05,13:00,905.35,43.9,50.1,1.55,39.6,31.61,2023-07-05 13:00:00
2023-07-05,14:00,745.69,46.5,43.4,4.89,54.1,26.32,2023-07-05 14:00:00
2023-07-05,15:00,722.4,42.8,46.0,4.25,39.5,25.94,2023-07-05 15:00:00
2023-07-05,16:00,611.53,42.1,41.5,3.47,17.8,22.4,2023-07-05 16:00:00
2023-07-05,17:00,417.12,41.0,39.6,4.73,15.1,16.31,2023-07-05 17:00:00
2023-07-05,18:00,188.72,39.9,39.1,8.97,11.8,6.99,2023-07-05 18:00:00
2023-07-05,19:00,0.0,37.9,50.5,2.52,45.1,0.0,2023-07-05 19:00:00
2023-07-05,20:00,0.0,38.0,57.7,3.93,52.9,0.0,2023-07-05 20:00:00
2023-07-05,21:00,0.0,36.0,64.7,5.67,62.9,0.0,2023-07-05 21:00:00
2023-07-05,22:00,0.0,33.6,64.8,1.0,47.8,0.0,2023-07-05 22:00:00
2023-07-05,23:00,0.0,35.5,58.4,2.31,52.6,0.0,2023-07-05 23:00:00
2023-07-06,00:00,0.0,35.8,57.4,3.76,26.9,0.0,2023-07-06 00:00:00
2023-07-06,01:00,0.0,33.9,54.9,3.91,18.3,0.0,2023-07-06 01:00:00
2023-07-06,02:00,0.0,32.6,63.5,1.64,48.4,0.0,2023-07-06 02:00:00
2023-07-06,03:00,0.0,33.2,47.3,3.25,41.9,0.0,2023-07-06 03:00:00
2023-07-06,04:00,0.0,35.7,52.5,3.75,37.2,0.0,2023-07-06 04:00:00
2023-07-06,05:00,0.0,34.7,52.2,3.32,41.4,0.0,2023-07-06 05:00:00
2023-07-06,06:00,157.89,33.5,62.4,4.67,40.5,6.22,2023-07-06 06:00:00
2023-07-06,07:00,330.52,36.7,59.0,5.12,54.9,13.51,2023-07-06 07:00:00
2023-07-06,08:00,496.35,38.7,51.4,3.48,55.0,18.72,2023-07-06 08:00:00
2023-07-06,09:00,710.43,37.3,56.2,3.33,43.8,26.17,2023-07-06 09:00:00
2023-07-06,10:00,800.6,40.1,46.2,4.7,48.3,29.12,2023-07-06 10:00:00
2023-07-06,11:00,902.26,43.8,41.0,3.92,43.3,31.45,2023-07-06 11:00:00
2023-07-06,12:00,977.91,39.5,45.1,5.93,28.7,34.49,2023-07-06 12:00:00
2023-07-06,13:00,879.22,41.1,52.3,3.58,47.0,30.94,2023-07-06 13:00:00
2023-07-06,14:00,926.29,43.3,44.3,4.01,14.7,32.87,2023-07-06 14:00:00
2023-07-06,15:00,659.04,44.0,44.5,1.91,51.4,23.73,2023-07-06 15:00:00
2023-07-06,16:00,593.76,40.3,49.3,5.61,17.7,21.95,2023-07-06 16:00:00
2023-07-06,17:00,364.48,41.6,47.8,3.31,39.9,13.81,2023-07-06 17:00:00
2023-07-06,18:00,175.29,42.7,42.6,4.78,22.9,7.01,2023-07-06 18:00:00
2023-07-06,19:00,0.0,39.3,51.8,3.35,43.9,0.0,2023-07-06 19:00:00
2023-07-06,20:00,0.0,39.3,49.0,0.62,35.1,0.0,2023-07-06 20:00:00
2023-07-06,21:00,0.0,35.0,52.2,3.22,11.7,0.0,2023-07-06 21:00:00
2023-07-06,22:00,0.0,33.1,63.8,2.02,41.9,0.0,2023-07-06 22:00:00
2023-07-06,23:00,0.0,34.9,50.8,3.21,26.9,0.0,2023-07-06 23:00:00
2023-07-07,00:00,0.0,33.1,61.9,2.87,49.3,0.0,2023-07-07 00:00:00
2023-07-07,01:00,0.0,29.7,71.2,2.31,36.1,0.0,2023-07-07 01:00:00
2023-07-07,02:00,0.0,30.2,65.9,1.88,42.0,0.0,2023-07-07 02:00:00
2023-07-07,03:00,0.0,34.6,54.7,4.84,21.7,0.0,2023-07-07 03:00:00
2023-07-07,04:00,0.0,30.8,65.3,5.01,27.3,0.0,2023-07-07 04:00:00
2023-07-07,05:00,0.0,35.1,52.7,2.61,29.2,0.0,2023-07-07 05:00:00
2023-07-07,06:00,158.13,33.8,61.4,3.64,49.0,6.3,2023-07-07 06:00:00
2023-07-07,07:00,304.16,36.1,64.4,3.5,61.3,12.1,2023-07-07 07:00:00
2023-07-07,08:00,612.09,38.2,53.7,3.02,24.0,23.41,2023-07-07 08:00:00
2023-07-07,09:00,654.7,35.4,50.5,2.67,52.3,24.67,2023-07-07 09:00:00
2023-07-07,10:00,934.04,38.0,40.9,2.22,3.6,33.58,2023-07-07 10:00:00
2023-07-07,11:00,1002.54,42.0,37.6,5.96,18.2,35.09,2023-07-07 11:00:00
2023-07-07,12:00,1022.96,41.5,42.7,5.59,21.7,35.31,2023-07-07 12:00:00
2023-07-07,13:00,1002.31,45.2,32.5,3.29,15.8,33.81,2023-07-07 13:00:00
2023-07-07,14:00,921.08,40.7,44.7,4.79,12.4,33.05,2023-07-07 14:00:00
2023-07-07,15:00,706.17,44.4,44.7,3.66,42.3,24.28,2023-07-07 15:00:00
2023-07-07,16:00,586.49,40.3,51.3,1.64,32.9,21.5,2023-07-07 16:00:00
2023-07-07,17:00,374.7,41.2,52.5,5.5,41.8,13.83,2023-07-07 17:00:00
2023-07-07,18:00,161.15,38.7,56.3,2.39,46.5,6.84,2023-07-07 18:00:00
2023-07-07,19:00,0.0,42.6,44.8,4.71,40.1,0.0,2023-07-07 19:00:00
2023-07-07,20:00,0.0,35.2,59.1,3.79,46.0,0.0,2023-07-07 20:00:00
2023-07-07,21:00,0.0,35.9,53.1,4.62,35.1,0.0,2023-07-07 21:00:00
2023-07-07,22:00,0.0,31.5,51.9,3.53,18.3,0.0,2023-07-07 22:00:00
2023-07-07,23:00,0.0,36.3,62.4,4.68,52.0,0.0,2023-07-07 23:00:00
2023-07-08,00:00,0.0,33.2,56.8,1.19,27.8,0.0,2023-07-08 00:00:00
2023-07-08,01:00,0.0,32.1,51.5,1.28,22.6,0.0,2023-07-08 01:00:00
2023-07-08,02:00,0.0,34.3,59.2,6.22,33.9,0.0,2023-07-08 02:00:00
2023-07-08,03:00,0.0,32.1,56.7,4.97,22.9,0.0,2023-07-08 03:00:00
2023-07-08,04:00,0.0,32.9,50.0,5.55,30.3,0.0,2023-07-08 04:00:00
2023-07-08,05:00,0.0,33.7,54.4,3.47,41.8,0.0,2023-07-08 05:00:00
2023-07-08,06:00,161.08,35.7,54.1,3.48,41.8,6.13,2023-07-08 06:00:00
2023-07-08,07:00,398.09,35.2,53.8,3.82,23.1,15.52,2023-07-08 07:00:00
2023-07-08,08:00,582.33,37.3,54.5,2.51,29.3,22.15,2023-07-08 08:00:00
2023-07-08,09:00,649.19,40.7,55.1,4.87,52.7,23.84,2023-07-08 09:00:00
2023-07-08,10:00,816.39,41.2,51.6,5.55,44.1,28.71,2023-07-08 10:00:00
2023-07-08,11:00,684.92,41.7,54.2,6.36,67.7,25.3,2023-07-08 11:00:00
2023-07-08,12:00,837.31,40.4,59.9,3.74,54.3,30.54,2023-07-08 12:00:00
2023-07-08,13:00,821.95,46.2,46.9,3.28,53.8,28.44,2023-07-08 13:00:00
2023-07-08,14:00,927.81,42.5,41.1,5.57,15.8,33.26,2023-07-08 14:00:00
2023-07-08,15:00,677.42,45.3,46.3,4.99,48.1,24.72,2023-07-08 15:00:00
2023-07-08,16:00,563.21,43.2,42.6,5.9,35.8,20.44,2023-07-08 16:00:00
2023-07-08,17:00,394.2,39.6,47.5,4.42,28.3,14.91,2023-07-08 17:00:00
2023-07-08,18:00,184.22,42.9,37.1,6.07,39.1,7.09,2023-07-08 18:00:00
2023-07-08,19:00,0.0,39.7,51.6,1.66,50.8,0.0,2023-07-08 19:00:00
2023-07-08,20:00,0.0,40.1,57.9,4.55,44.1,0.0,2023-07-08 20:00:00
2023-07-08,21:00,0.0,35.8,52.8,1.66,23.4,0.0,2023-07-08 21:00:00
2023-07-08,22:00,0.0,35.9,58.5,4.97,47.7,0.0,2023-07-08 22:00:00
2023-07-08,23:00,0.0,30.3,65.3,4.28,27.0,0.0,2023-07-08 23:00:00
2023-07-09,00:00,0.0,31.6,64.1,0.98,40.4,0.0,2023-07-09 00:00:00
2023-07-09,01:00,0.0,29.6,60.6,4.13,32.6,0.0,2023-07-09 01:00:00
2023-07-09,02:00,0.0,31.0,62.1,2.01,33.8,0.0,2023-07-09 02:00:00
2023-07-09,03:00,0.0,32.8,58.4,1.99,48.6,0.0,2023-07-09 03:00:00
2023-07-09,04:00,0.0,31.4,59.0,2.03,21.5,0.0,2023-07-09 04:00:00
2023-07-09,05:00,0.0,35.0,60.7,3.59,66.3,0.0,2023-07-09 05:00:00
2023-07-09,06:00,182.36,33.2,56.4,1.83,9.8,7.18,2023-07-09 06:00:00
2023-07-09,07:00,397.19,37.8,48.3,1.89,28.1,15.53,2023-07-09 07:00:00
2023-07-09,08:00,530.38,40.1,47.2,2.57,42.7,19.35,2023-07-09 08:00:00
2023-07-09,09:00,682.3,41.1,49.4,0.61,45.9,24.39,2023-07-09 09:00:00
2023-07-09,10:00,854.25,40.1,50.2,2.66,35.6,30.17,2023-07-09 10:00:00
2023-07-09,11:00,920.89,38.1,47.1,4.23,36.3,32.56,2023-07-09 11:00:00
2023-07-09,12:00,932.78,44.0,42.7,4.15,43.3,32.08,2023-07-09 12:00:00
2023-07-09,13:00,935.47,43.3,43.9,7.6,33.6,33.18,2023-07-09 13:00:00
2023-07-09,14:00,714.83,42.0,56.9,1.86,58.0,26.24,2023-07-09 14:00:00
2023-07-09,15:00,673.18,42.5,38.6,5.88,49.7,24.71,2023-07-09 15:00:00
2023-07-09,16:00,519.91,45.5,46.8,3.18,50.2,19.16,2023-07-09 16:00:00
2023-07-09,17:00,388.92,39.9,44.3,3.16,22.6,14.66,2023-07-09 17:00:00
2023-07-09,18:00,178.23,41.6,44.6,2.99,35.9,6.16,2023-07-09 18:00:00
2023-07-09,19:00,0.0,39.7,45.9,1.89,32.6,0.0,2023-07-09 19:00:00
2023-07-09,20:00,0.0,37.1,48.4,3.57,22.0,0.0,2023-07-09 20:00:00
2023-07-09,21:00,0.0,37.3,57.2,5.23,42.5,0.0,2023-07-09 21:00:00
2023-07-09,22:00,0.0,37.7,48.6,5.98,29.0,0.0,2023-07-09 22:00:00
2023-07-09,23:00,0.0,32.9,69.0,7.4,46.9,0.0,2023-07-09 23:00:00
2023-07-10,00:00,0.0,32.1,59.7,5.21,21.6,0.0,2023-07-10 00:00:00
2023-07-10,01:00,0.0,33.1,67.0,4.25,63.4,0.0,2023-07-10 01:00:00
2023-07-10,02:00,0.0,33.4,55.3,3.65,24.2,0.0,2023-07-10 02:00:00
2023-07-10,03:00,0.0,31.7,67.4,5.98,40.9,0.0,2023-07-10 03:00:00
2023-07-10,04:00,0.0,32.0,69.7,4.91,49.5,0.0,2023-07-10 04:00:00
2023-07-10,05:00,0.0,29.5,58.4,2.09,29.1,0.0,2023-07-10 05:00:00
2023-07-10,06:00,136.7,33.4,59.7,4.57,50.4,5.38,2023-07-10 06:00:00
2023-07-10,07:00,410.79,34.2,56.0,3.35,19.2,16.46,2023-07-10 07:00:00
2023-07-10,08:00,469.26,39.0,60.1,4.12,59.4,18.4,2023-07-10 08:00:00
2023-07-10,09:00,726.71,38.9,49.9,6.25,37.8,26.37,2023-07-10 09:00:00
2023-07-10,10:00,878.44,40.3,43.7,4.41,28.7,31.18,2023-07-10 10:00:00
2023-07-10,11:00,942.38,42.0,45.6,6.85,33.1,33.72,2023-07-10 11:00:00
2023-07-10,12:00,879.91,41.4,56.2,5.89,49.8,31.46,2023-07-10 12:00:00
2023-07-10,13:00,985.08,46.4,37.8,1.91,28.9,33.43,2023-07-10 13:00:00
2023-07-10,14:00,900.58,46.1,32.4,0.91,26.4,31.06,2023-07-10 14:00:00
2023-07-10,15:00,746.97,46.5,39.3,3.15,34.3,26.61,2023-07-10 15:00:00
2023-07-10,16:00,600.76,44.2,41.8,5.88,20.0,22.18,2023-07-10 16:00:00
2023-07-10,17:00,285.34,42.0,52.8,2.44,64.9,11.08,2023-07-10 17:00:00
2023-07-10,18:00,171.04,43.7,46.8,4.62,29.1,6.68,2023-07-10 18:00:00
2023-07-10,19:00,0.0,38.1,58.8,3.55,50.1,0.0,2023-07-10 19:00:00
2023-07-10,20:00,0.0,36.2,55.6,4.95,40.8,0.0,2023-07-10 20:00:00
2023-07-10,21:00,0.0,35.1,53.2,2.11,22.9,0.0,2023-07-10 21:00:00
2023-07-10,22:00,0.0,35.7,48.5,2.49,37.5,0.0,2023-07-10 22:00:00
2023-07-10,23:00,0.0,32.2,68.9,2.5,49.4,0.0,2023-07-10 23:00:00
2023-07-11,00:00,0.0,32.3,59.1,3.89,35.3,0.0,2023-07-11 00:00:00
2023-07-11,01:00,0.0,29.1,68.8,2.72,56.0,0.0,2023-07-11 01:00:00
2023-07-11,02:00,0.0,32.7,62.1,5.41,53.5,0.0,2023-07-11 02:00:00
2023-07-11,03:00,0.0,29.3,70.9,2.98,51.9,0.0,2023-07-11 03:00:00
2023-07-11,04:00,0.0,30.9,56.9,4.45,31.2,0.0,2023-07-11 04:00:00
2023-07-11,05:00,0.0,35.8,47.8,7.04,21.9,0.0,2023-07-11 05:00:00
2023-07-11,06:00,168.65,36.9,51.7,4.17,28.9,7.51,2023-07-11 06:00:00
2023-07-11,07:00,368.36,36.9,52.4,2.5,41.1,14.45,2023-07-11 07:00:00
2023-07-11,08:00,537.42,38.3,55.5,5.56,46.3,20.05,2023-07-11 08:00:00
2023-07-11,09:00,799.35,38.4,41.4,0.93,5.6,28.8,2023-07-11 09:00:00
2023-07-11,10:00,852.44,39.4,56.8,2.57,38.0,30.88,2023-07-11 10:00:00
2023-07-11,11:00,909.86,41.4,50.8,3.16,40.5,31.64,2023-07-11 11:00:00
2023-07-11,12:00,967.44,40.3,50.8,2.27,49.0,35.01,2023-07-11 12:00:00
2023-07-11,13:00,783.83,44.1,45.8,4.16,57.5,27.28,2023-07-11 13:00:00
2023-07-11,14:00,800.16,43.9,54.9,3.93,44.5,28.76,2023-07-11 14:00:00
2023-07-11,15:00,622.87,41.9,49.8,3.24,57.8,22.7,2023-07-11 15:00:00
2023-07-11,16:00,568.09,45.8,37.2,2.74,34.9,20.32,2023-07-11 16:00:00
2023-07-11,17:00,324.69,43.1,51.2,3.37,52.2,12.62,2023-07-11 17:00:00
2023-07-11,18:00,129.16,42.0,53.4,2.73,62.7,4.91,2023-07-11 18:00:00
2023-07-11,19:00,0.0,38.5,53.4,2.4,57.8,0.0,2023-07-11 19:00:00
2023-07-11,20:00,0.0,37.8,57.5,3.0,21.8,0.0,2023-07-11 20:00:00
2023-07-11,21:00,0.0,37.4,56.4,4.15,34.3,0.0,2023-07-11 21:00:00
2023-07-11,22:00,0.0,35.1,55.6,4.38,33.0,0.0,2023-07-11 22:00:00
2023-07-11,23:00,0.0,36.4,66.4,2.76,45.5,0.0,2023-07-11 23:00:00
2023-07-12,00:00,0.0,32.3,67.0,7.02,48.9,0.0,2023-07-12 00:00:00
2023-07-12,01:00,0.0,31.1,59.8,2.59,26.1,0.0,2023-07-12 01:00:00
2023-07-12,02:00,0.0,33.0,69.5,4.74,39.7,0.0,2023-07-12 02:00:00
2023-07-12,03:00,0.0,29.8,60.0,1.61,8.3,0.0,2023-07-12 03:00:00
2023-07-12,04:00,0.0,34.3,66.1,4.47,60.3,0.0,2023-07-12 04:00:00
2023-07-12,05:00,0.0,31.3,59.2,3.48,31.0,0.0,2023-07-12 05:00:00
2023-07-12,06:00,166.32,36.0,56.1,3.99,39.5,6.14,2023-07-12 06:00:00
2023-07-12,07:00,381.81,35.1,54.2,2.21,34.0,15.16,2023-07-12 07:00:00
2023-07-12,08:00,483.03,38.7,61.7,3.36,55.8,19.14,2023-07-12 08:00:00
2023-07-12,09:00,788.48,41.0,32.1,5.08,0.0,28.74,2023-07-12 09:00:00
2023-07-12,10:00,855.22,41.1,53.4,5.09,38.4,31.03,2023-07-12 10:00:00
2023-07-12,11:00,933.66,39.9,45.9,2.48,37.1,33.36,2023-07-12 11:00:00
2023-07-12,12:00,987.65,41.4,45.6,3.01,31.8,34.23,2023-07-12 12:00:00
2023-07-12,13:00,734.23,42.3,51.5,0.73,64.5,26.39,2023-07-12 13:00:00
2023-07-12,14:00,899.22,40.4,43.7,1.67,25.3,32.16,2023-07-12 14:00:00
2023-07-12,15:00,669.19,45.7,46.8,1.9,50.2,23.29,2023-07-12 15:00:00
2023-07-12,16:00,526.02,43.2,46.2,2.74,44.0,19.74,2023-07-12 16:00:00
2023-07-12,17:00,318.0,40.0,51.7,5.03,57.6,12.87,2023-07-12 17:00:00
2023-07-12,18:00,174.12,43.5,42.5,3.71,28.6,6.77,2023-07-12 18:00:00
2023-07-12,19:00,0.0,38.1,47.0,5.27,27.7,0.0,2023-07-12 19:00:00
2023-07-12,20:00,0.0,38.3,54.2,5.01,55.1,0.0,2023-07-12 20:00:00
2023-07-12,21:00,0.0,34.8,53.1,4.07,45.0,0.0,2023-07-12 21:00:00
2023-07-12,22:00,0.0,31.2,55.3,3.66,15.5,0.0,2023-07-12 22:00:00
2023-07-12,23:00,0.0,31.1,63.0,6.72,30.6,0.0,2023-07-12 23:00:00
2023-07-13,00:00,0.0,31.9,63.5,3.99,45.0,0.0,2023-07-13 00:00:00
2023-07-13,01:00,0.0,33.7,69.6,3.59,51.7,0.0,2023-07-13 01:00:00
2023-07-13,02:00,0.0,32.5,68.9,5.92,29.0,0.0,2023-07-13 02:00:00
2023-07-13,03:00,0.0,32.3,49.7,1.53,0.0,0.0,2023-07-13 03:00:00
2023-07-13,04:00,0.0,29.1,64.8,4.43,47.0,0.0,2023-07-13 04:00:00
2023-07-13,05:00,0.0,35.9,55.9,1.82,20.9,0.0,2023-07-13 05:00:00
2023-07-13,06:00,177.92,35.3,50.6,5.47,8.9,7.69,2023-07-13 06:00:00
2023-07-13,07:00,415.41,36.1,50.4,5.27,0.0,15.75,2023-07-13 07:00:00
2023-07-13,08:00,498.88,39.9,54.6,3.68,51.4,19.22,2023-07-13 08:00:00
2023-07-13,09:00,700.08,41.7,46.9,4.45,41.1,26.03,2023-07-13 09:00:00
2023-07-13,10:00,855.61,43.0,43.7,5.12,35.8,30.34,2023-07-13 10:00:00
2023-07-13,11:00,761.11,41.7,54.2,3.59,60.0,27.04,2023-07-13 11:00:00
2023-07-13,12:00,875.87,41.3,49.4,6.34,48.7,30.96,2023-07-13 12:00:00
2023-07-13,13:00,736.15,45.4,52.6,3.38,63.4,26.41,2023-07-13 13:00:00
2023-07-13,14:00,900.02,41.4,37.3,6.17,18.3,31.51,2023-07-13 14:00:00
2023-07-13,15:00,710.44,47.2,43.7,4.05,38.6,24.93,2023-07-13 15:00:00
2023-07-13,16:00,623.03,43.1,31.6,3.33,14.9,22.98,2023-07-13 16:00:00
2023-07-13,17:00,378.07,40.2,49.2,0.74,35.7,14.19,2023-07-13 17:00:00
2023-07-13,18:00,163.27,38.7,49.5,2.75,35.4,7.07,2023-07-13 18:00:00
2023-07-13,19:00,0.0,37.1,50.4,5.91,48.6,0.0,2023-07-13 19:00:00
2023-07-13,20:00,0.0,38.1,44.6,3.34,39.8,0.0,2023-07-13 20:00:00
2023-07-13,21:00,0.0,36.3,53.3,3.31,48.5,0.0,2023-07-13 21:00:00
2023-07-13,22:00,0.0,32.6,63.7,3.62,49.7,0.0,2023-07-13 22:00:00
2023-07-13,23:00,0.0,33.0,66.0,2.71,71.5,0.0,2023-07-13 23:00:00
2023-07-14,00:00,0.0,30.2,59.3,3.63,34.9,0.0,2023-07-14 00:00:00
2023-07-14,01:00,0.0,33.2,62.0,3.11,25.6,0.0,2023-07-14 01:00:00
2023-07-14,02:00,0.0,31.8,58.2,6.39,43.4,0.0,2023-07-14 02:00:00
2023-07-14,03:00,0.0,31.4,62.5,3.96,27.6,0.0,2023-07-14 03:00:00
2023-07-14,04:00,0.0,30.4,66.3,5.59,61.9,0.0,2023-07-14 04:00:00
2023-07-14,05:00,0.0,33.1,54.7,4.59,35.4,0.0,2023-07-14 05:00:00
2023-07-14,06:00,166.55,34.2,54.1,2.36,31.2,7.57,2023-07-14 06:00:00
2023-07-14,07:00,377.02,36.9,55.3,5.9,32.6,14.76,2023-07-14 07:00:00
2023-07-14,08:00,518.99,38.2,49.8,1.65,50.5,18.81,2023-07-14 08:00:00
2023-07-14,09:00,730.71,40.9,49.1,3.43,37.3,26.0,2023-07-14 09:00:00
2023-07-14,10:00,870.77,40.0,43.7,2.49,30.1,31.28,2023-07-14 10:00:00
2023-07-14,11:00,714.34,38.8,54.8,3.84,64.7,25.59,2023-07-14 11:00:00
2023-07-14,12:00,996.99,44.9,41.0,2.77,26.8,34.24,2023-07-14 12:00:00
2023-07-14,13:00,911.53,42.0,55.7,4.8,40.2,31.82,2023-07-14 13:00:00
2023-07-14,14:00,774.98,41.9,45.9,6.82,49.5,28.49,2023-07-14 14:00:00
2023-07-14,15:00,790.18,43.6,41.3,4.72,15.2,28.23,2023-07-14 15:00:00
2023-07-14,16:00,528.8,43.6,45.1,3.02,46.9,18.89,2023-07-14 16:00:00
2023-07-14,17:00,395.32,41.2,42.3,4.14,23.9,15.46,2023-07-14 17:00:00
2023-07-14,18:00,139.51,39.9,57.4,6.13,52.0,6.12,2023-07-14 18:00:00
2023-07-14,19:00,0.0,38.7,44.9,2.63,25.2,0.0,2023-07-14 19:00:00
2023-07-14,20:00,0.0,40.4,47.3,1.85,50.1,0.0,2023-07-14 20:00:00
2023-07-14,21:00,0.0,36.3,61.5,1.92,56.3,0.0,2023-07-14 21:00:00
2023-07-14,22:00,0.0,33.2,69.7,3.64,52.6,0.0,2023-07-14 22:00:00
2023-07-14,23:00,0.0,31.9,66.0,4.86,43.4,0.0,2023-07-14 23:00:00
2023-07-15,00:00,0.0,32.3,55.1,4.43,36.7,0.0,2023-07-15 00:00:00
2023-07-15,01:00,0.0,32.6,56.5,3.46,31.5,0.0,2023-07-15 01:00:00
2023-07-15,02:00,0.0,32.8,70.3,4.84,62.3,0.0,2023-07-15 02:00:00
2023-07-15,03:00,0.0,32.4,65.1,4.31,29.7,0.0,2023-07-15 03:00:00
2023-07-15,04:00,0.0,31.2,60.3,4.28,24.6,0.0,2023-07-15 04:00:00
2023-07-15,05:00,0.0,32.9,60.9,2.31,50.2,0.0,2023-07-15 05:00:00
2023-07-15,06:00,178.01,36.2,59.3,2.83,28.3,7.21,2023-07-15 06:00:00
2023-07-15,07:00,381.16,34.3,54.7,2.97,25.9,14.77,2023-07-15 07:00:00
2023-07-15,08:00,601.93,37.1,46.6,5.38,18.5,21.75,2023-07-15 08:00:00
2023-07-15,09:00,732.6,40.6,44.2,5.14,33.0,26.47,2023-07-15 09:00:00
2023-07-15,10:00,846.88,42.5,41.2,2.55,39.0,30.38,2023-07-15 10:00:00
2023-07-15,11:00,891.09,41.8,59.6,1.41,43.8,31.36,2023-07-15 11:00:00
2023-07-15,12:00,828.75,42.4,55.7,5.09,54.5,29.58,2023-07-15 12:00:00
2023-07-15,13:00,862.59,41.3,47.4,3.26,48.1,30.35,2023-07-15 13:00:00
2023-07-15,14:00,841.32,44.9,48.9,2.39,37.3,29.56,2023-07-15 14:00:00
2023-07-15,15:00,724.46,46.1,42.3,1.84,37.2,26.29,2023-07-15 15:00:00
2023-07-15,16:00,514.49,47.7,42.3,0.93,47.8,19.18,2023-07-15 16:00:00
2023-07-15,17:00,308.33,42.9,47.6,3.34,59.3,11.96,2023-07-15 17:00:00
2023-07-15,18:00,166.6,40.8,47.3,2.95,42.1,6.23,2023-07-15 18:00:00
2023-07-15,19:00,0.0,37.8,51.4,4.65,33.2,0.0,2023-07-15 19:00:00
2023-07-15,20:00,0.0,34.5,46.7,7.87,25.3,0.0,2023-07-15 20:00:00
2023-07-15,21:00,0.0,36.7,47.6,2.33,18.5,0.0,2023-07-15 21:00:00
2023-07-15,22:00,0.0,39.2,53.8,2.51,50.2,0.0,2023-07-15 22:00:00
2023-07-15,23:00,0.0,36.0,63.5,2.94,48.9,0.0,2023-07-15 23:00:00
2023-07-16,00:00,0.0,34.8,57.7,3.51,49.4,0.0,2023-07-16 00:00:00
2023-07-16,01:00,0.0,32.6,64.0,4.66,38.8,0.0,2023-07-16 01:00:00
2023-07-16,02:00,0.0,32.6,58.3,3.0,61.8,0.0,2023-07-16 02:00:00
2023-07-16,03:00,0.0,27.8,71.3,1.76,33.4,0.0,2023-07-16 03:00:00
2023-07-16,04:00,0.0,34.1,59.0,4.85,55.0,0.0,2023-07-16 04:00:00
2023-07-16,05:00,0.0,32.7,61.5,5.28,40.1,0.0,2023-07-16 05:00:00
2023-07-16,06:00,174.86,33.7,59.0,2.53,31.6,7.11,2023-07-16 06:00:00
2023-07-16,07:00,322.16,35.8,59.5,1.96,49.6,12.65,2023-07-16 07:00:00
2023-07-16,08:00,512.31,37.3,55.3,3.79,46.9,19.36,2023-07-16 08:00:00
2023-07-16,09:00,690.41,38.2,49.3,2.34,46.1,26.4,2023-07-16 09:00:00
2023-07-16,10:00,812.47,41.0,45.4,3.1,41.9,29.42,2023-07-16 10:00:00
2023-07-16,11:00,914.69,41.2,52.2,5.16,40.1,31.96,2023-07-16 11:00:00
2023-07-16,12:00,605.8,43.3,51.8,2.39,76.5,21.68,2023-07-16 12:00:00
2023-07-16,13:00,772.1,41.1,52.6,5.37,58.5,27.29,2023-07-16 13:00:00
2023-07-16,14:00,768.17,43.6,41.5,4.52,51.6,27.42,2023-07-16 14:00:00
2023-07-16,15:00,701.99,41.8,51.3,2.39,42.4,24.86,2023-07-16 15:00:00
2023-07-16,16:00,501.0,42.0,45.7,3.79,55.8,18.29,2023-07-16 16:00:00
2023-07-16,17:00,336.52,42.4,52.2,4.21,48.5,13.32,2023-07-16 17:00:00
2023-07-16,18:00,171.98,38.1,48.9,2.3,41.1,7.2,2023-07-16 18:00:00
2023-07-16,19:00,0.0,38.0,56.1,2.0,36.2,0.0,2023-07-16 19:00:00
2023-07-16,20:00,0.0,39.0,51.4,3.81,39.5,0.0,2023-07-16 20:00:00
2023-07-16,21:00,0.0,33.8,47.1,4.63,0.0,0.0,2023-07-16 21:00:00
2023-07-16,22:00,0.0,38.1,60.2,3.51,43.9,0.0,2023-07-16 22:00:00
2023-07-16,23:00,0.0,35.9,54.2,1.52,33.4,0.0,2023-07-16 23:00:00
2023-07-17,00:00,0.0,31.9,67.0,6.62,65.1,0.0,2023-07-17 00:00:00
2023-07-17,01:00,0.0,30.8,67.8,4.64,41.5,0.0,2023-07-17 01:00:00
2023-07-17,02:00,0.0,32.3,51.5,4.24,23.4,0.0,2023-07-17 02:00:00
2023-07-17,03:00,0.0,29.6,55.6,4.36,40.5,0.0,2023-07-17 03:00:00
2023-07-17,04:00,0.0,29.2,67.2,3.21,25.5,0.0,2023-07-17 04:00:00
2023-07-17,05:00,0.0,32.9,59.4,8.25,48.3,0.0,2023-07-17 05:00:00
2023-07-17,06:00,156.64,34.7,62.8,1.93,45.6,5.52,2023-07-17 06:00:00
2023-07-17,07:00,321.16,36.6,59.2,4.91,55.6,12.77,2023-07-17 07:00:00
2023-07-17,08:00,568.03,36.9,47.3,3.31,29.4,21.54,2023-07-17 08:00:00
2023-07-17,09:00,713.09,41.8,50.2,6.05,41.7,26.78,2023-07-17 09:00:00
2023-07-17,10:00,905.88,38.3,46.1,4.77,20.7,31.99,2023-07-17 10:00:00
2023-07-17,11:00,833.15,40.2,48.3,3.95,51.7,30.09,2023-07-17 11:00:00
2023-07-17,12:00,883.18,44.0,42.0,6.83,49.0,31.37,2023-07-17 12:00:00
2023-07-17,13:00,859.22,41.7,42.7,6.43,48.7,30.81,2023-07-17 13:00:00
2023-07-17,14:00,833.83,41.8,49.2,1.38,41.2,30.02,2023-07-17 14:00:00
2023-07-17,15:00,678.87,44.0,42.1,2.26,47.4,24.2,2023-07-17 15:00:00
2023-07-17,16:00,436.91,41.3,54.2,4.53,65.3,16.92,2023-07-17 16:00:00
2023-07-17,17:00,378.96,42.0,45.5,6.57,36.9,14.74,2023-07-17 17:00:00
2023-07-17,18:00,164.01,39.7,47.5,3.35,43.3,6.97,2023-07-17 18:00:00
2023-07-17,19:00,0.0,38.0,43.1,1.25,24.9,0.0,2023-07-17 19:00:00
2023-07-17,20:00,0.0,34.2,65.9,4.36,28.2,0.0,2023-07-17 20:00:00
2023-07-17,21:00,0.0,36.7,55.4,2.27,42.7,0.0,2023-07-17 21:00:00
2023-07-17,22:00,0.0,32.7,72.7,3.91,57.8,0.0,2023-07-17 22:00:00
2023-07-17,23:00,0.0,33.4,63.9,3.15,37.4,0.0,2023-07-17 23:00:00
2023-07-18,00:00,0.0,31.9,60.4,3.93,38.2,0.0,2023-07-18 00:00:00
2023-07-18,01:00,0.0,31.8,61.9,6.74,35.6,0.0,2023-07-18 01:00:00
2023-07-18,02:00,0.0,31.7,61.5,3.6,33.7,0.0,2023-07-18 02:00:00
2023-07-18,03:00,0.0,32.5,70.2,1.21,46.2,0.0,2023-07-18 03:00:00
2023-07-18,04:00,0.0,31.5,60.9,4.04,19.3,0.0,2023-07-18 04:00:00
2023-07-18,05:00,0.0,36.0,58.0,2.89,61.0,0.0,2023-07-18 05:00:00
2023-07-18,06:00,187.61,31.7,61.8,5.16,31.8,7.65,2023-07-18 06:00:00
2023-07-18,07:00,323.14,36.0,62.4,3.53,52.6,12.9,2023-07-18 07:00:00
2023-07-18,08:00,588.48,39.5,41.7,4.92,22.7,21.88,2023-07-18 08:00:00
2023-07-18,09:00,642.71,40.4,54.3,6.38,51.8,23.54,2023-07-18 09:00:00
2023-07-18,10:00,772.91,39.2,59.5,3.05,51.8,27.85,2023-07-18 10:00:00
2023-07-18,11:00,862.04,40.8,47.2,8.6,47.5,31.44,2023-07-18 11:00:00
2023-07-18,12:00,993.17,41.4,41.7,2.03,26.8,34.99,2023-07-18 12:00:00
2023-07-18,13:00,884.14,44.9,48.7,4.36,45.5,30.63,2023-07-18 13:00:00
2023-07-18,14:00,885.14,42.6,40.7,1.21,24.0,30.96,2023-07-18 14:00:00
2023-07-18,15:00,723.53,44.2,39.3,2.36,37.9,25.18,2023-07-18 15:00:00
2023-07-18,16:00,490.06,43.7,52.3,4.31,57.2,18.18,2023-07-18 16:00:00
2023-07-18,17:00,328.75,46.5,46.0,1.33,53.7,11.73,2023-07-18 17:00:00
2023-07-18,18:00,162.2,41.5,48.6,1.75,42.0,6.17,2023-07-18 18:00:00
2023-07-18,19:00,0.0,38.1,54.1,2.73,27.1,0.0,2023-07-18 19:00:00
2023-07-18,20:00,0.0,35.3,64.7,4.02,51.4,0.0,2023-07-18 20:00:00
2023-07-18,21:00,0.0,35.9,56.3,0.98,42.0,0.0,2023-07-18 21:00:00
2023-07-18,22:00,0.0,34.8,57.4,3.58,6.9,0.0,2023-07-18 22:00:00
2023-07-18,23:00,0.0,29.8,75.0,4.27,53.5,0.0,2023-07-18 23:00:00
2023-07-19,00:00,0.0,31.5,55.3,3.23,41.9,0.0,2023-07-19 00:00:00
2023-07-19,01:00,0.0,32.7,61.9,1.51,60.3,0.0,2023-07-19 01:00:00
2023-07-19,02:00,0.0,31.0,50.9,4.19,25.8,0.0,2023-07-19 02:00:00
2023-07-19,03:00,0.0,33.9,47.9,4.17,0.0,0.0,2023-07-19 03:00:00
2023-07-19,04:00,0.0,30.0,61.8,3.69,46.4,0.0,2023-07-19 04:00:00
2023-07-19,05:00,0.0,35.0,55.9,4.63,46.6,0.0,2023-07-19 05:00:00
2023-07-19,06:00,167.47,36.6,53.7,2.33,16.9,6.57,2023-07-19 06:00:00
2023-07-19,07:00,390.81,38.2,42.6,4.55,27.6,14.96,2023-07-19 07:00:00
2023-07-19,08:00,304.06,35.2,68.6,2.09,83.6,12.63,2023-07-19 08:00:00
2023-07-19,09:00,728.0,40.1,49.8,3.18,37.7,26.62,2023-07-19 09:00:00
2023-07-19,10:00,743.71,39.8,53.3,1.51,53.2,27.38,2023-07-19 10:00:00
2023-07-19,11:00,956.55,39.7,49.1,5.47,32.5,33.66,2023-07-19 11:00:00
2023-07-19,12:00,1052.67,42.4,30.2,3.84,10.9,35.86,2023-07-19 12:00:00
2023-07-19,13:00,918.91,42.2,43.4,7.65,39.7,32.36,2023-07-19 13:00:00
2023-07-19,14:00,848.11,45.6,47.3,6.92,38.3,30.06,2023-07-19 14:00:00
2023-07-19,15:00,725.93,44.7,37.2,10.22,36.3,26.29,2023-07-19 15:00:00
2023-07-19,16:00,541.73,41.1,55.1,1.74,40.5,20.36,2023-07-19 16:00:00
2023-07-19,17:00,350.77,40.9,44.6,4.17,46.2,12.46,2023-07-19 17:00:00
2023-07-19,18:00,145.69,40.3,43.4,3.25,40.0,5.02,2023-07-19 18:00:00
2023-07-19,19:00,0.0,39.4,42.9,3.81,23.3,0.0,2023-07-19 19:00:00
2023-07-19,20:00,0.0,39.8,57.2,2.81,49.5,0.0,2023-07-19 20:00:00
2023-07-19,21:00,0.0,37.7,44.5,1.34,13.0,0.0,2023-07-19 21:00:00
2023-07-19,22:00,0.0,35.1,51.6,4.71,11.5,0.0,2023-07-19 22:00:00
2023-07-19,23:00,0.0,33.3,63.7,7.48,53.3,0.0,2023-07-19 23:00:00
2023-07-20,00:00,0.0,29.6,68.0,3.81,50.4,0.0,2023-07-20 00:00:00
2023-07-20,01:00,0.0,34.5,63.8,2.9,41.9,0.0,2023-07-20 01:00:00
2023-07-20,02:00,0.0,31.2,61.7,6.84,21.8,0.0,2023-07-20 02:00:00
2023-07-20,03:00,0.0,35.0,51.0,3.06,32.1,0.0,2023-07-20 03:00:00
2023-07-20,04:00,0.0,33.2,58.8,6.46,38.8,0.0,2023-07-20 04:00:00
2023-07-20,05:00,0.0,37.4,55.6,5.79,18.8,0.0,2023-07-20 05:00:00
2023-07-20,06:00,168.14,36.1,55.0,3.8,31.7,5.96,2023-07-20 06:00:00
2023-07-20,07:00,318.89,33.9,56.3,4.54,52.5,12.55,2023-07-20 07:00:00
2023-07-20,08:00,431.0,36.9,54.9,4.67,64.2,16.83,2023-07-20 08:00:00
2023-07-20,09:00,706.35,39.2,53.9,4.35,36.5,25.92,2023-07-20 09:00:00
2023-07-20,10:00,743.11,39.4,57.2,2.09,54.1,26.23,2023-07-20 10:00:00
2023-07-20,11:00,992.96,41.6,37.4,4.63,14.0,35.35,2023-07-20 11:00:00
2023-07-20,12:00,851.53,40.7,55.1,0.72,52.7,29.92,2023-07-20 12:00:00
2023-07-20,13:00,947.69,43.8,48.4,4.73,30.7,32.38,2023-07-20 13:00:00
2023-07-20,14:00,791.86,44.4,51.1,3.92,47.4,28.05,2023-07-20 14:00:00
2023-07-20,15:00,711.49,42.0,53.2,2.58,39.0,26.23,2023-07-20 15:00:00
2023-07-20,16:00,458.51,46.7,47.8,5.35,62.6,17.16,2023-07-20 16:00:00
2023-07-20,17:00,381.68,42.4,43.1,3.24,29.6,13.97,2023-07-20 17:00:00
2023-07-20,18:00,127.87,39.5,52.2,3.6,52.2,4.51,2023-07-20 18:00:00
2023-07-20,19:00,0.0,36.6,54.7,1.14,38.6,0.0,2023-07-20 19:00:00
2023-07-20,20:00,0.0,38.1,49.4,3.22,40.4,0.0,2023-07-20 20:00:00
2023-07-20,21:00,0.0,36.0,54.6,2.13,40.0,0.0,2023-07-20 21:00:00
2023-07-20,22:00,0.0,36.4,58.0,2.66,30.1,0.0,2023-07-20 22:00:00
2023-07-20,23:00,0.0,33.5,54.0,2.55,42.5,0.0,2023-07-20 23:00:00
2023-07-21,00:00,0.0,30.7,58.4,1.32,42.3,0.0,2023-07-21 00:00:00
2023-07-21,01:00,0.0,35.2,62.2,3.49,46.9,0.0,2023-07-21 01:00:00
2023-07-21,02:00,0.0,32.8,60.5,3.77,44.5,0.0,2023-07-21 02:00:00
2023-07-21,03:00,0.0,31.7,58.6,4.0,55.2,0.0,2023-07-21 03:00:00
2023-07-21,04:00,0.0,33.1,64.4,3.49,57.1,0.0,2023-07-21 04:00:00
2023-07-21,05:00,0.0,34.6,54.2,5.92,27.5,0.0,2023-07-21 05:00:00
2023-07-21,06:00,128.32,32.4,63.8,1.24,56.3,5.17,2023-07-21 06:00:00
2023-07-21,07:00,394.44,36.7,54.1,4.21,25.5,15.28,2023-07-21 07:00:00
2023-07-21,08:00,485.65,37.2,51.9,5.89,52.1,18.55,2023-07-21 08:00:00
2023-07-21,09:00,653.01,40.5,52.4,1.28,52.6,24.28,2023-07-21 09:00:00
2023-07-21,10:00,914.75,39.7,43.3,3.65,14.6,32.87,2023-07-21 10:00:00
2023-07-21,11:00,878.61,41.2,49.5,4.08,44.7,31.37,2023-07-21 11:00:00
2023-07-21,12:00,958.53,46.2,32.8,2.25,36.2,32.82,2023-07-21 12:00:00
2023-07-21,13:00,955.79,46.0,36.9,2.55,31.9,32.43,2023-07-21 13:00:00
2023-07-21,14:00,679.86,38.1,58.8,5.22,63.5,25.44,2023-07-21 14:00:00
2023-07-21,15:00,735.89,45.9,41.7,3.98,33.5,25.6,2023-07-21 15:00:00
2023-07-21,16:00,564.39,43.1,50.5,2.84,31.2,21.78,2023-07-21 16:00:00
2023-07-21,17:00,347.54,41.0,52.8,5.07,44.4,13.94,2023-07-21 17:00:00
2023-07-21,18:00,154.02,39.2,56.4,4.95,53.5,6.53,2023-07-21 18:00:00
2023-07-21,19:00,0.0,37.8,58.7,2.97,41.1,0.0,2023-07-21 19:00:00
2023-07-21,20:00,0.0,36.8,58.8,3.61,60.8,0.0,2023-07-21 20:00:00
2023-07-21,21:00,0.0,34.4,67.4,4.47,51.2,0.0,2023-07-21 21:00:00
2023-07-21,22:00,0.0,32.6,58.2,2.96,10.6,0.0,2023-07-21 22:00:00
2023-07-21,23:00,0.0,31.9,59.2,4.28,35.3,0.0,2023-07-21 23:00:00
2023-07-22,00:00,0.0,33.4,66.4,2.54,35.3,0.0,2023-07-22 00:00:00
2023-07-22,01:00,0.0,32.3,66.1,2.73,51.0,0.0,2023-07-22 01:00:00
2023-07-22,02:00,0.0,33.0,60.4,2.82,4.4,0.0,2023-07-22 02:00:00
2023-07-22,03:00,0.0,32.1,73.6,6.8,82.0,0.0,2023-07-22 03:00:00
2023-07-22,04:00,0.0,30.5,64.9,5.59,51.7,0.0,2023-07-22 04:00:00
2023-07-22,05:00,0.0,34.6,56.5,3.97,46.0,0.0,2023-07-22 05:00:00
2023-07-22,06:00,146.54,36.1,64.1,3.96,61.5,5.83,2023-07-22 06:00:00
2023-07-22,07:00,220.47,37.6,61.0,1.41,78.9,9.08,2023-07-22 07:00:00
2023-07-22,08:00,477.38,35.9,65.4,4.39,56.8,18.66,2023-07-22 08:00:00
2023-07-22,09:00,598.08,38.3,56.9,2.9,58.0,21.92,2023-07-22 09:00:00
2023-07-22,10:00,785.2,40.3,44.5,4.2,45.7,28.85,2023-07-22 10:00:00
2023-07-22,11:00,893.85,43.5,46.0,5.65,41.6,31.45,2023-07-22 11:00:00
2023-07-22,12:00,966.24,43.5,44.4,1.32,36.6,32.43,2023-07-22 12:00:00
2023-07-22,13:00,954.23,43.8,40.3,4.17,31.4,32.74,2023-07-22 13:00:00
2023-07-22,14:00,866.31,47.4,38.3,3.96,33.5,29.74,2023-07-22 14:00:00
2023-07-22,15:00,767.14,40.5,45.0,2.33,23.5,27.25,2023-07-22 15:00:00
2023-07-22,16:00,531.15,41.3,51.2,4.37,42.6,20.42,2023-07-22 16:00:00
2023-07-22,17:00,399.53,40.3,46.5,3.92,18.5,15.15,2023-07-22 17:00:00
2023-07-22,18:00,141.6,37.8,56.4,5.09,46.6,5.88,2023-07-22 18:00:00
2023-07-22,19:00,0.0,38.3,48.2,1.8,43.2,0.0,2023-07-22 19:00:00
2023-07-22,20:00,0.0,39.2,61.2,3.41,46.0,0.0,2023-07-22 20:00:00
2023-07-22,21:00,0.0,35.4,49.7,9.95,35.9,0.0,2023-07-22 21:00:00
2023-07-22,22:00,0.0,34.4,70.4,4.61,89.9,0.0,2023-07-22 22:00:00
2023-07-22,23:00,0.0,30.7,65.6,4.58,64.2,0.0,2023-07-22 23:00:00
2023-07-23,00:00,0.0,31.4,60.9,2.85,25.6,0.0,2023-07-23 00:00:00
2023-07-23,01:00,0.0,31.4,65.4,1.69,47.8,0.0,2023-07-23 01:00:00
2023-07-23,02:00,0.0,33.2,58.3,7.07,35.1,0.0,2023-07-23 02:00:00
2023-07-23,03:00,0.0,29.2,69.5,1.77,29.0,0.0,2023-07-23 03:00:00
2023-07-23,04:00,0.0,32.0,62.5,8.93,24.2,0.0,2023-07-23 04:00:00
2023-07-23,05:00,0.0,35.7,57.8,1.89,50.7,0.0,2023-07-23 05:00:00
2023-07-23,06:00,170.46,34.2,60.4,2.15,34.0,7.08,2023-07-23 06:00:00
2023-07-23,07:00,303.28,32.6,72.1,2.81,58.8,12.14,2023-07-23 07:00:00
2023-07-23,08:00,459.13,40.3,58.7,3.72,59.2,17.56,2023-07-23 08:00:00
2023-07-23,09:00,554.39,40.9,54.3,5.25,64.9,20.23,2023-07-23 09:00:00
2023-07-23,10:00,856.62,42.6,37.6,7.65,31.5,29.9,2023-07-23 10:00:00
2023-07-23,11:00,824.56,39.1,55.5,3.03,51.4,29.3,2023-07-23 11:00:00
2023-07-23,12:00,851.12,45.9,47.3,1.05,53.8,30.12,2023-07-23 12:00:00
2023-07-23,13:00,920.61,42.4,42.6,4.22,37.2,31.8,2023-07-23 13:00:00
2023-07-23,14:00,864.19,43.1,43.6,4.73,32.7,30.21,2023-07-23 14:00:00
2023-07-23,15:00,513.11,42.5,53.0,3.2,68.4,19.15,2023-07-23 15:00:00
2023-07-23,16:00,504.97,44.9,50.1,2.21,47.7,17.95,2023-07-23 16:00:00
2023-07-23,17:00,323.55,41.9,58.0,2.8,53.8,12.06,2023-07-23 17:00:00
2023-07-23,18:00,161.61,41.9,49.8,4.42,31.9,6.63,2023-07-23 18:00:00
2023-07-23,19:00,0.0,39.7,46.6,3.64,26.0,0.0,2023-07-23 19:00:00
2023-07-23,20:00,0.0,37.8,56.8,4.93,35.7,0.0,2023-07-23 20:00:00
2023-07-23,21:00,0.0,34.7,61.1,2.39,42.4,0.0,2023-07-23 21:00:00
2023-07-23,22:00,0.0,38.3,49.3,5.66,28.3,0.0,2023-07-23 22:00:00
2023-07-23,23:00,0.0,31.1,72.7,2.06,44.1,0.0,2023-07-23 23:00:00
2023-07-24,00:00,0.0,33.5,51.7,2.9,19.4,0.0,2023-07-24 00:00:00
2023-07-24,01:00,0.0,32.9,60.1,4.09,28.0,0.0,2023-07-24 01:00:00
2023-07-24,02:00,0.0,34.1,65.9,4.89,54.8,0.0,2023-07-24 02:00:00
2023-07-24,03:00,0.0,34.7,60.3,2.61,53.8,0.0,2023-07-24 03:00:00
2023-07-24,04:00,0.0,32.5,63.2,7.04,38.9,0.0,2023-07-24 04:00:00
2023-07-24,05:00,0.0,34.7,59.1,4.71,29.5,0.0,2023-07-24 05:00:00
2023-07-24,06:00,171.17,38.2,51.0,2.38,29.3,7.65,2023-07-24 06:00:00
2023-07-24,07:00,337.88,36.3,57.2,4.82,39.2,13.33,2023-07-24 07:00:00
2023-07-24,08:00,488.26,36.1,59.9,4.65,54.4,19.09,2023-07-24 08:00:00
2023-07-24,09:00,597.77,38.8,59.7,4.99,58.7,22.75,2023-07-24 09:00:00
2023-07-24,10:00,857.45,38.6,50.5,6.48,37.3,31.05,2023-07-24 10:00:00
2023-07-24,11:00,977.9,42.9,41.3,4.74,27.5,33.64,2023-07-24 11:00:00
2023-07-24,12:00,878.94,45.1,44.6,3.0,48.8,30.64,2023-07-24 12:00:00
2023-07-24,13:00,958.42,43.6,47.4,5.25,32.4,33.02,2023-07-24 13:00:00
2023-07-24,14:00,859.17,41.1,40.6,4.65,37.0,30.81,2023-07-24 14:00:00
2023-07-24,15:00,559.37,45.6,44.1,4.01,64.6,20.36,2023-07-24 15:00:00
2023-07-24,16:00,490.81,40.0,63.4,3.01,57.2,18.96,2023-07-24 16:00:00
2023-07-24,17:00,336.33,39.4,53.8,6.55,47.1,12.66,2023-07-24 17:00:00
2023-07-24,18:00,159.14,40.7,43.7,3.72,25.7,6.58,2023-07-24 18:00:00
2023-07-24,19:00,0.0,40.0,55.2,4.28,47.9,0.0,2023-07-24 19:00:00
2023-07-24,20:00,0.0,38.7,54.0,3.28,60.7,0.0,2023-07-24 20:00:00
2023-07-24,21:00,0.0,36.3,46.9,5.18,39.1,0.0,2023-07-24 21:00:00
2023-07-24,22:00,0.0,38.2,60.4,2.95,65.0,0.0,2023-07-24 22:00:00
2023-07-24,23:00,0.0,33.9,62.3,5.4,64.1,0.0,2023-07-24 23:00:00
2023-07-25,00:00,0.0,34.6,66.1,1.78,70.2,0.0,2023-07-25 00:00:00
2023-07-25,01:00,0.0,33.6,63.4,4.72,49.8,0.0,2023-07-25 01:00:00
2023-07-25,02:00,0.0,29.7,69.5,3.56,54.1,0.0,2023-07-25 02:00:00
2023-07-25,03:00,0.0,31.9,61.9,4.66,66.5,0.0,2023-07-25 03:00:00
2023-07-25,04:00,0.0,36.6,58.2,3.81,52.0,0.0,2023-07-25 04:00:00
2023-07-25,06:00,157.44,33.8,53.3,3.56,38.5,6.66,2023-07-25 06:00:00
2023-07-25,07:00,339.52,36.7,51.1,7.44,48.8,13.81,2023-07-25 07:00:00
2023-07-25,08:00,573.62,37.1,46.5,5.01,25.9,22.22,2023-07-25 08:00:00
2023-07-25,09:00,697.21,38.1,56.6,2.77,43.1,25.68,2023-07-25 09:00:00
2023-07-25,10:00,698.6,40.1,47.3,6.95,61.7,26.56,2023-07-25 10:00:00
2023-07-25,11:00,995.84,44.8,39.2,5.17,12.4,34.15,2023-07-25 11:00:00
2023-07-25,12:00,716.81,42.9,54.3,3.06,68.3,25.64,2023-07-25 12:00:00
2023-07-25,13:00,739.47,41.4,52.4,4.16,62.1,26.94,2023-07-25 13:00:00
2023-07-25,14:00,830.99,41.3,41.7,3.33,38.3,29.87,2023-07-25 14:00:00
2023-07-25,15:00,637.64,47.7,38.6,1.71,53.4,22.38,2023-07-25 15:00:00
2023-07-25,16:00,528.73,42.8,50.3,5.37,45.3,19.64,2023-07-25 16:00:00
2023-07-25,17:00,289.89,43.0,56.5,2.25,63.7,10.93,2023-07-25 17:00:00
2023-07-25,18:00,117.39,39.6,51.5,3.47,60.0,4.75,2023-07-25 18:00:00
2023-07-25,19:00,0.0,40.1,50.5,4.68,24.2,0.0,2023-07-25 19:00:00
2023-07-25,20:00,0.0,40.6,55.4,6.73,54.1,0.0,2023-07-25 20:00:00
2023-07-25,21:00,0.0,35.3,57.6,1.47,42.2,0.0,2023-07-25 21:00:00
2023-07-25,22:00,0.0,35.8,55.0,3.19,46.5,0.0,2023-07-25 22:00:00
2023-07-25,23:00,0.0,31.2,59.5,4.21,34.3,0.0,2023-07-25 23:00:00
2023-07-26,00:00,0.0,36.4,70.7,5.17,71.9,0.0,2023-07-26 00:00:00
2023-07-26,01:00,0.0,32.7,67.0,6.55,61.3,0.0,2023-07-26 01:00:00
2023-07-26,02:00,0.0,31.2,67.2,0.58,34.6,0.0,2023-07-26 02:00:00
2023-07-26,03:00,0.0,31.6,60.0,4.28,25.7,0.0,2023-07-26 03:00:00
2023-07-26,04:00,0.0,31.8,60.5,0.82,39.9,0.0,2023-07-26 04:00:00
2023-07-26,05:00,0.0,32.9,66.0,5.23,52.2,0.0,2023-07-26 05:00:00
2023-07-26,06:00,132.66,30.6,75.1,2.03,49.3,5.29,2023-07-26 06:00:00
2023-07-26,07:00,269.97,36.2,59.3,6.2,64.5,10.8,2023-07-26 07:00:00
2023-07-26,08:00,473.48,37.7,61.5,2.06,57.6,18.29,2023-07-26 08:00:00
2023-07-26,09:00,584.77,40.4,55.2,5.07,60.3,21.51,2023-07-26 09:00:00
2023-07-26,10:00,763.92,40.0,46.9,2.72,50.6,27.45,2023-07-26 10:00:00
2023-07-26,11:00,955.11,40.8,39.1,3.93,24.9,33.69,2023-07-26 11:00:00
2023-07-26,12:00,925.41,43.1,44.2,4.18,42.8,32.3,2023-07-26 12:00:00
2023-07-26,13:00,754.19,40.9,55.4,2.33,61.6,27.31,2023-07-26 13:00:00
2023-07-26,14:00,802.06,44.2,48.5,2.76,45.0,27.3,2023-07-26 14:00:00
2023-07-26,15:00,623.02,40.4,46.4,1.78,53.3,22.88,2023-07-26 15:00:00
2023-07-26,17:00,363.47,43.4,42.0,2.49,30.3,13.52,2023-07-26 17:00:00
2023-07-26,18:00,139.9,39.3,52.0,3.74,43.9,5.78,2023-07-26 18:00:00
2023-07-26,19:00,0.0,40.7,53.9,4.75,50.4,0.0,2023-07-26 19:00:00
2023-07-26,20:00,0.0,38.2,58.7,5.27,35.9,0.0,2023-07-26 20:00:00
2023-07-26,21:00,0.0,34.6,59.9,1.52,42.2,0.0,2023-07-26 21:00:00
2023-07-26,22:00,0.0,31.3,55.5,2.64,31.6,0.0,2023-07-26 22:00:00
2023-07-26,23:00,0.0,34.3,63.4,5.11,62.5,0.0,2023-07-26 23:00:00
2023-07-27,00:00,0.0,31.3,66.9,3.58,41.8,0.0,2023-07-27 00:00:00
2023-07-27,01:00,0.0,34.1,69.4,2.2,68.0,0.0,2023-07-27 01:00:00
2023-07-27,02:00,0.0,32.0,71.9,3.18,69.1,0.0,2023-07-27 02:00:00
2023-07-27,03:00,0.0,30.9,62.9,2.63,45.0,0.0,2023-07-27 03:00:00
2023-07-27,04:00,0.0,36.0,48.3,1.37,31.1,0.0,2023-07-27 04:00:00
2023-07-27,05:00,0.0,34.7,54.0,5.06,14.9,0.0,2023-07-27 05:00:00
2023-07-27,06:00,164.55,28.4,58.6,2.73,24.1,6.71,2023-07-27 06:00:00
2023-07-27,07:00,380.42,35.5,55.9,6.97,25.6,15.46,2023-07-27 07:00:00
2023-07-27,08:00,419.61,35.5,66.2,6.12,66.9,15.25,2023-07-27 08:00:00
2023-07-27,09:00,673.72,38.1,53.0,4.77,47.9,25.45,2023-07-27 09:00:00
2023-07-27,10:00,755.39,40.7,51.5,2.89,52.0,27.49,2023-07-27 10:00:00
2023-07-27,11:00,984.36,42.8,39.8,2.68,12.9,33.99,2023-07-27 11:00:00
2023-07-27,12:00,988.76,43.6,39.2,3.55,28.2,33.56,2023-07-27 12:00:00
2023-07-27,13:00,758.51,45.7,40.8,3.01,59.5,26.14,2023-07-27 13:00:00
2023-07-27,14:00,760.78,45.1,44.8,6.28,50.5,27.42,2023-07-27 14:00:00
2023-07-27,15:00,674.85,44.8,44.1,1.88,44.0,24.31,2023-07-27 15:00:00
2023-07-27,16:00,476.65,43.5,53.9,4.81,54.7,17.91,2023-07-27 16:00:00
2023-07-27,17:00,247.6,44.5,47.8,4.19,70.7,9.48,2023-07-27 17:00:00
2023-07-27,18:00,123.84,40.4,54.4,5.37,42.9,5.28,2023-07-27 18:00:00
2023-07-27,19:00,0.0,39.0,48.7,3.86,47.2,0.0,2023-07-27 19:00:00
2023-07-27,20:00,0.0,34.5,55.1,4.29,49.1,0.0,2023-07-27 20:00:00
2023-07-27,21:00,0.0,38.3,61.9,7.39,82.1,0.0,2023-07-27 21:00:00
2023-07-27,22:00,0.0,34.8,47.7,1.68,14.7,0.0,2023-07-27 22:00:00
2023-07-27,23:00,0.0,39.0,50.2,1.76,56.4,0.0,2023-07-27 23:00:00
2023-07-28,00:00,0.0,32.0,71.0,3.19,44.9,0.0,2023-07-28 00:00:00
2023-07-28,01:00,0.0,32.3,63.5,3.54,55.2,0.0,2023-07-28 01:00:00
2023-07-28,02:00,0.0,32.9,69.1,2.29,36.8,0.0,2023-07-28 02:00:00
2023-07-28,03:00,0.0,30.1,62.4,1.62,45.9,0.0,2023-07-28 03:00:00
2023-07-28,04:00,0.0,33.4,57.4,1.07,57.3,0.0,2023-07-28 04:00:00
2023-07-28,05:00,0.0,33.7,78.0,5.07,93.4,0.0,2023-07-28 05:00:00
2023-07-28,06:00,128.28,34.4,60.2,3.6,58.8,5.27,2023-07-28 06:00:00
2023-07-28,07:00,359.03,38.5,51.3,5.67,33.9,13.86,2023-07-28 07:00:00
2023-07-28,08:00,552.71,36.3,50.2,3.04,40.3,21.27,2023-07-28 08:00:00
2023-07-28,09:00,705.32,40.0,49.8,4.69,39.9,26.22,2023-07-28 09:00:00
2023-07-28,10:00,897.04,43.5,34.2,3.61,19.7,32.4,2023-07-28 10:00:00
2023-07-28,11:00,894.62,40.9,48.8,4.2,41.7,31.28,2023-07-28 11:00:00
2023-07-28,12:00,805.58,42.6,48.6,3.08,57.7,27.94,2023-07-28 12:00:00
2023-07-28,13:00,953.49,47.9,36.0,1.61,27.6,32.45,2023-07-28 13:00:00
2023-07-28,14:00,668.94,44.8,50.9,7.02,62.4,24.65,2023-07-28 14:00:00
2023-07-28,15:00,614.97,42.8,50.3,5.61,54.0,22.12,2023-07-28 15:00:00
2023-07-28,16:00,544.51,44.6,43.8,2.82,35.7,19.47,2023-07-28 16:00:00
2023-07-28,17:00,338.56,41.1,49.0,7.28,44.5,13.25,2023-07-28 17:00:00
2023-07-28,18:00,106.39,38.1,58.8,2.77,70.6,4.96,2023-07-28 18:00:00
2023-07-28,19:00,0.0,41.9,53.4,3.41,57.7,0.0,2023-07-28 19:00:00
2023-07-28,20:00,0.0,35.9,57.4,5.01,46.8,0.0,2023-07-28 20:00:00
2023-07-28,21:00,0.0,40.8,49.3,2.81,43.1,0.0,2023-07-28 21:00:00
2023-07-28,22:00,0.0,34.0,62.5,2.88,47.8,0.0,2023-07-28 22:00:00
2023-07-28,23:00,0.0,37.5,49.4,3.26,39.0,0.0,2023-07-28 23:00:00
2023-07-29,00:00,0.0,30.2,64.3,3.52,15.6,0.0,2023-07-29 00:00:00
2023-07-29,01:00,0.0,34.0,67.4,1.88,77.8,0.0,2023-07-29 01:00:00
2023-07-29,02:00,0.0,32.8,63.7,1.0,49.5,0.0,2023-07-29 02:00:00
2023-07-29,03:00,0.0,33.6,62.7,6.53,53.1,0.0,2023-07-29 03:00:00
2023-07-29,04:00,0.0,34.4,62.6,3.01,46.3,0.0,2023-07-29 04:00:00
2023-07-29,05:00,0.0,32.8,61.2,1.74,36.1,0.0,2023-07-29 05:00:00
2023-07-29,06:00,135.49,32.5,62.1,5.03,44.3,6.3,2023-07-29 06:00:00
2023-07-29,07:00,373.18,36.3,57.1,2.75,23.1,15.36,2023-07-29 07:00:00
2023-07-29,08:00,307.68,38.3,50.1,2.2,81.3,12.17,2023-07-29 08:00:00
2023-07-29,09:00,750.43,38.6,54.2,7.39,28.6,27.61,2023-07-29 09:00:00
2023-07-29,10:00,844.67,41.4,49.5,6.55,31.6,30.39,2023-07-29 10:00:00
2023-07-29,11:00,898.51,42.7,38.7,1.77,40.5,31.63,2023-07-29 11:00:00
2023-07-29,12:00,726.51,41.5,58.1,6.26,66.4,26.64,2023-07-29 12:00:00
2023-07-29,13:00,858.19,44.4,49.5,6.16,47.3,29.95,2023-07-29 13:00:00
2023-07-29,14:00,868.07,43.4,44.3,4.31,28.6,30.27,2023-07-29 14:00:00
2023-07-29,15:00,548.7,42.4,46.6,3.8,65.9,20.12,2023-07-29 15:00:00
2023-07-29,16:00,468.68,44.5,50.5,2.38,58.1,17.81,2023-07-29 16:00:00
2023-07-29,17:00,308.66,40.7,56.8,1.87,55.2,12.38,2023-07-29 17:00:00
2023-07-29,18:00,115.88,40.1,52.0,4.17,57.9,5.9,2023-07-29 18:00:00
2023-07-29,19:00,0.0,39.6,63.1,5.49,83.0,0.0,2023-07-29 19:00:00
2023-07-29,20:00,0.0,40.4,58.0,4.6,79.9,0.0,2023-07-29 20:00:00
2023-07-29,21:00,0.0,36.7,57.7,2.2,36.8,0.0,2023-07-29 21:00:00
2023-07-29,22:00,0.0,35.9,62.8,2.72,71.5,0.0,2023-07-29 22:00:00
2023-07-29,23:00,0.0,33.1,61.2,3.88,52.9,0.0,2023-07-29 23:00:00
2023-07-30,00:00,0.0,32.5,64.9,4.26,55.1,0.0,2023-07-30 00:00:00
2023-07-30,01:00,0.0,32.0,52.2,1.54,22.2,0.0,2023-07-30 01:00:00
2023-07-30,02:00,0.0,32.4,62.1,4.21,45.0,0.0,2023-07-30 02:00:00
2023-07-30,03:00,0.0,31.5,63.0,4.89,35.4,0.0,2023-07-30 03:00:00
2023-07-30,04:00,0.0,35.1,65.8,2.2,60.0,0.0,2023-07-30 04:00:00
2023-07-30,05:00,0.0,33.0,67.4,2.52,63.6,0.0,2023-07-30 05:00:00
2023-07-30,06:00,147.16,31.8,50.7,2.58,16.5,5.8,2023-07-30 06:00:00
2023-07-30,07:00,320.82,41.3,55.3,6.87,47.2,11.69,2023-07-30 07:00:00
2023-07-30,08:00,438.6,37.3,65.9,3.25,64.4,17.21,2023-07-30 08:00:00
2023-07-30,09:00,685.82,41.8,48.9,3.8,44.8,25.49,2023-07-30 09:00:00
2023-07-30,10:00,721.44,43.4,46.5,4.81,58.5,25.74,2023-07-30 10:00:00
2023-07-30,11:00,820.51,43.8,45.4,3.09,52.8,28.92,2023-07-30 11:00:00
2023-07-30,12:00,847.94,42.7,48.3,1.77,52.7,29.72,2023-07-30 12:00:00
2023-07-30,13:00,882.43,44.2,45.7,4.42,43.5,30.8,2023-07-30 13:00:00
2023-07-30,14:00,868.92,41.6,43.7,4.49,29.3,30.55,2023-07-30 14:00:00
2023-07-30,15:00,725.84,47.2,33.5,2.59,30.8,25.13,2023-07-30 15:00:00
2023-07-30,16:00,460.4,41.5,56.4,1.22,58.2,17.85,2023-07-30 16:00:00
2023-07-30,17:00,320.26,41.7,50.4,4.48,47.9,11.29,2023-07-30 17:00:00
2023-07-30,18:00,138.66,41.0,45.7,4.69,45.5,5.7,2023-07-30 18:00:00
2023-07-30,19:00,0.0,39.2,52.7,1.12,41.2,0.0,2023-07-30 19:00:00
2023-07-30,20:00,0.0,36.7,56.3,4.63,43.0,0.0,2023-07-30 20:00:00
2023-07-30,21:00,0.0,38.8,54.7,6.85,63.3,0.0,2023-07-30 21:00:00
2023-07-30,22:00,0.0,36.6,60.5,2.19,42.5,0.0,2023-07-30 22:00:00
2023-07-30,23:00,0.0,34.2,56.1,3.76,27.5,0.0,2023-07-30 23:00:00
2023-07-31,00:00,0.0,31.9,66.1,4.65,59.2,0.0,2023-07-31 00:00:00
2023-07-31,01:00,0.0,34.0,59.9,2.44,44.9,0.0,2023-07-31 01:00:00
2023-07-31,02:00,0.0,31.0,67.4,4.98,48.5,0.0,2023-07-31 02:00:00
2023-07-31,03:00,0.0,34.9,65.4,5.91,72.1,0.0,2023-07-31 03:00:00
2023-07-31,04:00,0.0,32.8,62.4,5.43,47.7,0.0,2023-07-31 04:00:00
2023-07-31,05:00,0.0,35.8,63.7,2.58,52.4,0.0,2023-07-31 05:00:00
2023-07-31,06:00,149.36,34.6,50.0,5.35,30.3,6.12,2023-07-31 06:00:00
2023-07-31,07:00,335.16,36.4,51.6,3.28,44.7,13.09,2023-07-31 07:00:00
2023-07-31,08:00,464.17,40.0,57.4,2.62,57.2,17.82,2023-07-31 08:00:00
2023-07-31,09:00,757.98,43.3,50.9,2.13,24.7,27.11,2023-07-31 09:00:00
2023-07-31,10:00,750.45,43.6,50.9,6.38,51.0,26.51,2023-07-31 10:00:00
2023-07-31,11:00,857.07,43.7,54.3,3.34,49.5,29.28,2023-07-31 11:00:00
2023-07-31,12:00,882.91,44.1,44.3,5.88,48.6,30.59,2023-07-31 12:00:00
2023-07-31,13:00,725.88,42.7,49.3,2.08,63.6,26.41,2023-07-31 13:00:00
2023-07-31,14:00,745.08,44.4,48.5,5.09,53.0,26.95,2023-07-31 14:00:00
2023-07-31,15:00,513.13,42.0,58.4,1.8,70.2,19.5,2023-07-31 15:00:00
2023-07-31,16:00,567.16,43.7,37.5,1.01,33.1,21.09,2023-07-31 16:00:00
2023-07-31,17:00,320.07,42.9,47.3,9.26,50.1,12.81,2023-07-31 17:00:00
2023-07-31,18:00,130.57,37.3,56.3,1.55,49.3,5.4,2023-07-31 18:00:00
2023-07-31,19:00,0.0,39.5,46.0,3.49,32.0,0.0,2023-07-31 19:00:00
2023-07-31,20:00,0.0,38.6,55.4,6.02,62.4,0.0,2023-07-31 20:00:00
2023-07-31,21:00,0.0,36.1,69.9,5.47,82.9,0.0,2023-07-31 21:00:00
2023-07-31,22:00,0.0,35.5,60.6,3.53,47.8,0.0,2023-07-31 22:00:00
2023-07-31,23:00,0.0,31.2,70.3,4.19,55.6,0.0,2023-07-31 23:00:00
2023-08-01,00:00,0.0,31.2,67.0,4.29,49.7,0.0,2023-08-01 00:00:00
2023-08-01,01:00,0.0,33.9,55.1,1.8,37.7,0.0,2023-08-01 01:00:00
2023-08-01,02:00,0.0,31.8,59.3,2.7,21.1,0.0,2023-08-01 02:00:00
2023-08-01,03:00,0.0,32.6,56.8,2.77,37.9,0.0,2023-08-01 03:00:00
2023-08-01,04:00,0.0,31.6,58.2,3.12,27.6,0.0,2023-08-01 04:00:00
2023-08-01,05:00,0.0,33.6,64.0,2.65,74.0,0.0,2023-08-01 05:00:00
2023-08-01,06:00,129.09,30.7,63.2,2.55,46.7,5.18,2023-08-01 06:00:00
2023-08-01,07:00,336.89,37.8,54.5,3.02,43.3,13.63,2023-08-01 07:00:00
2023-08-01,08:00,430.67,41.1,52.0,3.12,61.8,16.47,2023-08-01 08:00:00
2023-08-01,09:00,725.9,37.4,48.3,3.61,31.6,26.18,2023-08-01 09:00:00
2023-08-01,10:00,839.69,39.1,55.1,2.16,36.9,30.8,2023-08-01 10:00:00
2023-08-01,11:00,844.06,42.8,47.7,5.24,49.5,30.15,2023-08-01 11:00:00
2023-08-01,12:00,754.77,45.7,45.3,5.83,63.9,27.09,2023-08-01 12:00:00
2023-08-01,13:00,806.05,43.6,44.3,2.53,56.0,28.91,2023-08-01 13:00:00
2023-08-01,14:00,744.63,41.6,43.2,1.88,52.2,27.23,2023-08-01 14:00:00
2023-08-01,15:00,651.83,43.2,46.7,4.8,49.6,23.41,2023-08-01 15:00:00
2023-08-01,16:00,481.38,41.1,46.4,6.6,54.5,17.82,2023-08-01 16:00:00
2023-08-01,17:00,325.96,40.8,54.5,1.22,51.5,13.49,2023-08-01 17:00:00
2023-08-01,18:00,147.45,40.3,47.9,0.96,33.0,5.54,2023-08-01 18:00:00
2023-08-01,19:00,0.0,37.7,62.0,2.21,49.1,0.0,2023-08-01 19:00:00
2023-08-01,20:00,0.0,36.4,54.4,4.58,32.3,0.0,2023-08-01 20:00:00
2023-08-01,21:00,0.0,36.4,54.9,7.45,49.7,0.0,2023-08-01 21:00:00
2023-08-01,22:00,0.0,35.2,50.0,4.98,41.2,0.0,2023-08-01 22:00:00
2023-08-01,23:00,0.0,31.0,78.4,4.01,86.5,0.0,2023-08-01 23:00:00
2023-08-02,00:00,0.0,33.3,56.9,4.67,48.3,0.0,2023-08-02 00:00:00
2023-08-02,01:00,0.0,31.3,58.4,2.45,27.8,0.0,2023-08-02 01:00:00
2023-08-02,02:00,0.0,33.1,68.8,4.6,46.9,0.0,2023-08-02 02:00:00
2023-08-02,03:00,0.0,33.4,66.5,2.87,56.7,0.0,2023-08-02 03:00:00
2023-08-02,04:00,0.0,31.6,72.7,2.41,74.0,0.0,2023-08-02 04:00:00
2023-08-02,05:00,0.0,34.6,61.9,2.47,40.0,0.0,2023-08-02 05:00:00
2023-08-02,06:00,146.5,33.3,60.0,4.49,25.1,5.88,2023-08-02 06:00:00
2023-08-02,07:00,278.01,38.6,63.7,5.09,61.1,11.11,2023-08-02 07:00:00
2023-08-02,08:00,554.66,36.3,50.2,4.05,28.2,20.77,2023-08-02 08:00:00
2023-08-02,09:00,679.53,40.0,49.1,1.48,42.3,25.72,2023-08-02 09:00:00
2023-08-02,10:00,802.25,40.4,47.0,1.25,45.0,28.92,2023-08-02 10:00:00
2023-08-02,11:00,870.17,40.2,51.5,2.38,47.8,31.13,2023-08-02 11:00:00
2023-08-02,12:00,799.44,44.6,47.4,2.71,59.2,28.57,2023-08-02 12:00:00
2023-08-02,13:00,899.35,42.5,38.9,3.24,38.6,31.4,2023-08-02 13:00:00
2023-08-02,14:00,804.36,40.7,47.5,1.57,44.8,29.31,2023-08-02 14:00:00
2023-08-02,15:00,649.85,38.4,60.3,4.82,48.7,23.64,2023-08-02 15:00:00
2023-08-02,16:00,485.24,41.4,51.7,4.74,51.1,18.05,2023-08-02 16:00:00
2023-08-02,17:00,311.78,44.5,48.7,2.98,50.3,11.53,2023-08-02 17:00:00
2023-08-02,18:00,124.53,43.0,48.9,3.96,55.4,4.15,2023-08-02 18:00:00
2023-08-02,19:00,0.0,38.0,50.8,1.74,61.5,0.0,2023-08-02 19:00:00
2023-08-02,20:00,0.0,37.1,57.5,3.28,54.8,0.0,2023-08-02 20:00:00
2023-08-02,21:00,0.0,35.4,65.0,5.8,55.7,0.0,2023-08-02 21:00:00
2023-08-02,22:00,0.0,32.4,52.9,4.45,25.1,0.0,2023-08-02 22:00:00
2023-08-02,23:00,0.0,31.8,67.7,1.76,49.6,0.0,2023-08-02 23:00:00
2023-08-03,00:00,0.0,34.3,55.9,5.71,56.5,0.0,2023-08-03 00:00:00
2023-08-03,01:00,0.0,32.8,65.9,4.56,60.2,0.0,2023-08-03 01:00:00
2023-08-03,02:00,0.0,32.2,63.6,3.45,38.9,0.0,2023-08-03 02:00:00
2023-08-03,03:00,0.0,29.5,64.4,4.62,39.4,0.0,2023-08-03 03:00:00
2023-08-03,04:00,0.0,32.7,71.0,2.16,40.7,0.0,2023-08-03 04:00:00
2023-08-03,05:00,0.0,29.3,68.4,3.9,57.3,0.0,2023-08-03 05:00:00
2023-08-03,06:00,104.38,36.2,59.6,4.23,64.8,4.02,2023-08-03 06:00:00
2023-08-03,07:00,325.4,36.6,56.7,6.66,63.849999999999994,12.85,2023-08-03 07:00:00
2023-08-03,08:00,418.27,35.3,59.8,1.5,62.9,15.74,2023-08-03 08:00:00
2023-08-03,09:00,623.6,42.2,43.7,3.1,51.1,22.32,2023-08-03 09:00:00
2023-08-03,10:00,779.76,37.5,51.2,6.81,47.4,28.99,2023-08-03 10:00:00
2023-08-03,11:00,861.59,42.9,50.2,2.38,46.1,30.64,2023-08-03 11:00:00
2023-08-03,12:00,770.59,43.9,48.1,5.42,60.5,27.39,2023-08-03 12:00:00
2023-08-03,13:00,608.72,41.3,58.4,0.65,54.2,29.12,2023-08-03 13:00:00
2023-08-03,14:00,446.85,43.7,53.5,1.12,83.4,16.47,2023-08-03 14:00:00
2023-08-03,15:00,721.1,40.6,51.1,2.89,36.5,26.69,2023-08-03 15:00:00
2023-08-03,16:00,473.97,37.8,59.6,5.1,57.1,18.12,2023-08-03 16:00:00
2023-08-03,17:00,320.22,40.0,48.5,1.76,41.3,12.17,2023-08-03 17:00:00
2023-08-03,18:00,136.16,39.6,46.1,3.14,36.2,5.81,2023-08-03 18:00:00
2023-08-03,19:00,0.0,40.4,44.8,1.93,49.1,0.0,2023-08-03 19:00:00
2023-08-03,20:00,0.0,37.8,58.3,2.41,51.3,0.0,2023-08-03 20:00:00
2023-08-03,21:00,0.0,36.3,73.6,3.68,93.1,0.0,2023-08-03 21:00:00
2023-08-03,22:00,0.0,32.9,55.9,2.86,46.5,0.0,2023-08-03 22:00:00
2023-08-03,23:00,0.0,32.5,57.9,2.35,32.3,0.0,2023-08-03 23:00:00
2023-08-04,00:00,0.0,30.8,64.6,3.19,53.8,0.0,2023-08-04 00:00:00
2023-08-04,01:00,0.0,29.7,62.3,4.68,18.6,0.0,2023-08-04 01:00:00
2023-08-04,02:00,0.0,30.6,64.9,1.86,48.3,0.0,2023-08-04 02:00:00
2023-08-04,03:00,0.0,32.0,69.8,3.57,49.9,0.0,2023-08-04 03:00:00
2023-08-04,04:00,0.0,31.5,66.6,2.65,61.6,0.0,2023-08-04 04:00:00
2023-08-04,05:00,0.0,32.9,61.8,3.12,64.3,0.0,2023-08-04 05:00:00
2023-08-04,06:00,112.78,35.9,54.8,5.49,42.1,4.25,2023-08-04 06:00:00
2023-08-04,07:00,303.18,35.2,57.6,6.69,47.4,11.61,2023-08-04 07:00:00
2023-08-04,08:00,545.57,35.3,58.7,2.5,38.2,21.16,2023-08-04 08:00:00
2023-08-04,09:00,721.51,40.2,46.4,4.29,32.8,26.76,2023-08-04 09:00:00
2023-08-04,10:00,735.07,41.2,53.5,4.54,54.3,26.46,2023-08-04 10:00:00
2023-08-04,11:00,931.19,42.5,40.7,5.67,30.6,32.6,2023-08-04 11:00:00
2023-08-04,12:00,901.42,44.0,43.7,6.25,43.5,31.63,2023-08-04 12:00:00
2023-08-04,13:00,925.14,44.3,39.1,3.52,34.8,32.82,2023-08-04 13:00:00
2023-08-04,14:00,708.19,43.7,45.5,8.15,57.9,25.74,2023-08-04 14:00:00
2023-08-04,15:00,445.52,47.8,52.6,7.64,76.7,16.1,2023-08-04 15:00:00
2023-08-04,16:00,548.19,40.6,43.8,3.69,30.2,20.05,2023-08-04 16:00:00
2023-08-04,17:00,358.15,40.9,42.7,3.86,21.9,13.4,2023-08-04 17:00:00
2023-08-04,18:00,133.23,42.4,52.5,4.49,47.8,5.76,2023-08-04 18:00:00
2023-08-04,19:00,0.0,39.5,56.2,3.1,49.9,0.0,2023-08-04 19:00:00
2023-08-04,20:00,0.0,39.0,61.3,4.46,53.0,0.0,2023-08-04 20:00:00
2023-08-04,21:00,0.0,36.4,58.1,3.73,43.0,0.0,2023-08-04 21:00:00
2023-08-04,22:00,0.0,37.2,53.5,1.22,46.7,0.0,2023-08-04 22:00:00
2023-08-04,23:00,0.0,31.6,74.6,5.76,55.2,0.0,2023-08-04 23:00:00
2023-08-05,00:00,0.0,34.8,66.5,6.88,65.7,0.0,2023-08-05 00:00:00
2023-08-05,01:00,0.0,33.9,53.7,1.12,20.7,0.0,2023-08-05 01:00:00
2023-08-05,02:00,0.0,29.4,67.3,5.24,44.5,0.0,2023-08-05 02:00:00
2023-08-05,03:00,0.0,33.0,64.5,3.15,53.3,0.0,2023-08-05 03:00:00
2023-08-05,04:00,0.0,32.4,59.5,4.07,36.3,0.0,2023-08-05 04:00:00
2023-08-05,05:00,0.0,32.3,65.1,3.66,76.0,0.0,2023-08-05 05:00:00
2023-08-05,06:00,123.0,31.2,69.8,3.9,40.5,4.78,2023-08-05 06:00:00
2023-08-05,07:00,315.85,34.3,60.8,3.64,49.4,12.99,2023-08-05 07:00:00
2023-08-05,08:00,465.91,38.9,57.0,5.77,58.4,17.98,2023-08-05 08:00:00
2023-08-05,09:00,702.72,40.6,57.7,4.58,41.2,25.68,2023-08-05 09:00:00
2023-08-05,10:00,881.27,40.2,42.6,3.27,22.4,31.95,2023-08-05 10:00:00
2023-08-05,11:00,880.91,43.3,48.6,4.6,43.6,30.84,2023-08-05 11:00:00
2023-08-05,12:00,714.0,44.5,46.5,7.46,65.5,25.2,2023-08-05 12:00:00
2023-08-05,13:00,876.93,43.7,47.0,1.6,45.0,31.05,2023-08-05 13:00:00
2023-08-05,14:00,845.25,42.3,46.7,3.16,37.4,30.07,2023-08-05 14:00:00
2023-08-05,15:00,554.46,44.2,52.9,5.93,64.0,20.34,2023-08-05 15:00:00
2023-08-05,16:00,504.76,43.7,50.6,4.9,45.1,18.52,2023-08-05 16:00:00
2023-08-05,17:00,332.94,43.1,43.6,6.78,42.4,12.98,2023-08-05 17:00:00
2023-08-05,18:00,120.33,42.2,55.4,1.27,52.3,5.06,2023-08-05 18:00:00
2023-08-05,19:00,0.0,36.7,66.3,5.86,61.6,0.0,2023-08-05 19:00:00
2023-08-05,20:00,0.0,36.7,65.4,5.26,85.8,0.0,2023-08-05 20:00:00
2023-08-05,21:00,0.0,32.7,66.5,5.44,62.5,0.0,2023-08-05 21:00:00
2023-08-05,22:00,0.0,36.0,60.9,4.12,67.5,0.0,2023-08-05 22:00:00
2023-08-05,23:00,0.0,33.0,59.9,1.38,42.5,0.0,2023-08-05 23:00:00
2023-08-06,00:00,0.0,33.2,54.2,3.84,35.1,0.0,2023-08-06 00:00:00
2023-08-06,01:00,0.0,29.1,72.3,3.25,51.4,0.0,2023-08-06 01:00:00
2023-08-06,02:00,0.0,34.1,53.7,3.79,52.1,0.0,2023-08-06 02:00:00
2023-08-06,03:00,0.0,29.6,61.4,4.91,34.3,0.0,2023-08-06 03:00:00
2023-08-06,04:00,0.0,33.8,61.1,4.12,47.8,0.0,2023-08-06 04:00:00
2023-08-06,05:00,0.0,33.5,69.1,2.74,56.4,0.0,2023-08-06 05:00:00
2023-08-06,06:00,113.24,34.2,60.5,4.14,55.9,3.77,2023-08-06 06:00:00
2023-08-06,07:00,283.91,35.5,63.0,1.62,58.0,11.16,2023-08-06 07:00:00
2023-08-06,08:00,474.96,36.4,58.8,0.78,54.8,18.74,2023-08-06 08:00:00
2023-08-06,09:00,682.14,41.5,52.2,3.22,42.8,25.38,2023-08-06 09:00:00
2023-08-06,10:00,802.33,40.6,51.3,5.02,42.7,29.04,2023-08-06 10:00:00
2023-08-06,11:00,937.63,39.5,52.2,5.5,32.5,33.07,2023-08-06 11:00:00
2023-08-06,12:00,602.6,42.1,54.0,3.89,77.2,22.05,2023-08-06 12:00:00
2023-08-06,13:00,826.54,43.6,43.2,5.91,50.6,29.44,2023-08-06 13:00:00
2023-08-06,14:00,783.17,45.2,45.4,1.89,47.1,28.01,2023-08-06 14:00:00
2023-08-06,15:00,705.38,42.3,43.7,7.43,36.5,25.99,2023-08-06 15:00:00
2023-08-06,16:00,201.1,41.8,61.0,6.57,94.5,8.29,2023-08-06 16:00:00
2023-08-06,17:00,338.7,41.9,47.0,4.13,34.3,13.26,2023-08-06 17:00:00
2023-08-06,18:00,123.96,42.1,52.8,1.43,44.0,5.25,2023-08-06 18:00:00
2023-08-06,19:00,0.0,36.7,62.3,3.46,56.7,0.0,2023-08-06 19:00:00
2023-08-06,20:00,0.0,38.5,54.4,2.19,59.4,0.0,2023-08-06 20:00:00
2023-08-06,21:00,0.0,35.2,58.8,4.28,64.8,0.0,2023-08-06 21:00:00
2023-08-06,22:00,0.0,34.0,75.2,2.24,77.6,0.0,2023-08-06 22:00:00
2023-08-06,23:00,0.0,36.9,52.8,3.58,58.0,0.0,2023-08-06 23:00:00
2023-08-07,00:00,0.0,32.0,58.9,2.32,35.0,0.0,2023-08-07 00:00:00
2023-08-07,01:00,0.0,33.1,64.7,2.2,47.0,0.0,2023-08-07 01:00:00
2023-08-07,02:00,0.0,32.8,71.2,2.53,55.4,0.0,2023-08-07 02:00:00
2023-08-07,03:00,0.0,29.6,75.3,1.15,81.8,0.0,2023-08-07 03:00:00
2023-08-07,04:00,0.0,29.0,64.1,4.76,29.8,0.0,2023-08-07 04:00:00
2023-08-07,05:00,0.0,34.8,61.5,2.8,68.8,0.0,2023-08-07 05:00:00
2023-08-07,06:00,113.38,32.6,65.0,4.66,53.5,4.19,2023-08-07 06:00:00
2023-08-07,07:00,267.92,33.0,61.7,4.41,63.4,11.12,2023-08-07 07:00:00
2023-08-07,08:00,489.04,39.4,50.2,1.49,49.3,18.16,2023-08-07 08:00:00
2023-08-07,09:00,696.49,37.2,56.8,2.82,38.2,25.97,2023-08-07 09:00:00
2023-08-07,10:00,687.94,39.1,55.1,3.98,62.1,24.96,2023-08-07 10:00:00
2023-08-07,11:00,755.33,45.3,50.9,6.52,60.6,27.12,2023-08-07 11:00:00
2023-08-07,12:00,745.04,39.7,56.2,3.22,65.4,27.04,2023-08-07 12:00:00
2023-08-07,13:00,826.46,41.1,45.5,3.69,50.6,29.77,2023-08-07 13:00:00
2023-08-07,14:00,808.01,42.7,51.1,4.98,41.8,28.64,2023-08-07 14:00:00
2023-08-07,15:00,723.26,42.9,37.2,5.35,27.4,26.38,2023-08-07 15:00:00
2023-08-07,16:00,417.75,41.1,51.7,6.59,63.1,16.32,2023-08-07 16:00:00
2023-08-07,17:00,302.84,39.7,53.9,3.65,57.2,11.83,2023-08-07 17:00:00
2023-08-07,18:00,122.67,43.2,48.3,2.26,36.3,4.62,2023-08-07 18:00:00
2023-08-07,19:00,0.0,39.5,49.3,5.07,42.7,0.0,2023-08-07 19:00:00
2023-08-07,20:00,0.0,38.6,49.3,1.89,43.8,0.0,2023-08-07 20:00:00
2023-08-07,21:00,0.0,35.7,54.2,3.3,28.6,0.0,2023-08-07 21:00:00
2023-08-07,22:00,0.0,35.0,56.3,4.28,38.5,0.0,2023-08-07 22:00:00
2023-08-07,23:00,0.0,35.0,54.1,4.62,33.8,0.0,2023-08-07 23:00:00
2023-08-08,00:00,0.0,30.5,66.4,4.87,45.0,0.0,2023-08-08 00:00:00
2023-08-08,01:00,0.0,32.1,57.1,2.26,40.1,0.0,2023-08-08 01:00:00
2023-08-08,02:00,0.0,32.7,50.8,8.1,26.8,0.0,2023-08-08 02:00:00
2023-08-08,03:00,0.0,34.4,77.3,2.18,81.5,0.0,2023-08-08 03:00:00
2023-08-08,04:00,0.0,35.8,64.2,1.71,69.9,0.0,2023-08-08 04:00:00
2023-08-08,05:00,0.0,33.3,60.6,4.47,39.5,0.0,2023-08-08 05:00:00
2023-08-08,06:00,100.91,36.5,55.9,6.4,55.2,4.47,2023-08-08 06:00:00
2023-08-08,07:00,293.43,31.1,71.3,3.94,57.4,11.48,2023-08-08 07:00:00
2023-08-08,08:00,373.75,40.3,54.7,4.12,69.0,14.33,2023-08-08 08:00:00
2023-08-08,09:00,706.9,37.7,42.0,3.84,38.9,25.84,2023-08-08 09:00:00
2023-08-08,10:00,617.69,40.0,54.6,1.29,67.5,22.05,2023-08-08 10:00:00
2023-08-08,11:00,873.97,42.5,45.9,4.56,42.9,30.54,2023-08-08 11:00:00
2023-08-08,12:00,973.76,42.4,43.5,3.03,31.1,33.7,2023-08-08 12:00:00
2023-08-08,13:00,747.1,43.6,49.3,6.79,62.0,27.48,2023-08-08 13:00:00
2023-08-08,14:00,600.77,46.3,45.6,2.23,70.5,21.22,2023-08-08 14:00:00
2023-08-08,15:00,314.53,42.6,55.6,2.78,90.0,11.8,2023-08-08 15:00:00
2023-08-08,16:00,551.49,40.7,46.0,3.69,33.2,20.04,2023-08-08 16:00:00
2023-08-08,17:00,257.78,45.0,41.3,3.56,61.6,10.32,2023-08-08 17:00:00
2023-08-08,18:00,113.84,41.4,41.3,3.22,45.0,4.33,2023-08-08 18:00:00
2023-08-08,19:00,0.0,42.5,52.4,2.83,62.9,0.0,2023-08-08 19:00:00
2023-08-08,20:00,0.0,39.0,49.2,2.02,29.1,0.0,2023-08-08 20:00:00
2023-08-08,21:00,0.0,33.5,61.3,5.48,32.2,0.0,2023-08-08 21:00:00
2023-08-08,22:00,0.0,35.6,55.5,3.43,39.5,0.0,2023-08-08 22:00:00
2023-08-08,23:00,0.0,31.4,61.2,4.01,52.3,0.0,2023-08-08 23:00:00
2023-08-09,00:00,0.0,32.2,54.4,3.88,41.9,0.0,2023-08-09 00:00:00
2023-08-09,01:00,0.0,31.5,64.5,4.02,61.4,0.0,2023-08-09 01:00:00
2023-08-09,02:00,0.0,28.5,75.7,4.7,66.9,0.0,2023-08-09 02:00:00
2023-08-09,03:00,0.0,30.1,75.7,4.29,60.5,0.0,2023-08-09 03:00:00
2023-08-09,05:00,0.0,33.6,59.2,3.91,57.7,0.0,2023-08-09 05:00:00
2023-08-09,06:00,121.75,34.1,53.6,2.51,33.2,5.43,2023-08-09 06:00:00
2023-08-09,07:00,231.4,39.1,55.9,4.08,72.0,8.7,2023-08-09 07:00:00
2023-08-09,08:00,507.29,36.7,53.9,3.36,42.4,19.2,2023-08-09 08:00:00
2023-08-09,09:00,533.25,38.8,62.6,1.26,65.2,21.18,2023-08-09 09:00:00
2023-08-09,10:00,546.42,42.2,60.3,4.87,75.1,20.47,2023-08-09 10:00:00
2023-08-09,11:00,760.38,40.9,52.5,2.65,58.4,27.37,2023-08-09 11:00:00
2023-08-09,12:00,968.55,41.2,46.2,6.54,29.1,33.9,2023-08-09 12:00:00
2023-08-09,13:00,900.41,39.1,47.6,2.68,37.7,32.26,2023-08-09 13:00:00
2023-08-09,14:00,582.24,41.7,48.4,9.56,71.3,22.07,2023-08-09 14:00:00
2023-08-09,15:00,652.73,41.5,57.1,3.5,49.0,23.07,2023-08-09 15:00:00
2023-08-09,16:00,485.34,42.9,39.5,1.12,52.7,17.16,2023-08-09 16:00:00
2023-08-09,17:00,259.92,40.5,47.6,1.57,62.9,9.7,2023-08-09 17:00:00
2023-08-09,18:00,115.5,44.3,56.2,1.61,61.9,4.45,2023-08-09 18:00:00
2023-08-09,19:00,0.0,37.0,58.5,1.41,55.7,0.0,2023-08-09 19:00:00
2023-08-09,20:00,0.0,39.9,47.7,2.62,48.4,0.0,2023-08-09 20:00:00
2023-08-09,21:00,0.0,36.2,60.1,2.88,46.8,0.0,2023-08-09 21:00:00
2023-08-09,22:00,0.0,35.8,65.5,1.81,64.4,0.0,2023-08-09 22:00:00
2023-08-09,23:00,0.0,34.5,57.9,3.39,59.8,0.0,2023-08-09 23:00:00
2023-08-10,00:00,0.0,28.1,67.7,3.06,48.0,0.0,2023-08-10 00:00:00
2023-08-10,01:00,0.0,31.5,73.3,4.32,68.1,0.0,2023-08-10 01:00:00
2023-08-10,02:00,0.0,30.9,62.9,2.27,49.9,0.0,2023-08-10 02:00:00
2023-08-10,03:00,0.0,29.5,66.6,6.45,39.0,0.0,2023-08-10 03:00:00
2023-08-10,04:00,0.0,33.0,66.3,3.74,40.4,0.0,2023-08-10 04:00:00
2023-08-10,05:00,0.0,36.2,45.4,4.26,37.1,0.0,2023-08-10 05:00:00
2023-08-10,06:00,110.46,29.5,66.3,1.26,47.7,4.04,2023-08-10 06:00:00
2023-08-10,07:00,235.14,34.8,66.4,3.94,70.3,8.76,2023-08-10 07:00:00
2023-08-10,08:00,513.07,35.1,50.1,3.07,39.7,19.66,2023-08-10 08:00:00
2023-08-10,09:00,613.47,39.0,53.0,6.6,54.7,22.92,2023-08-10 09:00:00
2023-08-10,10:00,822.4,39.7,55.1,6.1,42.0,29.82,2023-08-10 10:00:00
2023-08-10,11:00,842.28,40.5,48.4,4.33,47.9,29.73,2023-08-10 11:00:00
2023-08-10,12:00,969.98,43.8,35.7,5.09,29.2,33.96,2023-08-10 12:00:00
2023-08-10,13:00,846.72,46.1,47.5,4.36,48.5,30.21,2023-08-10 13:00:00
2023-08-10,14:00,759.57,48.1,41.9,1.0,48.9,26.41,2023-08-10 14:00:00
2023-08-10,15:00,582.63,41.8,52.0,4.69,59.9,21.74,2023-08-10 15:00:00
2023-08-10,16:00,454.75,39.2,54.6,2.18,55.2,16.47,2023-08-10 16:00:00
2023-08-10,17:00,351.59,42.6,48.7,4.57,33.8,13.26,2023-08-10 17:00:00
2023-08-10,18:00,91.31,43.2,53.4,0.89,68.1,3.31,2023-08-10 18:00:00
2023-08-10,19:00,0.0,40.3,55.9,2.82,55.0,0.0,2023-08-10 19:00:00
2023-08-10,20:00,0.0,40.2,50.6,3.74,54.8,0.0,2023-08-10 20:00:00
2023-08-10,21:00,0.0,35.4,52.2,2.92,51.7,0.0,2023-08-10 21:00:00
2023-08-10,22:00,0.0,33.2,63.7,4.64,44.1,0.0,2023-08-10 22:00:00
2023-08-11,00:00,0.0,31.5,66.7,7.31,59.3,0.0,2023-08-11 00:00:00
2023-08-11,01:00,0.0,32.7,61.0,3.03,25.9,0.0,2023-08-11 01:00:00
2023-08-11,02:00,0.0,33.0,60.2,4.8,44.1,0.0,2023-08-11 02:00:00
2023-08-11,03:00,0.0,33.4,61.6,5.61,48.3,0.0,2023-08-11 03:00:00
2023-08-11,04:00,0.0,33.0,71.5,2.56,56.0,0.0,2023-08-11 04:00:00
2023-08-11,05:00,0.0,33.5,66.1,5.0,70.0,0.0,2023-08-11 05:00:00
2023-08-11,06:00,114.06,35.7,55.2,3.19,40.6,4.74,2023-08-11 06:00:00
2023-08-11,07:00,308.92,32.2,55.4,1.91,44.7,12.8,2023-08-11 07:00:00
2023-08-11,08:00,508.65,37.6,57.5,0.73,44.4,18.94,2023-08-11 08:00:00
2023-08-11,09:00,691.95,38.9,48.8,4.93,40.1,24.79,2023-08-11 09:00:00
2023-08-11,10:00,774.5,40.6,51.4,2.23,46.9,27.66,2023-08-11 10:00:00
2023-08-11,11:00,718.6,41.3,52.7,1.37,63.7,26.39,2023-08-11 11:00:00
2023-08-11,12:00,923.31,43.2,42.5,3.65,36.3,31.84,2023-08-11 12:00:00
2023-08-11,13:00,760.08,42.0,51.2,2.98,58.6,27.15,2023-08-11 13:00:00
2023-08-11,14:00,874.61,45.3,38.5,4.62,26.6,30.19,2023-08-11 14:00:00
2023-08-11,15:00,665.27,43.9,49.8,1.78,43.7,23.92,2023-08-11 15:00:00
2023-08-11,16:00,487.04,42.7,53.8,1.93,47.2,17.73,2023-08-11 16:00:00
2023-08-11,17:00,225.03,40.2,61.6,3.23,77.3,8.24,2023-08-11 17:00:00
2023-08-11,18:00,123.49,41.7,54.5,3.76,48.0,4.71,2023-08-11 18:00:00
2023-08-11,19:00,0.0,39.2,49.4,5.51,19.1,0.0,2023-08-11 19:00:00
2023-08-11,20:00,0.0,35.9,53.7,4.07,22.2,0.0,2023-08-11 20:00:00
2023-08-11,21:00,0.0,35.6,65.6,6.3,52.6,0.0,2023-08-11 21:00:00
2023-08-11,22:00,0.0,35.4,57.0,2.38,61.3,0.0,2023-08-11 22:00:00
2023-08-11,23:00,0.0,34.0,60.7,4.12,57.8,0.0,2023-08-11 23:00:00
2023-08-12,00:00,0.0,32.9,61.1,4.42,54.9,0.0,2023-08-12 00:00:00
2023-08-12,01:00,0.0,31.6,68.9,4.82,69.9,0.0,2023-08-12 01:00:00
2023-08-12,02:00,0.0,33.0,64.3,8.54,44.3,0.0,2023-08-12 02:00:00
2023-08-12,03:00,0.0,33.6,61.6,3.52,65.9,0.0,2023-08-12 03:00:00
2023-08-12,04:00,0.0,33.3,59.0,3.08,28.0,0.0,2023-08-12 04:00:00
2023-08-12,05:00,0.0,31.9,59.5,5.75,38.9,0.0,2023-08-12 05:00:00
2023-08-12,06:00,114.57,32.3,56.5,2.18,25.3,4.86,2023-08-12 06:00:00
2023-08-12,07:00,296.45,34.7,60.8,1.24,48.3,11.29,2023-08-12 07:00:00
2023-08-12,08:00,451.34,40.7,58.6,3.41,51.7,17.83,2023-08-12 08:00:00
2023-08-12,09:00,609.39,39.2,51.9,2.52,54.1,22.64,2023-08-12 09:00:00
2023-08-12,10:00,739.26,44.0,47.0,3.2,53.4,25.36,2023-08-12 10:00:00
2023-08-12,11:00,895.42,41.2,43.5,8.36,38.5,32.14,2023-08-12 11:00:00
2023-08-12,12:00,875.43,41.9,46.7,2.99,49.6,29.9,2023-08-12 12:00:00
2023-08-12,13:00,936.94,42.8,38.9,4.72,30.0,33.18,2023-08-12 13:00:00
2023-08-12,14:00,565.83,43.0,54.7,2.54,72.9,20.86,2023-08-12 14:00:00
2023-08-12,15:00,635.85,41.6,51.3,2.78,47.9,23.28,2023-08-12 15:00:00
2023-08-12,16:00,501.41,40.3,53.6,2.51,45.1,18.84,2023-08-12 16:00:00
2023-08-12,17:00,193.94,42.3,52.6,4.0,76.3,7.78,2023-08-12 17:00:00
2023-08-12,18:00,122.36,42.1,47.3,2.42,33.8,4.6,2023-08-12 18:00:00
2023-08-12,19:00,0.0,43.1,44.7,4.78,35.5,0.0,2023-08-12 19:00:00
2023-08-12,20:00,0.0,36.4,54.2,4.56,36.0,0.0,2023-08-12 20:00:00
2023-08-12,21:00,0.0,35.0,55.4,3.31,51.4,0.0,2023-08-12 21:00:00
2023-08-12,22:00,0.0,32.8,66.1,1.11,58.9,0.0,2023-08-12 22:00:00
2023-08-12,23:00,0.0,35.0,64.1,1.08,63.5,0.0,2023-08-12 23:00:00
2023-08-13,00:00,0.0,33.4,73.1,3.81,91.3,0.0,2023-08-13 00:00:00
2023-08-13,01:00,0.0,29.7,61.8,5.64,19.0,0.0,2023-08-13 01:00:00
2023-08-13,02:00,0.0,29.5,74.0,4.13,61.8,0.0,2023-08-13 02:00:00
2023-08-13,03:00,0.0,33.0,57.2,3.37,44.4,0.0,2023-08-13 03:00:00
2023-08-13,04:00,0.0,32.6,61.2,6.06,43.9,0.0,2023-08-13 04:00:00
2023-08-13,05:00,0.0,34.2,61.6,2.28,43.4,0.0,2023-08-13 05:00:00
2023-08-13,06:00,117.28,32.5,59.9,3.04,39.1,4.02,2023-08-13 06:00:00
2023-08-13,07:00,200.71,32.2,75.0,3.97,78.0,8.34,2023-08-13 07:00:00
2023-08-13,08:00,393.02,35.5,63.4,2.73,65.3,15.11,2023-08-13 08:00:00
2023-08-13,09:00,601.3,39.9,45.6,9.87,53.1,21.85,2023-08-13 09:00:00
2023-08-13,10:00,553.67,43.9,55.8,3.45,73.0,20.31,2023-08-13 10:00:00
2023-08-13,11:00,956.61,40.6,46.1,1.38,30.0,33.41,2023-08-13 11:00:00
2023-08-13,12:00,960.77,46.4,31.5,2.17,32.8,32.58,2023-08-13 12:00:00
2023-08-13,13:00,969.97,44.4,37.4,3.81,20.0,33.43,2023-08-13 13:00:00
2023-08-13,14:00,797.62,40.6,44.6,3.9,42.2,28.1,2023-08-13 14:00:00
2023-08-13,15:00,602.35,43.3,51.8,8.24,55.1,22.63,2023-08-13 15:00:00
2023-08-13,16:00,469.39,43.9,47.6,4.14,54.3,17.65,2023-08-13 16:00:00
2023-08-13,17:00,279.91,37.0,54.5,4.48,55.0,11.54,2023-08-13 17:00:00
2023-08-13,18:00,120.16,41.3,49.2,2.36,31.5,4.5,2023-08-13 18:00:00
2023-08-13,19:00,0.0,40.8,56.8,1.78,64.8,0.0,2023-08-13 19:00:00
2023-08-13,20:00,0.0,37.8,56.4,4.15,56.3,0.0,2023-08-13 20:00:00
2023-08-13,21:00,0.0,35.4,57.8,5.88,63.7,0.0,2023-08-13 21:00:00
2023-08-13,22:00,0.0,33.8,52.0,4.08,24.3,0.0,2023-08-13 22:00:00
2023-08-13,23:00,0.0,32.5,62.2,3.41,57.4,0.0,2023-08-13 23:00:00
2023-08-14,00:00,0.0,29.7,67.2,4.03,35.2,0.0,2023-08-14 00:00:00
2023-08-14,01:00,0.0,30.0,60.0,3.52,47.0,0.0,2023-08-14 01:00:00
2023-08-14,02:00,0.0,30.3,69.6,1.99,61.0,0.0,2023-08-14 02:00:00
2023-08-14,03:00,0.0,31.4,65.5,4.92,54.3,0.0,2023-08-14 03:00:00
2023-08-14,04:00,0.0,30.8,68.0,3.82,40.2,0.0,2023-08-14 04:00:00
2023-08-14,05:00,0.0,31.2,67.4,3.21,53.1,0.0,2023-08-14 05:00:00
2023-08-14,06:00,117.28,35.4,56.5,3.94,30.0,4.79,2023-08-14 06:00:00
2023-08-14,07:00,235.39,36.1,61.3,2.5,70.2,10.0,2023-08-14 07:00:00
2023-08-14,08:00,473.53,36.1,53.4,3.34,49.9,17.82,2023-08-14 08:00:00
2023-08-14,09:00,515.91,39.5,56.9,4.25,69.8,19.33,2023-08-14 09:00:00
2023-08-14,10:00,771.64,39.2,55.6,2.42,45.1,28.04,2023-08-14 10:00:00
2023-08-14,11:00,871.54,41.4,52.3,4.97,45.1,31.59,2023-08-14 11:00:00
2023-08-14,12:00,918.49,44.0,42.7,3.76,41.5,32.59,2023-08-14 12:00:00
2023-08-14,13:00,705.41,41.7,50.5,5.84,66.1,25.55,2023-08-14 13:00:00
2023-08-14,14:00,784.37,40.9,45.0,5.71,42.3,28.07,2023-08-14 14:00:00
2023-08-14,15:00,546.34,42.6,51.2,3.64,62.6,20.22,2023-08-14 15:00:00
2023-08-14,16:00,499.57,39.8,52.7,2.27,47.2,19.29,2023-08-14 16:00:00
2023-08-14,17:00,327.08,40.8,50.5,4.89,23.3,12.67,2023-08-14 17:00:00
2023-08-14,18:00,92.18,39.5,52.3,3.3,44.4,3.79,2023-08-14 18:00:00
2023-08-14,19:00,0.0,34.1,60.1,4.11,35.3,0.0,2023-08-14 19:00:00
2023-08-14,20:00,0.0,38.0,53.3,1.78,53.5,0.0,2023-08-14 20:00:00
2023-08-14,21:00,0.0,35.1,56.3,4.3,35.1,0.0,2023-08-14 21:00:00
2023-08-14,22:00,0.0,36.2,63.0,3.1,66.9,0.0,2023-08-14 22:00:00
2023-08-14,23:00,0.0,33.2,62.5,2.92,51.6,0.0,2023-08-14 23:00:00
2023-08-15,00:00,0.0,33.1,62.9,8.01,50.6,0.0,2023-08-15 00:00:00
2023-08-15,01:00,0.0,33.3,66.3,3.36,63.1,0.0,2023-08-15 01:00:00
2023-08-15,02:00,0.0,30.7,72.8,4.55,67.7,0.0,2023-08-15 02:00:00
2023-08-15,03:00,0.0,31.2,71.1,4.28,52.9,0.0,2023-08-15 03:00:00
2023-08-15,04:00,0.0,28.9,58.0,1.76,41.7,0.0,2023-08-15 04:00:00
2023-08-15,05:00,0.0,34.9,58.8,4.96,26.6,0.0,2023-08-15 05:00:00
2023-08-15,06:00,115.09,33.7,53.3,2.87,42.9,4.9,2023-08-15 06:00:00
2023-08-15,07:00,308.86,33.6,61.8,5.31,44.0,12.61,2023-08-15 07:00:00
2023-08-15,08:00,451.54,38.3,65.7,4.18,54.8,17.67,2023-08-15 08:00:00
2023-08-15,09:00,650.27,34.6,59.9,2.85,48.1,24.41,2023-08-15 09:00:00
2023-08-15,10:00,639.97,39.2,57.8,3.02,63.5,24.1,2023-08-15 10:00:00
2023-08-15,11:00,863.51,42.8,45.6,4.86,44.0,30.38,2023-08-15 11:00:00
2023-08-15,12:00,834.95,41.4,53.7,3.9,52.4,30.11,2023-08-15 12:00:00
2023-08-15,13:00,635.22,41.5,56.9,4.49,71.0,23.39,2023-08-15 13:00:00
2023-08-15,14:00,692.25,42.2,48.6,2.08,58.4,24.36,2023-08-15 14:00:00
2023-08-15,15:00,616.55,39.1,54.0,5.23,52.3,22.77,2023-08-15 15:00:00
2023-08-15,16:00,485.8,43.4,41.5,2.86,44.2,18.42,2023-08-15 16:00:00
2023-08-15,17:00,309.33,41.0,49.0,4.24,43.7,11.85,2023-08-15 17:00:00
2023-08-15,18:00,94.78,39.5,49.2,1.83,40.5,4.27,2023-08-15 18:00:00
2023-08-15,19:00,0.0,38.0,54.8,2.87,45.1,0.0,2023-08-15 19:00:00
2023-08-15,20:00,0.0,37.0,57.8,4.39,64.6,0.0,2023-08-15 20:00:00
2023-08-15,21:00,0.0,36.6,56.7,2.65,49.9,0.0,2023-08-15 21:00:00
2023-08-15,22:00,0.0,33.9,57.4,6.04,33.0,0.0,2023-08-15 22:00:00
2023-08-15,23:00,0.0,30.3,74.8,4.45,79.8,0.0,2023-08-15 23:00:00
2023-08-16,00:00,0.0,32.7,66.6,5.93,58.3,0.0,2023-08-16 00:00:00
2023-08-16,01:00,0.0,32.0,59.4,3.2,32.4,0.0,2023-08-16 01:00:00
2023-08-16,02:00,0.0,31.2,61.8,1.21,46.8,0.0,2023-08-16 02:00:00
2023-08-16,03:00,0.0,33.0,64.6,4.02,55.1,0.0,2023-08-16 03:00:00
2023-08-16,04:00,0.0,31.7,71.5,2.95,79.0,0.0,2023-08-16 04:00:00
2023-08-16,05:00,0.0,34.6,61.4,3.43,36.8,0.0,2023-08-16 05:00:00
2023-08-16,06:00,83.47,36.4,67.0,4.56,68.1,2.37,2023-08-16 06:00:00
2023-08-16,07:00,208.48,36.4,58.5,4.67,74.5,8.28,2023-08-16 07:00:00
2023-08-16,08:00,495.99,35.5,60.2,1.14,44.0,18.9,2023-08-16 08:00:00
2023-08-16,09:00,630.31,38.2,58.3,5.1,49.3,23.62,2023-08-16 09:00:00
2023-08-16,10:00,822.12,42.1,40.9,3.63,37.9,29.09,2023-08-16 10:00:00
2023-08-16,11:00,833.26,38.4,57.3,3.93,50.4,30.61,2023-08-16 11:00:00
2023-08-16,12:00,834.8,41.4,54.7,2.76,52.9,29.65,2023-08-16 12:00:00
2023-08-16,13:00,722.12,42.0,49.0,3.31,63.4,26.19,2023-08-16 13:00:00
2023-08-16,14:00,598.22,41.3,54.6,4.73,69.8,22.55,2023-08-16 14:00:00
2023-08-16,15:00,671.92,44.2,45.0,5.15,42.2,24.36,2023-08-16 15:00:00
2023-08-16,16:00,538.12,42.7,44.2,3.16,24.0,19.44,2023-08-16 16:00:00
2023-08-16,17:00,296.69,39.8,49.6,4.62,53.1,11.4,2023-08-16 17:00:00
2023-08-16,18:00,103.31,41.0,57.6,2.58,57.9,4.05,2023-08-16 18:00:00
2023-08-16,19:00,0.0,38.1,49.0,5.58,57.2,0.0,2023-08-16 19:00:00
2023-08-16,20:00,0.0,35.3,64.5,4.19,48.6,0.0,2023-08-16 20:00:00
2023-08-16,21:00,0.0,34.0,65.0,5.14,55.3,0.0,2023-08-16 21:00:00
2023-08-16,22:00,0.0,34.6,64.7,3.56,76.2,0.0,2023-08-16 22:00:00
2023-08-16,23:00,0.0,34.3,66.8,2.44,59.2,0.0,2023-08-16 23:00:00
2023-08-17,00:00,0.0,30.7,61.8,3.35,48.1,0.0,2023-08-17 00:00:00
2023-08-17,01:00,0.0,32.0,64.0,3.13,46.2,0.0,2023-08-17 01:00:00
2023-08-17,02:00,0.0,33.6,63.3,2.92,51.1,0.0,2023-08-17 02:00:00
2023-08-17,03:00,0.0,28.7,77.5,2.36,78.2,0.0,2023-08-17 03:00:00
2023-08-17,04:00,0.0,32.2,61.1,5.03,50.9,0.0,2023-08-17 04:00:00
2023-08-17,05:00,0.0,34.0,60.4,1.64,53.4,0.0,2023-08-17 05:00:00
2023-08-17,06:00,104.33,33.6,61.7,6.12,46.5,4.41,2023-08-17 06:00:00
2023-08-17,07:00,227.23,37.4,58.5,2.17,70.2,9.73,2023-08-17 07:00:00
2023-08-17,08:00,278.59,40.7,60.8,8.01,83.1,11.52,2023-08-17 08:00:00
2023-08-17,09:00,562.99,38.9,54.3,8.53,60.4,21.63,2023-08-17 09:00:00
2023-08-17,10:00,700.46,39.4,58.6,3.21,54.9,25.47,2023-08-17 10:00:00
2023-08-17,11:00,790.48,42.8,55.6,8.48,54.2,27.86,2023-08-17 11:00:00
2023-08-17,12:00,1002.98,43.5,38.0,5.92,17.9,34.34,2023-08-17 12:00:00
2023-08-17,13:00,702.0,38.0,62.9,1.61,64.9,25.97,2023-08-17 13:00:00
2023-08-17,14:00,721.0,42.8,48.9,7.02,55.7,26.0,2023-08-17 14:00:00
2023-08-17,15:00,564.58,41.9,48.4,1.29,60.1,21.25,2023-08-17 15:00:00
2023-08-17,16:00,501.22,42.7,45.0,2.2,43.0,18.06,2023-08-17 16:00:00
2023-08-17,17:00,300.57,40.7,51.3,4.06,47.9,11.61,2023-08-17 17:00:00
2023-08-17,18:00,114.32,39.6,45.3,1.6,47.5,4.25,2023-08-17 18:00:00
2023-08-17,19:00,0.0,36.8,64.6,2.1,69.0,0.0,2023-08-17 19:00:00
2023-08-17,20:00,0.0,38.1,55.2,7.16,48.0,0.0,2023-08-17 20:00:00
2023-08-17,21:00,0.0,38.2,67.9,9.2,84.9,0.0,2023-08-17 21:00:00
2023-08-17,22:00,0.0,32.2,69.2,5.31,60.1,0.0,2023-08-17 22:00:00
2023-08-17,23:00,0.0,30.0,64.1,3.73,34.6,0.0,2023-08-17 23:00:00
2023-08-18,00:00,0.0,31.5,64.3,6.27,52.0,0.0,2023-08-18 00:00:00
2023-08-18,01:00,0.0,30.8,70.9,1.81,44.1,0.0,2023-08-18 01:00:00
2023-08-18,02:00,0.0,32.8,64.7,6.93,21.0,0.0,2023-08-18 02:00:00
2023-08-18,03:00,0.0,28.7,75.1,3.0,77.9,0.0,2023-08-18 03:00:00
2023-08-18,04:00,0.0,30.5,74.5,5.84,64.4,0.0,2023-08-18 04:00:00
2023-08-18,05:00,0.0,28.6,69.7,4.49,61.9,0.0,2023-08-18 05:00:00
2023-08-18,06:00,89.58,36.2,57.4,7.32,56.4,3.88,2023-08-18 06:00:00
2023-08-18,07:00,327.67,35.6,53.3,5.87,33.2,12.7,2023-08-18 07:00:00
2023-08-18,08:00,485.24,35.8,60.7,6.12,46.6,18.29,2023-08-18 08:00:00
2023-08-18,09:00,516.47,35.9,58.5,4.3,66.5,19.53,2023-08-18 09:00:00
2023-08-18,10:00,816.35,37.5,59.5,5.59,38.1,29.39,2023-08-18 10:00:00
2023-08-18,11:00,976.36,41.7,45.2,5.02,15.9,33.89,2023-08-18 11:00:00
2023-08-18,12:00,847.32,39.9,55.4,2.1,50.5,30.56,2023-08-18 12:00:00
2023-08-18,13:00,802.65,42.7,47.7,4.39,51.8,27.95,2023-08-18 13:00:00
2023-08-18,14:00,704.35,46.4,47.7,2.02,55.9,24.83,2023-08-18 14:00:00
2023-08-18,15:00,539.75,41.9,41.7,5.92,64.8,20.57,2023-08-18 15:00:00
2023-08-18,16:00,395.37,40.1,57.5,1.49,63.5,15.53,2023-08-18 16:00:00
2023-08-18,17:00,249.39,41.6,52.7,8.42,57.8,9.51,2023-08-18 17:00:00
2023-08-18,18:00,81.66,37.5,54.2,3.22,71.8,4.19,2023-08-18 18:00:00
2023-08-18,19:00,0.0,41.3,47.5,2.14,31.1,0.0,2023-08-18 19:00:00
2023-08-18,20:00,0.0,39.2,58.9,6.79,61.5,0.0,2023-08-18 20:00:00
2023-08-18,21:00,0.0,34.8,56.2,1.32,63.3,0.0,2023-08-18 21:00:00
2023-08-18,22:00,0.0,32.1,55.9,3.53,35.3,0.0,2023-08-18 22:00:00
2023-08-18,23:00,0.0,31.7,68.5,5.11,31.3,0.0,2023-08-18 23:00:00
2023-08-19,00:00,0.0,30.9,63.6,2.85,42.9,0.0,2023-08-19 00:00:00
2023-08-19,01:00,0.0,31.5,67.7,3.8,44.2,0.0,2023-08-19 01:00:00
2023-08-19,02:00,0.0,32.5,72.1,4.67,65.4,0.0,2023-08-19 02:00:00
2023-08-19,03:00,0.0,28.9,69.4,7.12,44.9,0.0,2023-08-19 03:00:00
2023-08-19,04:00,0.0,33.2,64.6,1.75,41.2,0.0,2023-08-19 04:00:00
2023-08-19,05:00,0.0,33.5,52.5,2.07,44.9,0.0,2023-08-19 05:00:00
2023-08-19,06:00,73.64,32.7,67.7,3.7,70.9,3.08,2023-08-19 06:00:00
2023-08-19,07:00,276.07,33.1,51.6,3.3,54.3,11.15,2023-08-19 07:00:00
2023-08-19,08:00,460.45,36.8,50.7,3.26,51.4,18.16,2023-08-19 08:00:00
2023-08-19,09:00,621.4,36.2,56.6,2.76,52.4,23.95,2023-08-19 09:00:00
2023-08-19,10:00,540.46,41.4,53.6,3.95,73.5,19.58,2023-08-19 10:00:00
2023-08-19,11:00,862.0,38.8,52.7,6.07,42.8,31.26,2023-08-19 11:00:00
2023-08-19,12:00,615.81,42.8,54.2,2.09,73.8,22.74,2023-08-19 12:00:00
2023-08-19,13:00,762.98,42.2,51.5,2.37,57.2,27.15,2023-08-19 13:00:00
2023-08-19,14:00,734.59,41.6,51.2,4.51,51.7,27.16,2023-08-19 14:00:00
2023-08-19,15:00,288.42,42.2,60.9,1.41,91.6,10.96,2023-08-19 15:00:00
2023-08-19,16:00,505.54,43.7,40.2,4.52,38.2,19.32,2023-08-19 16:00:00
2023-08-19,17:00,280.9,38.7,51.2,2.83,48.8,10.85,2023-08-19 17:00:00
2023-08-19,18:00,111.52,38.8,50.5,3.03,35.6,4.57,2023-08-19 18:00:00
2023-08-19,19:00,0.0,36.8,61.8,3.24,68.4,0.0,2023-08-19 19:00:00
2023-08-19,20:00,0.0,36.5,60.8,2.99,79.4,0.0,2023-08-19 20:00:00
2023-08-19,21:00,0.0,33.8,73.4,5.65,79.1,0.0,2023-08-19 21:00:00
2023-08-19,22:00,0.0,30.4,75.4,6.99,72.4,0.0,2023-08-19 22:00:00
2023-08-19,23:00,0.0,30.4,63.7,3.89,51.1,0.0,2023-08-19 23:00:00
2023-08-20,00:00,0.0,34.2,60.1,4.05,48.8,0.0,2023-08-20 00:00:00
2023-08-20,01:00,0.0,31.1,68.7,1.53,29.2,0.0,2023-08-20 01:00:00
2023-08-20,02:00,0.0,30.9,75.5,4.75,84.8,0.0,2023-08-20 02:00:00
2023-08-20,03:00,0.0,30.2,71.6,4.06,61.3,0.0,2023-08-20 03:00:00
2023-08-20,04:00,0.0,31.2,62.5,1.36,46.9,0.0,2023-08-20 04:00:00
2023-08-20,05:00,0.0,31.5,70.0,2.29,74.2,0.0,2023-08-20 05:00:00
2023-08-20,06:00,93.43,34.4,64.4,2.3,39.7,3.19,2023-08-20 06:00:00
2023-08-20,07:00,249.56,35.1,62.9,2.15,60.3,9.27,2023-08-20 07:00:00
2023-08-20,08:00,456.02,34.4,61.0,4.44,51.7,17.57,2023-08-20 08:00:00
2023-08-20,09:00,534.6,38.5,58.2,6.67,63.8,19.63,2023-08-20 09:00:00
2023-08-20,10:00,728.02,35.1,70.9,5.06,53.3,26.77,2023-08-20 10:00:00
2023-08-20,11:00,915.9,41.5,46.0,3.56,32.5,32.41,2023-08-20 11:00:00
2023-08-20,12:00,810.05,39.1,51.9,3.23,55.4,29.31,2023-08-20 12:00:00
2023-08-20,13:00,648.87,42.1,51.7,3.16,70.0,23.04,2023-08-20 13:00:00
2023-08-20,14:00,722.54,40.3,56.1,4.14,53.8,26.87,2023-08-20 14:00:00
2023-08-20,15:00,532.6,42.3,47.3,3.04,65.9,19.63,2023-08-20 15:00:00
2023-08-20,16:00,496.33,42.7,47.4,2.42,38.6,18.28,2023-08-20 16:00:00
2023-08-20,17:00,269.23,43.4,45.5,4.15,53.9,10.77,2023-08-20 17:00:00
2023-08-20,18:00,104.15,36.7,48.7,3.17,44.9,4.38,2023-08-20 18:00:00
2023-08-20,19:00,0.0,39.8,52.7,0.95,65.5,0.0,2023-08-20 19:00:00
2023-08-20,20:00,0.0,36.7,58.7,1.07,54.7,0.0,2023-08-20 20:00:00
2023-08-20,21:00,0.0,34.1,70.6,2.65,64.6,0.0,2023-08-20 21:00:00
2023-08-20,22:00,0.0,34.9,68.9,3.72,70.6,0.0,2023-08-20 22:00:00
2023-08-20,23:00,0.0,31.8,67.3,3.01,64.6,0.0,2023-08-20 23:00:00
2023-08-21,00:00,0.0,32.5,69.8,1.09,58.5,0.0,2023-08-21 00:00:00
2023-08-21,01:00,0.0,28.8,65.2,2.41,39.4,0.0,2023-08-21 01:00:00
2023-08-21,02:00,0.0,29.2,63.9,1.71,54.4,0.0,2023-08-21 02:00:00
2023-08-21,03:00,0.0,32.3,63.2,7.05,46.4,0.0,2023-08-21 03:00:00
2023-08-21,04:00,0.0,33.9,55.4,2.83,49.2,0.0,2023-08-21 04:00:00
2023-08-21,05:00,0.0,32.1,67.2,0.96,48.8,0.0,2023-08-21 05:00:00
2023-08-21,06:00,83.07,28.4,70.5,4.45,39.7,3.73,2023-08-21 06:00:00
2023-08-21,07:00,332.07,34.5,51.0,2.45,25.0,12.96,2023-08-21 07:00:00
2023-08-21,08:00,483.48,36.4,57.1,3.98,44.4,19.08,2023-08-21 08:00:00
2023-08-21,09:00,574.55,37.5,58.6,2.04,57.3,21.49,2023-08-21 09:00:00
2023-08-21,10:00,816.34,40.0,52.0,8.23,34.2,29.16,2023-08-21 10:00:00
2023-08-21,11:00,792.88,39.8,49.0,7.62,54.6,28.9,2023-08-21 11:00:00
2023-08-21,12:00,519.28,43.1,58.5,4.43,82.9,19.75,2023-08-21 12:00:00
2023-08-21,13:00,654.92,40.1,52.0,4.71,69.7,24.26,2023-08-21 13:00:00
2023-08-21,14:00,494.01,44.6,56.0,3.33,79.1,17.81,2023-08-21 14:00:00
2023-08-21,15:00,561.84,45.0,51.8,7.38,60.3,20.54,2023-08-21 15:00:00
2023-08-21,16:00,343.28,39.9,55.4,3.32,71.9,13.74,2023-08-21 16:00:00
2023-08-21,17:00,293.0,39.0,57.3,2.49,43.5,11.54,2023-08-21 17:00:00
2023-08-21,18:00,82.12,40.1,44.7,1.83,44.7,3.27,2023-08-21 18:00:00
2023-08-21,19:00,0.0,35.8,54.0,2.34,13.3,0.0,2023-08-21 19:00:00
2023-08-21,20:00,0.0,35.5,70.6,4.0,72.2,0.0,2023-08-21 20:00:00
2023-08-21,21:00,0.0,36.8,65.6,2.51,77.5,0.0,2023-08-21 21:00:00
2023-08-21,22:00,0.0,34.7,58.7,4.42,46.1,0.0,2023-08-21 22:00:00
2023-08-21,23:00,0.0,35.7,60.3,3.14,50.6,0.0,2023-08-21 23:00:00
2023-08-22,00:00,0.0,31.4,61.3,6.11,43.2,0.0,2023-08-22 00:00:00
2023-08-22,01:00,0.0,29.4,81.5,3.94,60.3,0.0,2023-08-22 01:00:00
2023-08-22,02:00,0.0,30.4,69.9,4.25,71.4,0.0,2023-08-22 02:00:00
2023-08-22,03:00,0.0,30.2,67.1,3.93,28.4,0.0,2023-08-22 03:00:00
2023-08-22,04:00,0.0,30.8,66.0,6.09,60.7,0.0,2023-08-22 04:00:00
2023-08-22,05:00,0.0,32.0,71.0,1.47,50.4,0.0,2023-08-22 05:00:00
2023-08-22,06:00,71.67,31.6,74.7,1.5,56.2,3.38,2023-08-22 06:00:00
2023-08-22,07:00,239.84,35.2,64.1,4.68,61.4,9.94,2023-08-22 07:00:00
2023-08-22,08:00,458.67,33.7,63.5,5.09,51.7,17.72,2023-08-22 08:00:00
2023-08-22,09:00,604.6,36.5,54.7,3.36,53.0,22.96,2023-08-22 09:00:00
2023-08-22,10:00,725.25,39.1,49.9,3.0,51.3,27.42,2023-08-22 10:00:00
2023-08-22,11:00,639.51,36.5,63.7,2.67,69.1,23.82,2023-08-22 11:00:00
2023-08-22,12:00,743.39,42.9,56.7,2.46,60.8,26.95,2023-08-22 12:00:00
2023-08-22,13:00,765.5,38.4,54.7,6.42,57.8,27.72,2023-08-22 13:00:00
2023-08-22,14:00,811.75,43.5,52.4,2.75,35.5,28.51,2023-08-22 14:00:00
2023-08-22,15:00,622.56,39.7,50.2,4.38,48.9,23.49,2023-08-22 15:00:00
2023-08-22,16:00,386.2,40.7,56.9,5.23,68.0,14.93,2023-08-22 16:00:00
2023-08-22,17:00,256.46,41.5,52.5,1.07,55.1,9.84,2023-08-22 17:00:00
2023-08-22,18:00,63.86,43.2,50.9,1.21,64.4,3.2,2023-08-22 18:00:00
2023-08-22,19:00,0.0,38.0,55.1,2.92,81.0,0.0,2023-08-22 19:00:00
2023-08-22,20:00,0.0,32.7,66.0,4.65,70.1,0.0,2023-08-22 20:00:00
2023-08-22,21:00,0.0,36.4,60.2,2.59,55.9,0.0,2023-08-22 21:00:00
2023-08-22,22:00,0.0,32.9,62.0,0.65,46.9,0.0,2023-08-22 22:00:00
2023-08-22,23:00,0.0,32.2,58.3,2.72,16.2,0.0,2023-08-22 23:00:00
2023-08-23,00:00,0.0,32.0,68.1,1.67,52.1,0.0,2023-08-23 00:00:00
2023-08-23,01:00,0.0,26.4,71.9,2.39,49.8,0.0,2023-08-23 01:00:00
2023-08-23,02:00,0.0,30.2,66.0,2.92,60.5,0.0,2023-08-23 02:00:00
2023-08-23,03:00,0.0,29.6,74.9,1.91,52.3,0.0,2023-08-23 03:00:00
2023-08-23,04:00,0.0,33.2,57.2,4.71,49.8,0.0,2023-08-23 04:00:00
2023-08-23,05:00,0.0,33.2,54.8,2.57,28.0,0.0,2023-08-23 05:00:00
2023-08-23,06:00,98.05,30.2,61.4,4.45,40.6,4.2,2023-08-23 06:00:00
2023-08-23,07:00,248.43,36.9,63.1,4.13,61.8,9.8,2023-08-23 07:00:00
2023-08-23,08:00,306.09,37.0,69.9,6.24,80.4,11.44,2023-08-23 08:00:00
2023-08-23,09:00,601.91,34.9,60.3,1.65,53.2,23.29,2023-08-23 09:00:00
2023-08-23,10:00,663.93,39.3,56.9,2.37,59.6,24.33,2023-08-23 10:00:00
2023-08-23,11:00,646.61,42.3,55.5,5.88,68.9,23.98,2023-08-23 11:00:00
2023-08-23,12:00,890.6,39.2,59.0,5.49,42.5,31.96,2023-08-23 12:00:00
2023-08-23,13:00,729.71,44.4,41.3,2.26,60.2,25.38,2023-08-23 13:00:00
2023-08-23,14:00,767.33,39.4,54.8,1.78,43.5,28.35,2023-08-23 14:00:00
2023-08-23,15:00,513.44,40.5,57.7,5.79,67.6,19.82,2023-08-23 15:00:00
2023-08-23,16:00,425.77,39.7,53.2,2.18,56.9,16.54,2023-08-23 16:00:00
2023-08-23,17:00,253.18,42.9,51.7,5.94,59.1,9.95,2023-08-23 17:00:00
2023-08-23,18:00,85.82,38.3,56.2,7.35,42.9,3.01,2023-08-23 18:00:00
2023-08-23,19:00,0.0,35.6,65.2,2.4,65.3,0.0,2023-08-23 19:00:00
2023-08-23,20:00,0.0,37.0,74.6,5.65,85.9,0.0,2023-08-23 20:00:00
2023-08-23,21:00,0.0,35.8,56.7,3.32,39.5,0.0,2023-08-23 21:00:00
2023-08-23,22:00,0.0,34.4,60.9,5.24,49.6,0.0,2023-08-23 22:00:00
2023-08-23,23:00,0.0,31.4,66.7,3.25,58.1,0.0,2023-08-23 23:00:00
2023-08-24,00:00,0.0,31.3,71.9,1.53,66.6,0.0,2023-08-24 00:00:00
2023-08-24,01:00,0.0,29.1,67.8,4.74,46.4,0.0,2023-08-24 01:00:00
2023-08-24,02:00,0.0,33.1,53.5,2.04,12.3,0.0,2023-08-24 02:00:00
2023-08-24,03:00,0.0,32.3,70.4,6.65,75.1,0.0,2023-08-24 03:00:00
2023-08-24,04:00,0.0,32.8,66.8,3.29,66.2,0.0,2023-08-24 04:00:00
2023-08-24,05:00,0.0,33.2,54.9,1.61,28.6,0.0,2023-08-24 05:00:00
2023-08-24,06:00,82.23,34.0,62.1,2.44,45.6,2.89,2023-08-24 06:00:00
2023-08-24,07:00,173.79,32.3,70.0,5.85,78.3,7.18,2023-08-24 07:00:00
2023-08-24,08:00,312.75,37.2,65.8,2.86,76.5,12.06,2023-08-24 08:00:00
2023-08-24,09:00,502.12,37.8,61.0,5.79,68.8,19.25,2023-08-24 09:00:00
2023-08-24,10:00,725.46,41.3,49.5,2.15,52.1,26.16,2023-08-24 10:00:00
2023-08-24,11:00,763.43,41.8,57.6,3.52,56.0,27.38,2023-08-24 11:00:00
2023-08-24,12:00,811.18,42.2,49.5,6.01,52.8,29.48,2023-08-24 12:00:00
2023-08-24,13:00,617.08,38.8,62.2,1.35,71.7,23.73,2023-08-24 13:00:00
2023-08-24,14:00,780.87,41.9,44.8,2.79,41.6,27.93,2023-08-24 14:00:00
2023-08-24,15:00,644.14,40.9,41.2,6.39,42.7,24.41,2023-08-24 15:00:00
2023-08-24,16:00,346.38,41.7,52.7,4.12,69.9,12.79,2023-08-24 16:00:00
2023-08-24,17:00,272.85,39.6,45.6,4.76,54.1,10.65,2023-08-24 17:00:00
2023-08-24,18:00,62.33,38.6,60.0,5.66,75.4,2.01,2023-08-24 18:00:00
2023-08-24,19:00,0.0,38.4,59.4,3.77,44.7,0.0,2023-08-24 19:00:00
2023-08-24,20:00,0.0,35.3,56.9,5.69,53.9,0.0,2023-08-24 20:00:00
2023-08-24,21:00,0.0,34.7,49.8,4.33,40.9,0.0,2023-08-24 21:00:00
2023-08-24,22:00,0.0,30.3,74.3,4.59,54.9,0.0,2023-08-24 22:00:00
2023-08-24,23:00,0.0,30.3,60.8,2.05,32.6,0.0,2023-08-24 23:00:00
2023-08-25,00:00,0.0,31.9,64.0,6.86,47.5,0.0,2023-08-25 00:00:00
2023-08-25,01:00,0.0,27.9,69.6,5.29,33.3,0.0,2023-08-25 01:00:00
2023-08-25,02:00,0.0,32.2,70.1,2.56,65.2,0.0,2023-08-25 02:00:00
2023-08-25,03:00,0.0,31.9,71.5,4.04,65.6,0.0,2023-08-25 03:00:00
2023-08-25,04:00,0.0,30.3,65.4,3.11,28.9,0.0,2023-08-25 04:00:00
2023-08-25,05:00,0.0,37.1,56.1,4.45,74.8,0.0,2023-08-25 05:00:00
2023-08-25,06:00,19.6,35.2,64.6,9.06,92.3,0.8,2023-08-25 06:00:00
2023-08-25,07:00,251.65,32.7,69.5,1.32,55.5,9.8,2023-08-25 07:00:00
2023-08-25,08:00,484.75,37.3,52.2,7.13,45.2,18.97,2023-08-25 08:00:00
2023-08-25,09:00,218.54,37.6,65.2,1.54,97.2,8.75,2023-08-25 09:00:00
2023-08-25,10:00,814.17,37.5,47.5,3.49,35.1,29.77,2023-08-25 10:00:00
2023-08-25,11:00,790.19,38.3,54.7,3.58,55.1,28.08,2023-08-25 11:00:00
2023-08-25,12:00,780.05,42.9,48.6,2.63,57.5,27.84,2023-08-25 12:00:00
2023-08-25,13:00,577.43,40.7,54.0,3.98,75.0,21.33,2023-08-25 13:00:00
2023-08-25,14:00,660.05,41.8,48.1,5.59,60.2,25.11,2023-08-25 14:00:00
2023-08-25,15:00,618.01,40.1,53.0,2.74,47.4,22.39,2023-08-25 15:00:00
2023-08-25,16:00,498.36,39.8,47.2,1.53,40.6,18.7,2023-08-25 16:00:00
2023-08-25,17:00,276.76,40.0,50.0,4.3,49.7,10.96,2023-08-25 17:00:00
2023-08-25,18:00,88.69,39.6,41.8,4.99,39.7,3.18,2023-08-25 18:00:00
2023-08-25,19:00,0.0,32.8,72.4,7.18,55.6,0.0,2023-08-25 19:00:00
2023-08-25,20:00,0.0,36.0,61.4,2.08,46.4,0.0,2023-08-25 20:00:00
2023-08-25,21:00,0.0,33.0,56.6,6.28,32.4,0.0,2023-08-25 21:00:00
2023-08-25,22:00,0.0,35.5,61.6,3.58,73.7,0.0,2023-08-25 22:00:00
2023-08-25,23:00,0.0,37.0,56.4,2.47,47.4,0.0,2023-08-25 23:00:00
2023-08-26,00:00,0.0,30.0,63.9,7.39,35.9,0.0,2023-08-26 00:00:00
2023-08-26,01:00,0.0,26.9,67.6,2.48,52.4,0.0,2023-08-26 01:00:00
2023-08-26,02:00,0.0,30.0,58.8,4.87,55.9,0.0,2023-08-26 02:00:00
2023-08-26,03:00,0.0,29.7,60.5,5.21,28.7,0.0,2023-08-26 03:00:00
2023-08-26,04:00,0.0,34.2,57.4,3.35,59.9,0.0,2023-08-26 04:00:00
2023-08-26,05:00,0.0,34.6,58.6,4.61,39.2,0.0,2023-08-26 05:00:00
2023-08-26,06:00,40.19,34.4,69.3,4.0,80.6,1.89,2023-08-26 06:00:00
2023-08-26,07:00,217.49,33.2,62.0,2.25,62.8,8.41,2023-08-26 07:00:00
2023-08-26,08:00,461.38,37.0,54.6,5.04,48.9,17.36,2023-08-26 08:00:00
2023-08-26,09:00,650.03,37.9,61.1,6.66,43.7,24.57,2023-08-26 09:00:00
2023-08-26,10:00,714.85,39.3,57.5,3.61,53.3,27.01,2023-08-26 10:00:00
2023-08-26,11:00,689.48,37.3,58.3,9.14,64.1,25.7,2023-08-26 11:00:00
2023-08-26,12:00,792.16,42.9,58.4,3.34,54.5,27.85,2023-08-26 12:00:00
2023-08-26,13:00,801.69,41.8,45.4,3.57,51.6,28.83,2023-08-26 13:00:00
2023-08-26,14:00,695.29,41.6,48.3,4.52,55.8,26.03,2023-08-26 14:00:00
2023-08-26,15:00,631.37,40.5,50.3,2.22,45.8,23.03,2023-08-26 15:00:00
2023-08-26,16:00,468.94,39.6,46.9,6.29,49.8,17.81,2023-08-26 16:00:00
2023-08-26,17:00,303.98,40.6,52.2,5.33,23.6,12.15,2023-08-26 17:00:00
2023-08-26,18:00,70.77,35.7,64.6,5.95,69.5,3.28,2023-08-26 18:00:00
2023-08-26,19:00,0.0,38.8,53.5,4.19,59.4,0.0,2023-08-26 19:00:00
2023-08-26,20:00,0.0,33.9,61.8,6.07,43.3,0.0,2023-08-26 20:00:00
2023-08-26,21:00,0.0,30.6,75.5,4.56,83.4,0.0,2023-08-26 21:00:00
2023-08-26,22:00,0.0,36.1,58.7,3.72,56.2,0.0,2023-08-26 22:00:00
2023-08-26,23:00,0.0,30.0,60.0,6.73,39.4,0.0,2023-08-26 23:00:00
2023-08-27,00:00,0.0,29.2,67.4,3.39,67.8,0.0,2023-08-27 00:00:00
2023-08-27,01:00,0.0,32.0,76.0,3.67,60.9,0.0,2023-08-27 01:00:00
2023-08-27,02:00,0.0,33.0,60.3,2.14,60.9,0.0,2023-08-27 02:00:00
2023-08-27,03:00,0.0,27.2,78.1,7.03,48.6,0.0,2023-08-27 03:00:00
2023-08-27,04:00,0.0,28.8,68.8,2.4,61.7,0.0,2023-08-27 04:00:00
2023-08-27,05:00,0.0,29.9,71.1,2.3,51.0,0.0,2023-08-27 05:00:00
2023-08-27,06:00,54.02,34.4,66.1,1.74,63.3,2.32,2023-08-27 06:00:00
2023-08-27,07:00,312.1,37.1,53.6,3.45,26.4,12.43,2023-08-27 07:00:00
2023-08-27,08:00,450.27,33.8,64.3,2.65,48.4,17.8,2023-08-27 08:00:00
2023-08-27,09:00,378.18,39.8,54.1,4.92,80.8,15.2,2023-08-27 09:00:00
2023-08-27,10:00,759.69,37.4,52.1,2.8,43.4,28.1,2023-08-27 10:00:00
2023-08-27,11:00,837.49,40.6,45.1,4.79,45.9,30.05,2023-08-27 11:00:00
2023-08-27,12:00,848.52,38.6,54.9,2.27,48.2,30.96,2023-08-27 12:00:00
2023-08-27,13:00,879.75,41.3,41.9,2.44,36.7,31.3,2023-08-27 13:00:00
2023-08-27,14:00,850.85,41.5,35.3,5.37,21.8,31.57,2023-08-27 14:00:00
2023-08-27,15:00,613.9,40.9,50.6,3.09,51.5,22.81,2023-08-27 15:00:00
2023-08-27,16:00,414.07,41.6,43.0,1.81,57.0,16.17,2023-08-27 16:00:00
2023-08-27,17:00,241.12,38.1,57.4,7.36,54.2,9.95,2023-08-27 17:00:00
2023-08-27,18:00,70.73,37.1,52.5,2.18,52.8,2.05,2023-08-27 18:00:00
2023-08-27,19:00,0.0,38.0,53.5,2.03,55.6,0.0,2023-08-27 19:00:00
2023-08-27,20:00,0.0,38.1,51.3,3.03,70.3,0.0,2023-08-27 20:00:00
2023-08-27,21:00,0.0,34.1,68.5,1.7,52.1,0.0,2023-08-27 21:00:00
2023-08-27,22:00,0.0,33.6,55.3,2.06,46.3,0.0,2023-08-27 22:00:00
2023-08-27,23:00,0.0,32.8,62.0,5.7,50.7,0.0,2023-08-27 23:00:00
2023-08-28,00:00,0.0,31.9,60.9,2.15,63.7,0.0,2023-08-28 00:00:00
2023-08-28,01:00,0.0,28.1,73.5,1.81,76.2,0.0,2023-08-28 01:00:00
2023-08-28,02:00,0.0,28.2,76.1,6.03,45.6,0.0,2023-08-28 02:00:00
2023-08-28,03:00,0.0,28.5,72.6,3.41,56.5,0.0,2023-08-28 03:00:00
2023-08-28,04:00,0.0,33.9,61.3,2.07,60.1,0.0,2023-08-28 04:00:00
2023-08-28,05:00,0.0,32.3,61.4,4.05,40.1,0.0,2023-08-28 05:00:00
2023-08-28,06:00,69.34,33.4,61.5,1.28,55.3,2.79,2023-08-28 06:00:00
2023-08-28,07:00,300.98,34.7,55.8,3.34,33.0,11.35,2023-08-28 07:00:00
2023-08-28,08:00,515.59,33.2,60.3,4.09,28.5,19.77,2023-08-28 08:00:00
2023-08-28,09:00,543.36,40.6,52.9,7.24,60.5,20.16,2023-08-28 09:00:00
2023-08-28,10:00,735.46,39.4,54.1,2.89,49.2,27.0,2023-08-28 10:00:00
2023-08-28,11:00,740.22,41.1,53.8,5.07,58.0,27.09,2023-08-28 11:00:00
2023-08-28,12:00,796.38,37.6,56.0,1.93,54.7,28.96,2023-08-28 12:00:00
2023-08-28,13:00,855.61,42.8,42.9,3.36,40.3,30.07,2023-08-28 13:00:00
2023-08-28,14:00,694.61,40.9,50.1,2.41,54.3,25.05,2023-08-28 14:00:00
2023-08-28,15:00,664.6,39.0,53.4,3.63,36.5,24.64,2023-08-28 15:00:00
2023-08-28,16:00,309.97,39.1,63.4,3.29,75.9,11.69,2023-08-28 16:00:00
2023-08-28,17:00,288.86,37.6,47.7,8.01,34.6,12.07,2023-08-28 17:00:00
2023-08-28,18:00,63.66,36.3,57.5,6.5,52.0,2.01,2023-08-28 18:00:00
2023-08-28,19:00,0.0,37.2,51.0,4.05,39.4,0.0,2023-08-28 19:00:00
2023-08-28,20:00,0.0,34.9,66.7,2.17,63.5,0.0,2023-08-28 20:00:00
2023-08-28,21:00,0.0,34.6,58.7,3.93,50.0,0.0,2023-08-28 21:00:00
2023-08-28,22:00,0.0,35.6,67.2,5.26,47.2,0.0,2023-08-28 22:00:00
2023-08-28,23:00,0.0,31.1,71.2,1.25,67.8,0.0,2023-08-28 23:00:00
2023-08-29,00:00,0.0,26.2,79.3,3.37,55.4,0.0,2023-08-29 00:00:00
2023-08-29,01:00,0.0,29.2,67.8,1.29,62.7,0.0,2023-08-29 01:00:00
2023-08-29,02:00,0.0,31.6,62.7,2.51,40.3,0.0,2023-08-29 02:00:00
2023-08-29,03:00,0.0,29.5,66.7,1.68,33.9,0.0,2023-08-29 03:00:00
2023-08-29,04:00,0.0,33.0,60.5,7.33,56.6,0.0,2023-08-29 04:00:00
2023-08-29,05:00,0.0,32.0,64.6,2.13,50.2,0.0,2023-08-29 05:00:00
2023-08-29,06:00,54.61,29.2,76.5,2.03,64.4,1.98,2023-08-29 06:00:00
2023-08-29,07:00,257.4,34.1,61.0,7.69,53.8,10.21,2023-08-29 07:00:00
2023-08-29,08:00,423.52,36.0,57.1,3.74,58.1,16.37,2023-08-29 08:00:00
2023-08-29,09:00,678.41,39.0,56.4,5.03,30.6,25.04,2023-08-29 09:00:00
2023-08-29,10:00,430.25,41.7,53.6,2.89,83.3,16.87,2023-08-29 10:00:00
2023-08-29,11:00,786.01,41.3,51.8,3.82,52.5,28.25,2023-08-29 11:00:00
2023-08-29,12:00,706.22,41.4,51.4,0.82,65.5,25.63,2023-08-29 12:00:00
2023-08-29,13:00,858.61,42.5,43.1,3.26,42.5,30.72,2023-08-29 13:00:00
2023-08-29,14:00,658.42,41.2,56.1,3.92,59.6,24.81,2023-08-29 14:00:00
2023-08-29,15:00,656.12,38.6,50.1,3.73,35.5,24.37,2023-08-29 15:00:00
2023-08-29,16:00,397.08,40.7,56.0,3.24,61.8,15.67,2023-08-29 16:00:00
2023-08-29,17:00,255.32,40.4,42.8,5.23,49.7,10.73,2023-08-29 17:00:00
2023-08-29,18:00,48.43,36.3,61.4,3.67,55.4,1.94,2023-08-29 18:00:00
2023-08-29,19:00,0.0,39.4,54.4,4.32,65.5,0.0,2023-08-29 19:00:00
2023-08-29,20:00,0.0,37.3,45.7,2.22,36.5,0.0,2023-08-29 20:00:00
2023-08-29,21:00,0.0,31.4,71.6,5.84,44.7,0.0,2023-08-29 21:00:00
2023-08-29,22:00,0.0,34.9,65.5,3.05,61.9,0.0,2023-08-29 22:00:00
2023-08-29,23:00,0.0,30.7,76.5,3.58,86.5,0.0,2023-08-29 23:00:00
2023-08-30,00:00,0.0,28.7,75.2,3.0,52.9,0.0,2023-08-30 00:00:00
2023-08-30,01:00,0.0,31.5,69.7,6.17,63.9,0.0,2023-08-30 01:00:00
2023-08-30,02:00,0.0,29.2,66.4,6.28,53.4,0.0,2023-08-30 02:00:00
2023-08-30,03:00,0.0,33.0,70.8,2.42,84.1,0.0,2023-08-30 03:00:00
2023-08-30,04:00,0.0,28.6,61.6,4.99,28.8,0.0,2023-08-30 04:00:00
2023-08-30,05:00,0.0,28.0,70.1,1.75,56.4,0.0,2023-08-30 05:00:00
2023-08-30,06:00,62.13,31.8,54.9,1.16,30.6,1.77,2023-08-30 06:00:00
2023-08-30,07:00,306.2,35.2,47.7,5.61,17.4,12.0,2023-08-30 07:00:00
2023-08-30,08:00,417.45,33.7,67.9,1.92,37.25,16.65,2023-08-30 08:00:00
2023-08-30,09:00,570.42,34.5,63.9,2.06,57.1,21.25,2023-08-30 09:00:00
2023-08-30,10:00,716.73,38.7,52.6,4.17,50.7,25.92,2023-08-30 10:00:00
2023-08-30,11:00,766.87,36.9,53.9,5.45,53.4,28.15,2023-08-30 11:00:00
2023-08-30,12:00,233.96,41.1,61.7,2.24,100.0,9.44,2023-08-30 12:00:00
2023-08-30,13:00,804.68,40.5,45.3,1.82,51.1,29.26,2023-08-30 13:00:00
2023-08-30,14:00,626.81,42.2,52.9,1.58,62.6,22.97,2023-08-30 14:00:00
2023-08-30,15:00,623.97,38.6,57.2,1.1,45.3,23.58,2023-08-30 15:00:00
2023-08-30,16:00,414.99,42.9,60.0,1.84,59.4,15.89,2023-08-30 16:00:00
2023-08-30,17:00,243.3,39.2,49.6,6.93,51.4,9.46,2023-08-30 17:00:00
2023-08-30,18:00,73.38,39.7,56.3,1.7,48.8,3.3,2023-08-30 18:00:00
2023-08-30,19:00,0.0,38.6,59.8,4.13,82.3,0.0,2023-08-30 19:00:00
2023-08-30,20:00,0.0,33.2,63.8,6.55,72.7,0.0,2023-08-30 20:00:00
2023-08-30,21:00,0.0,35.4,56.6,4.28,57.0,0.0,2023-08-30 21:00:00
2023-08-30,22:00,0.0,29.8,61.0,1.19,20.4,0.0,2023-08-30 22:00:00
2023-08-30,23:00,0.0,28.6,65.8,4.12,49.6,0.0,2023-08-30 23:00:00
2023-08-31,00:00,0.0,33.5,71.2,6.31,95.5,0.0,2023-08-31 00:00:00
2023-08-31,01:00,0.0,31.4,64.0,2.87,51.5,0.0,2023-08-31 01:00:00
2023-08-31,02:00,0.0,32.9,65.6,2.83,71.5,0.0,2023-08-31 02:00:00
2023-08-31,03:00,0.0,28.7,72.9,2.53,76.6,0.0,2023-08-31 03:00:00
2023-08-31,04:00,0.0,30.2,59.5,3.69,58.3,0.0,2023-08-31 04:00:00
2023-08-31,05:00,0.0,31.9,63.1,2.48,42.3,0.0,2023-08-31 05:00:00
2023-08-31,06:00,64.33,32.2,56.6,4.81,18.4,2.48,2023-08-31 06:00:00
2023-08-31,08:00,465.6,33.6,61.7,3.22,42.8,17.82,2023-08-31 08:00:00
2023-08-31,09:00,560.3,37.1,64.3,4.8,57.6,20.81,2023-08-31 09:00:00
2023-08-31,10:00,800.37,36.3,54.7,1.72,36.2,28.35,2023-08-31 10:00:00
2023-08-31,11:00,783.83,37.5,61.8,4.97,51.0,28.61,2023-08-31 11:00:00
2023-08-31,12:00,784.23,41.1,61.2,4.15,55.5,27.72,2023-08-31 12:00:00
2023-08-31,13:00,704.8,40.8,63.7,4.29,59.0,25.81,2023-08-31 13:00:00
2023-08-31,14:00,788.08,42.9,40.5,1.48,38.3,27.81,2023-08-31 14:00:00
2023-08-31,15:00,447.04,40.2,53.2,4.23,72.9,16.59,2023-08-31 15:00:00
2023-08-31,16:00,448.68,39.3,50.8,3.64,46.0,16.29,2023-08-31 16:00:00
2023-08-31,17:00,293.46,40.2,47.7,3.6,29.9,11.27,2023-08-31 17:00:00
2023-08-31,18:00,65.8,36.7,64.6,2.87,53.3,1.98,2023-08-31 18:00:00
2023-08-31,19:00,0.0,35.6,63.0,0.83,55.5,0.0,2023-08-31 19:00:00
2023-08-31,20:00,0.0,34.1,58.4,3.32,57.4,0.0,2023-08-31 20:00:00
2023-08-31,21:00,0.0,33.3,66.5,3.22,75.4,0.0,2023-08-31 21:00:00
2023-08-31,22:00,0.0,35.4,59.6,3.32,51.4,0.0,2023-08-31 22:00:00
2023-08-31,23:00,0.0,28.5,64.6,4.2,53.2,0.0,2023-08-31 23:00:00
2023-09-01,00:00,0.0,32.2,61.4,2.77,38.4,0.0,2023-09-01 00:00:00
2023-09-01,01:00,0.0,30.6,66.2,2.63,67.2,0.0,2023-09-01 01:00:00
2023-09-01,02:00,0.0,31.9,60.0,3.65,57.7,0.0,2023-09-01 02:00:00
2023-09-01,03:00,0.0,34.9,56.0,4.1,48.6,0.0,2023-09-01 03:00:00
2023-09-01,04:00,0.0,32.4,59.6,3.98,26.4,0.0,2023-09-01 04:00:00
2023-09-01,05:00,0.0,32.5,72.0,6.05,76.6,0.0,2023-09-01 05:00:00
2023-09-01,06:00,47.9,29.7,65.0,5.1,36.5,2.73,2023-09-01 06:00:00
2023-09-01,07:00,266.19,31.4,68.4,1.38,46.1,10.82,2023-09-01 07:00:00
2023-09-01,08:00,406.66,35.7,65.1,3.96,60.3,15.8,2023-09-01 08:00:00
2023-09-01,09:00,670.78,33.6,59.7,3.29,37.0,26.27,2023-09-01 09:00:00
2023-09-01,10:00,809.87,39.2,49.6,3.04,32.5,28.85,2023-09-01 10:00:00
2023-09-01,11:00,929.29,35.5,53.0,7.26,23.1,34.48,2023-09-01 11:00:00
2023-09-01,12:00,674.24,42.3,52.4,3.47,65.7,24.88,2023-09-01 12:00:00
2023-09-01,13:00,836.14,40.3,42.5,4.78,46.8,30.51,2023-09-01 13:00:00
2023-09-01,14:00,227.22,41.3,67.3,7.52,98.8,8.87,2023-09-01 14:00:00
2023-09-01,15:00,636.81,39.5,52.3,2.04,40.0,23.59,2023-09-01 15:00:00
2023-09-01,16:00,467.78,36.8,50.2,1.4,41.1,17.8,2023-09-01 16:00:00
2023-09-01,17:00,273.92,41.5,55.1,2.83,46.5,11.0,2023-09-01 17:00:00
2023-09-01,18:00,68.6,40.5,51.5,1.31,58.6,2.89,2023-09-01 18:00:00
2023-09-01,19:00,0.0,36.0,57.5,1.84,47.9,0.0,2023-09-01 19:00:00
2023-09-01,20:00,0.0,36.3,65.7,8.82,64.1,0.0,2023-09-01 20:00:00
2023-09-01,21:00,0.0,32.8,61.7,7.32,40.3,0.0,2023-09-01 21:00:00
2023-09-01,22:00,0.0,32.6,65.0,4.62,34.2,0.0,2023-09-01 22:00:00
2023-09-01,23:00,0.0,32.2,57.3,4.99,28.0,0.0,2023-09-01 23:00:00
2023-09-02,00:00,0.0,30.7,66.1,1.98,21.5,0.0,2023-09-02 00:00:00
2023-09-02,01:00,0.0,31.5,61.4,4.11,47.1,0.0,2023-09-02 01:00:00
2023-09-02,02:00,0.0,29.9,73.0,2.06,50.4,0.0,2023-09-02 02:00:00
2023-09-02,03:00,0.0,29.2,58.5,3.12,45.4,0.0,2023-09-02 03:00:00
2023-09-02,04:00,0.0,28.4,71.4,2.97,73.5,0.0,2023-09-02 04:00:00
2023-09-02,05:00,0.0,29.8,74.8,4.21,73.3,0.0,2023-09-02 05:00:00
2023-09-02,06:00,51.38,33.4,60.8,1.6,49.9,2.19,2023-09-02 06:00:00
2023-09-02,07:00,280.83,30.7,60.6,1.76,28.0,11.04,2023-09-02 07:00:00
2023-09-02,08:00,435.53,36.9,56.4,4.19,46.4,16.5,2023-09-02 08:00:00
2023-09-02,09:00,634.8,36.0,52.7,4.32,45.9,23.79,2023-09-02 09:00:00
2023-09-02,10:00,744.44,36.5,52.0,2.95,45.0,27.5,2023-09-02 10:00:00
2023-09-02,11:00,840.63,37.2,56.2,2.01,44.4,30.48,2023-09-02 11:00:00
2023-09-02,12:00,848.91,41.3,46.7,6.1,45.1,30.71,2023-09-02 12:00:00
2023-09-02,13:00,814.44,40.7,56.6,1.39,49.1,29.07,2023-09-02 13:00:00
2023-09-02,14:00,740.59,43.8,44.9,4.77,45.3,26.53,2023-09-02 14:00:00
2023-09-02,15:00,542.28,38.5,59.6,1.98,58.0,19.88,2023-09-02 15:00:00
2023-09-02,16:00,392.33,39.1,58.2,4.33,60.3,14.63,2023-09-02 16:00:00
2023-09-02,17:00,264.61,39.0,49.4,4.47,41.2,10.52,2023-09-02 17:00:00
2023-09-02,18:00,43.45,36.6,55.7,5.35,73.9,2.03,2023-09-02 18:00:00
2023-09-02,19:00,0.0,36.5,60.0,3.19,40.2,0.0,2023-09-02 19:00:00
2023-09-02,20:00,0.0,35.5,50.5,1.06,30.6,0.0,2023-09-02 20:00:00
2023-09-02,21:00,0.0,34.2,62.2,5.41,60.6,0.0,2023-09-02 21:00:00
2023-09-02,22:00,0.0,34.6,58.2,3.41,42.6,0.0,2023-09-02 22:00:00
2023-09-02,23:00,0.0,28.3,72.3,5.71,59.7,0.0,2023-09-02 23:00:00
2023-09-03,00:00,0.0,30.2,63.2,5.15,18.7,0.0,2023-09-03 00:00:00
2023-09-03,01:00,0.0,27.8,77.2,3.66,75.7,0.0,2023-09-03 01:00:00
2023-09-03,02:00,0.0,29.6,71.3,10.85,64.9,0.0,2023-09-03 02:00:00
2023-09-03,03:00,0.0,29.8,67.4,3.49,32.3,0.0,2023-09-03 03:00:00
2023-09-03,04:00,0.0,27.8,68.9,4.65,32.6,0.0,2023-09-03 04:00:00
2023-09-03,05:00,0.0,28.9,73.7,4.5,79.9,0.0,2023-09-03 05:00:00
2023-09-03,06:00,60.68,32.7,57.3,3.75,43.7,2.77,2023-09-03 06:00:00
2023-09-03,07:00,256.89,33.3,57.3,4.07,42.3,11.03,2023-09-03 07:00:00
2023-09-03,08:00,526.86,34.4,53.4,5.31,20.8,20.35,2023-09-03 08:00:00
2023-09-03,09:00,596.57,37.5,51.2,4.0,49.5,22.53,2023-09-03 09:00:00
2023-09-03,10:00,718.17,39.1,54.6,3.44,51.4,26.13,2023-09-03 10:00:00
2023-09-03,11:00,658.61,38.1,58.7,4.46,65.5,24.4,2023-09-03 11:00:00
2023-09-03,12:00,893.15,38.5,40.5,1.22,33.8,32.39,2023-09-03 12:00:00
2023-09-03,13:00,879.37,38.3,44.9,1.79,32.0,32.04,2023-09-03 13:00:00
2023-09-03,14:00,609.68,40.9,42.5,1.89,61.6,22.42,2023-09-03 14:00:00
2023-09-03,15:00,484.98,38.0,59.1,3.33,69.9,18.72,2023-09-03 15:00:00
2023-09-03,16:00,491.43,40.2,51.8,5.95,31.2,19.02,2023-09-03 16:00:00
2023-09-03,17:00,185.26,41.2,48.4,4.36,71.0,7.11,2023-09-03 17:00:00
2023-09-03,18:00,51.14,37.2,52.8,7.71,55.4,1.58,2023-09-03 18:00:00
2023-09-03,19:00,0.0,35.4,64.0,1.27,71.2,0.0,2023-09-03 19:00:00
2023-09-03,20:00,0.0,38.4,51.6,4.8,53.7,0.0,2023-09-03 20:00:00
2023-09-03,21:00,0.0,36.0,46.0,2.83,17.0,0.0,2023-09-03 21:00:00
2023-09-03,22:00,0.0,30.4,69.7,1.08,52.5,0.0,2023-09-03 22:00:00
2023-09-03,23:00,0.0,30.8,69.5,5.52,70.7,0.0,2023-09-03 23:00:00
2023-09-04,00:00,0.0,30.0,59.4,2.1,41.3,0.0,2023-09-04 00:00:00
2023-09-04,01:00,0.0,29.2,60.1,2.37,48.9,0.0,2023-09-04 01:00:00
2023-09-04,02:00,0.0,31.9,74.0,2.95,52.1,0.0,2023-09-04 02:00:00
2023-09-04,03:00,0.0,29.0,63.8,5.24,11.2,0.0,2023-09-04 03:00:00
2023-09-04,04:00,0.0,29.9,73.3,4.26,79.8,0.0,2023-09-04 04:00:00
2023-09-04,05:00,0.0,31.6,63.2,2.61,41.2,0.0,2023-09-04 05:00:00
2023-09-04,06:00,44.82,33.8,62.9,2.13,62.3,2.65,2023-09-04 06:00:00
2023-09-04,07:00,233.76,34.8,63.2,1.79,53.4,9.52,2023-09-04 07:00:00
2023-09-04,08:00,323.53,35.6,61.6,2.03,73.6,12.36,2023-09-04 08:00:00
2023-09-04,09:00,523.4,33.4,62.9,5.91,60.8,19.47,2023-09-04 09:00:00
2023-09-04,10:00,704.06,36.8,59.4,6.58,51.2,26.43,2023-09-04 10:00:00
2023-09-04,11:00,859.73,40.4,55.5,7.55,41.3,31.35,2023-09-04 11:00:00
2023-09-04,12:00,673.66,40.3,59.2,5.6,66.7,25.61,2023-09-04 12:00:00
2023-09-04,13:00,901.1,41.9,48.7,6.12,26.6,31.83,2023-09-04 13:00:00
2023-09-04,14:00,620.16,44.0,48.8,5.44,64.4,23.36,2023-09-04 14:00:00
2023-09-04,15:00,635.29,38.3,49.6,7.27,38.2,23.33,2023-09-04 15:00:00
2023-09-04,16:00,314.49,41.9,47.8,5.69,73.5,12.01,2023-09-04 16:00:00
2023-09-04,17:00,234.89,38.3,57.1,3.49,57.1,8.88,2023-09-04 17:00:00
2023-09-04,18:00,47.87,39.3,58.7,2.87,64.4,2.25,2023-09-04 18:00:00
2023-09-04,19:00,0.0,36.1,58.6,4.06,55.9,0.0,2023-09-04 19:00:00
2023-09-04,20:00,0.0,38.5,46.2,4.18,28.4,0.0,2023-09-04 20:00:00
2023-09-04,21:00,0.0,33.3,65.5,4.01,41.8,0.0,2023-09-04 21:00:00
2023-09-04,22:00,0.0,30.5,73.0,4.71,64.8,0.0,2023-09-04 22:00:00
2023-09-04,23:00,0.0,31.2,72.8,4.66,57.2,0.0,2023-09-04 23:00:00
2023-09-05,00:00,0.0,29.9,69.4,1.65,72.3,0.0,2023-09-05 00:00:00
2023-09-05,01:00,0.0,30.8,66.1,2.7,60.6,0.0,2023-09-05 01:00:00
2023-09-05,02:00,0.0,29.3,70.9,6.14,40.1,0.0,2023-09-05 02:00:00
2023-09-05,03:00,0.0,33.2,60.7,4.09,42.7,0.0,2023-09-05 03:00:00
2023-09-05,04:00,0.0,29.1,68.1,2.9,56.1,0.0,2023-09-05 04:00:00
2023-09-05,05:00,0.0,30.1,57.8,5.74,19.9,0.0,2023-09-05 05:00:00
2023-09-05,06:00,33.4,30.4,74.3,2.53,79.7,1.83,2023-09-05 06:00:00
2023-09-05,07:00,201.43,33.1,69.7,3.26,61.2,7.57,2023-09-05 07:00:00
2023-09-05,08:00,323.27,34.9,65.3,2.66,73.0,12.99,2023-09-05 08:00:00
2023-09-05,09:00,658.78,36.6,56.0,5.94,30.9,24.58,2023-09-05 09:00:00
2023-09-05,10:00,538.04,37.6,63.8,4.84,73.3,20.16,2023-09-05 10:00:00
2023-09-05,11:00,396.81,37.6,62.1,3.48,88.1,15.16,2023-09-05 11:00:00
2023-09-05,12:00,900.33,38.1,48.0,6.74,34.8,32.47,2023-09-05 12:00:00
2023-09-05,13:00,661.07,39.6,55.3,6.65,66.2,24.84,2023-09-05 13:00:00
2023-09-05,14:00,683.01,42.6,44.4,4.74,54.6,25.31,2023-09-05 14:00:00
2023-09-05,15:00,669.51,42.7,41.8,6.17,31.4,24.68,2023-09-05 15:00:00
2023-09-05,16:00,367.18,39.6,62.2,4.78,62.0,14.45,2023-09-05 16:00:00
2023-09-05,17:00,213.93,37.1,61.0,4.28,67.1,9.26,2023-09-05 17:00:00
2023-09-05,18:00,50.22,37.4,52.2,3.31,45.6,2.32,2023-09-05 18:00:00
2023-09-05,19:00,0.0,39.8,66.0,2.65,72.1,0.0,2023-09-05 19:00:00
2023-09-05,20:00,0.0,36.3,49.2,1.45,29.6,0.0,2023-09-05 20:00:00
2023-09-05,21:00,0.0,33.9,53.3,5.33,32.2,0.0,2023-09-05 21:00:00
2023-09-05,22:00,0.0,33.2,69.3,1.87,56.6,0.0,2023-09-05 22:00:00
2023-09-05,23:00,0.0,33.0,66.9,3.26,55.0,0.0,2023-09-05 23:00:00
2023-09-06,00:00,0.0,27.1,69.8,2.47,43.7,0.0,2023-09-06 00:00:00
2023-09-06,01:00,0.0,27.9,78.1,3.46,66.6,0.0,2023-09-06 01:00:00
2023-09-06,02:00,0.0,27.4,75.7,2.84,62.4,0.0,2023-09-06 02:00:00
2023-09-06,03:00,0.0,29.6,67.7,5.56,67.3,0.0,2023-09-06 03:00:00
2023-09-06,04:00,0.0,29.4,67.05000000000001,7.93,52.6,0.0,2023-09-06 04:00:00
2023-09-06,05:00,0.0,31.5,66.4,6.9,63.5,0.0,2023-09-06 05:00:00
2023-09-06,06:00,40.4,30.4,70.7,4.25,47.8,2.18,2023-09-06 06:00:00
2023-09-06,07:00,140.3,35.3,66.7,7.98,85.3,5.68,2023-09-06 07:00:00
2023-09-06,08:00,460.27,34.2,61.1,3.22,42.3,17.13,2023-09-06 08:00:00
2023-09-06,09:00,331.6,37.2,66.5,3.77,86.0,12.79,2023-09-06 09:00:00
2023-09-06,10:00,681.34,39.5,47.7,2.57,55.0,25.39,2023-09-06 10:00:00
2023-09-06,11:00,861.24,40.6,45.9,6.24,33.8,31.4,2023-09-06 11:00:00
2023-09-06,12:00,582.31,40.2,59.9,2.19,75.0,21.68,2023-09-06 12:00:00
2023-09-06,13:00,759.31,41.6,48.5,4.19,56.4,27.62,2023-09-06 13:00:00
2023-09-06,14:00,585.79,43.5,50.1,5.32,67.2,21.42,2023-09-06 14:00:00
2023-09-06,15:00,442.83,41.1,58.1,4.11,72.8,17.16,2023-09-06 15:00:00
2023-09-06,16:00,391.35,38.2,57.9,1.59,59.5,15.66,2023-09-06 16:00:00
2023-09-06,17:00,253.38,39.6,56.2,4.19,45.6,10.25,2023-09-06 17:00:00
2023-09-06,18:00,14.14,37.3,62.9,5.09,69.1,0.53,2023-09-06 18:00:00
2023-09-06,19:00,0.0,31.7,62.2,2.23,54.5,0.0,2023-09-06 19:00:00
2023-09-06,20:00,0.0,35.2,61.5,4.89,64.8,0.0,2023-09-06 20:00:00
2023-09-06,21:00,0.0,33.0,56.1,6.02,22.2,0.0,2023-09-06 21:00:00
2023-09-06,22:00,0.0,33.4,70.5,8.38,61.2,0.0,2023-09-06 22:00:00
2023-09-06,23:00,0.0,28.8,66.1,3.26,44.9,0.0,2023-09-06 23:00:00
2023-09-07,00:00,0.0,26.3,73.4,1.11,79.1,0.0,2023-09-07 00:00:00
2023-09-07,01:00,0.0,28.7,74.6,3.3,63.7,0.0,2023-09-07 01:00:00
2023-09-07,02:00,0.0,28.9,68.1,4.45,57.9,0.0,2023-09-07 02:00:00
2023-09-07,03:00,0.0,28.6,67.4,6.16,61.6,0.0,2023-09-07 03:00:00
2023-09-07,04:00,0.0,29.0,66.4,6.84,39.3,0.0,2023-09-07 04:00:00
2023-09-07,05:00,0.0,28.0,81.6,6.39,78.7,0.0,2023-09-07 05:00:00
2023-09-07,06:00,26.43,31.0,72.3,4.44,84.2,0.57,2023-09-07 06:00:00
2023-09-07,07:00,220.23,32.0,69.0,4.57,60.2,9.07,2023-09-07 07:00:00
2023-09-07,08:00,290.03,36.1,68.1,0.69,78.2,12.16,2023-09-07 08:00:00
2023-09-07,09:00,605.84,36.4,60.0,3.06,45.8,21.8,2023-09-07 09:00:00
2023-09-07,10:00,755.41,36.7,52.6,6.35,42.4,26.97,2023-09-07 10:00:00
2023-09-07,11:00,730.23,41.6,46.9,4.61,54.9,26.82,2023-09-07 11:00:00
2023-09-07,12:00,726.54,38.9,52.9,3.52,60.8,26.77,2023-09-07 12:00:00
2023-09-07,13:00,786.95,41.0,53.8,1.76,48.4,28.52,2023-09-07 13:00:00
2023-09-07,14:00,630.35,39.9,58.4,2.52,62.4,23.11,2023-09-07 14:00:00
2023-09-07,15:00,534.13,42.9,46.6,3.92,58.9,18.97,2023-09-07 15:00:00
2023-09-07,16:00,459.19,39.6,59.0,6.24,39.3,17.23,2023-09-07 16:00:00
2023-09-07,17:00,198.21,38.7,53.2,1.71,62.1,8.46,2023-09-07 17:00:00
2023-09-07,18:00,39.98,37.0,65.3,2.05,67.3,1.45,2023-09-07 18:00:00
2023-09-07,19:00,0.0,36.1,66.2,4.42,56.9,0.0,2023-09-07 19:00:00
2023-09-07,20:00,0.0,36.4,63.7,2.74,71.6,0.0,2023-09-07 20:00:00
2023-09-07,21:00,0.0,34.2,54.6,2.14,36.1,0.0,2023-09-07 21:00:00
2023-09-07,22:00,0.0,31.3,65.4,2.18,61.3,0.0,2023-09-07 22:00:00
2023-09-07,23:00,0.0,33.0,58.6,3.63,36.8,0.0,2023-09-07 23:00:00
2023-09-08,00:00,0.0,30.4,68.1,4.06,37.5,0.0,2023-09-08 00:00:00
2023-09-08,01:00,0.0,27.5,65.1,6.32,44.7,0.0,2023-09-08 01:00:00
2023-09-08,02:00,0.0,25.6,64.3,3.8,40.0,0.0,2023-09-08 02:00:00
2023-09-08,03:00,0.0,27.5,71.7,4.62,45.9,0.0,2023-09-08 03:00:00
2023-09-08,04:00,0.0,29.6,70.7,2.2,51.0,0.0,2023-09-08 04:00:00
2023-09-08,05:00,0.0,30.9,78.2,4.75,66.7,0.0,2023-09-08 05:00:00
2023-09-08,06:00,37.54,33.5,56.6,4.39,49.3,1.23,2023-09-08 06:00:00
2023-09-08,07:00,282.56,30.5,61.3,2.38,30.4,11.4,2023-09-08 07:00:00
2023-09-08,08:00,306.44,33.3,72.5,4.5,71.3,12.08,2023-09-08 08:00:00
2023-09-08,09:00,613.72,33.5,60.6,2.35,41.6,23.06,2023-09-08 09:00:00
2023-09-08,10:00,681.41,34.6,60.6,4.11,53.3,26.44,2023-09-08 10:00:00
2023-09-08,11:00,706.76,37.2,62.6,4.49,60.9,26.46,2023-09-08 11:00:00
2023-09-08,12:00,761.82,39.9,52.0,4.63,57.2,27.81,2023-09-08 12:00:00
2023-09-08,13:00,602.37,41.2,59.2,6.39,70.6,22.38,2023-09-08 13:00:00
2023-09-08,14:00,635.07,38.3,52.9,7.03,61.3,24.12,2023-09-08 14:00:00
2023-09-08,15:00,618.46,38.4,46.6,5.4,41.2,23.42,2023-09-08 15:00:00
2023-09-08,16:00,236.92,36.0,66.6,6.02,86.8,9.08,2023-09-08 16:00:00
2023-09-08,17:00,212.19,38.7,46.0,1.03,57.1,7.75,2023-09-08 17:00:00
2023-09-08,18:00,34.4,35.7,59.8,3.05,52.0,0.5,2023-09-08 18:00:00
2023-09-08,19:00,0.0,38.6,52.3,1.27,68.6,0.0,2023-09-08 19:00:00
2023-09-08,20:00,0.0,34.8,63.4,2.42,57.9,0.0,2023-09-08 20:00:00
2023-09-08,21:00,0.0,32.2,67.5,3.13,60.2,0.0,2023-09-08 21:00:00
2023-09-08,22:00,0.0,29.9,77.8,5.9,91.5,0.0,2023-09-08 22:00:00
2023-09-08,23:00,0.0,27.1,73.6,3.72,50.0,0.0,2023-09-08 23:00:00
2023-09-09,00:00,0.0,26.2,73.8,4.39,49.2,0.0,2023-09-09 00:00:00
2023-09-09,01:00,0.0,27.0,72.3,3.05,55.7,0.0,2023-09-09 01:00:00
2023-09-09,02:00,0.0,26.6,84.9,4.15,70.1,0.0,2023-09-09 02:00:00
2023-09-09,03:00,0.0,26.3,70.0,5.44,31.4,0.0,2023-09-09 03:00:00
2023-09-09,04:00,0.0,29.4,65.1,2.78,24.5,0.0,2023-09-09 04:00:00
2023-09-09,05:00,0.0,30.6,69.7,6.73,45.2,0.0,2023-09-09 05:00:00
2023-09-09,06:00,39.61,30.1,64.9,2.36,29.5,1.18,2023-09-09 06:00:00
2023-09-09,07:00,236.77,35.8,66.5,6.53,47.6,9.37,2023-09-09 07:00:00
2023-09-09,08:00,372.61,30.8,69.8,1.14,61.5,14.67,2023-09-09 08:00:00
2023-09-09,09:00,609.29,35.6,56.7,3.86,40.6,23.17,2023-09-09 09:00:00
2023-09-09,10:00,791.83,36.5,50.8,8.3,32.6,29.72,2023-09-09 10:00:00
2023-09-09,11:00,745.84,37.2,56.9,4.19,55.0,27.46,2023-09-09 11:00:00
2023-09-09,12:00,673.02,37.8,57.1,3.92,66.9,24.45,2023-09-09 12:00:00
2023-09-09,13:00,887.86,39.7,50.3,4.57,28.6,30.93,2023-09-09 13:00:00
2023-09-09,14:00,571.07,39.5,53.7,2.72,66.3,21.43,2023-09-09 14:00:00
2023-09-09,15:00,480.13,39.0,58.4,1.39,66.2,17.93,2023-09-09 15:00:00
2023-09-09,16:00,337.47,36.8,64.1,2.54,68.3,13.15,2023-09-09 16:00:00
2023-09-09,17:00,182.43,35.2,65.9,2.17,72.3,7.48,2023-09-09 17:00:00
2023-09-09,18:00,1.18,36.4,63.6,6.59,87.0,0.63,2023-09-09 18:00:00
2023-09-09,19:00,0.0,34.7,62.9,5.75,48.6,0.0,2023-09-09 19:00:00
2023-09-09,20:00,0.0,33.5,63.3,2.85,55.6,0.0,2023-09-09 20:00:00
2023-09-09,21:00,0.0,32.2,52.1,5.61,47.7,0.0,2023-09-09 21:00:00
2023-09-09,22:00,0.0,30.0,64.6,2.35,54.0,0.0,2023-09-09 22:00:00
2023-09-09,23:00,0.0,29.3,80.9,2.29,77.0,0.0,2023-09-09 23:00:00
2023-09-10,00:00,0.0,27.0,73.8,5.09,33.6,0.0,2023-09-10 00:00:00
2023-09-10,01:00,0.0,30.7,66.3,2.89,40.9,0.0,2023-09-10 01:00:00
2023-09-10,02:00,0.0,26.3,82.3,1.48,74.4,0.0,2023-09-10 02:00:00
2023-09-10,03:00,0.0,27.3,73.2,4.79,69.1,0.0,2023-09-10 03:00:00
2023-09-10,04:00,0.0,27.2,70.2,8.62,48.3,0.0,2023-09-10 04:00:00
2023-09-10,05:00,0.0,28.2,79.3,3.97,66.6,0.0,2023-09-10 05:00:00
2023-09-10,06:00,41.9,30.8,70.2,2.6,58.9,1.2,2023-09-10 06:00:00
2023-09-10,07:00,169.27,32.0,71.3,3.1,76.3,6.59,2023-09-10 07:00:00
2023-09-10,08:00,383.65,32.9,70.55,4.39,54.9,15.21,2023-09-10 08:00:00
2023-09-10,09:00,453.86,34.8,69.8,4.68,74.15,18.06,2023-09-10 09:00:00
2023-09-10,10:00,567.825,35.4,74.7,6.1,93.4,12.22,2023-09-10 10:00:00
2023-09-10,11:00,681.79,38.7,60.2,6.38,62.8,25.05,2023-09-10 11:00:00
2023-09-10,12:00,759.1,42.6,50.0,5.84,54.5,27.16,2023-09-10 12:00:00
2023-09-10,13:00,671.83,38.0,57.7,4.39,64.6,25.85,2023-09-10 13:00:00
2023-09-10,14:00,716.89,40.5,54.1,3.44,48.3,26.56,2023-09-10 14:00:00
2023-09-10,15:00,287.34,39.6,58.6,4.55,89.6,11.13,2023-09-10 15:00:00
2023-09-10,16:00,402.95,40.1,50.4,4.48,56.5,14.54,2023-09-10 16:00:00
2023-09-10,17:00,234.78,39.2,47.8,2.38,49.7,9.04,2023-09-10 17:00:00
2023-09-10,18:00,35.95,37.1,59.6,3.7,41.3,0.94,2023-09-10 18:00:00
2023-09-10,19:00,0.0,35.2,61.9,2.34,70.2,0.0,2023-09-10 19:00:00
2023-09-10,20:00,0.0,33.0,68.8,6.26,66.8,0.0,2023-09-10 20:00:00
2023-09-10,21:00,0.0,30.8,64.9,2.87,46.3,0.0,2023-09-10 21:00:00
2023-09-10,22:00,0.0,30.6,81.3,5.36,62.4,0.0,2023-09-10 22:00:00
2023-09-10,23:00,0.0,27.2,68.8,3.12,31.2,0.0,2023-09-10 23:00:00
2023-09-11,00:00,0.0,27.3,65.7,5.06,56.4,0.0,2023-09-11 00:00:00
2023-09-11,01:00,0.0,29.8,75.1,2.4,60.4,0.0,2023-09-11 01:00:00
2023-09-11,02:00,0.0,27.8,76.5,5.06,79.2,0.0,2023-09-11 02:00:00
2023-09-11,03:00,0.0,29.4,65.6,2.19,42.0,0.0,2023-09-11 03:00:00
2023-09-11,04:00,0.0,31.0,59.4,3.62,34.4,0.0,2023-09-11 04:00:00
2023-09-11,05:00,0.0,29.0,67.3,1.82,40.1,0.0,2023-09-11 05:00:00
2023-09-11,06:00,33.12,31.0,62.6,3.79,33.5,1.28,2023-09-11 06:00:00
2023-09-11,07:00,174.57,31.5,68.6,5.48,73.6,7.1,2023-09-11 07:00:00
2023-09-11,08:00,287.2,32.1,69.0,5.01,76.8,11.6,2023-09-11 08:00:00
2023-09-11,09:00,531.04,33.4,64.9,1.37,58.4,20.55,2023-09-11 09:00:00
2023-09-11,10:00,542.33,38.1,51.5,3.63,71.9,20.02,2023-09-11 10:00:00
2023-09-11,11:00,739.24,38.2,50.8,5.75,55.6,27.42,2023-09-11 11:00:00
2023-09-11,12:00,787.93,42.1,56.6,4.39,52.2,28.14,2023-09-11 12:00:00
2023-09-11,13:00,776.74,41.1,51.8,1.44,48.6,28.33,2023-09-11 13:00:00
2023-09-11,14:00,709.55,38.3,52.7,2.89,48.9,26.49,2023-09-11 14:00:00
2023-09-11,15:00,652.15,40.9,39.5,3.93,30.4,24.53,2023-09-11 15:00:00
2023-09-11,16:00,395.48,38.2,56.9,2.15,57.5,14.88,2023-09-11 16:00:00
2023-09-11,17:00,222.16,40.0,57.2,4.57,53.0,9.26,2023-09-11 17:00:00
2023-09-11,18:00,8.83,35.7,73.2,4.31,64.8,0.4,2023-09-11 18:00:00
2023-09-11,19:00,0.0,33.2,71.5,2.31,55.0,0.0,2023-09-11 19:00:00
2023-09-11,20:00,0.0,32.2,60.9,3.9,51.1,0.0,2023-09-11 20:00:00
2023-09-11,21:00,0.0,30.7,62.1,5.41,40.5,0.0,2023-09-11 21:00:00
2023-09-11,22:00,0.0,29.1,64.1,3.1,54.7,0.0,2023-09-11 22:00:00
2023-09-11,23:00,0.0,28.3,70.3,2.52,64.7,0.0,2023-09-11 23:00:00
2023-09-12,00:00,0.0,29.8,63.5,4.68,36.2,0.0,2023-09-12 00:00:00
2023-09-12,01:00,0.0,30.9,65.8,1.53,54.7,0.0,2023-09-12 01:00:00
2023-09-12,02:00,0.0,25.0,84.9,5.58,56.8,0.0,2023-09-12 02:00:00
2023-09-12,03:00,0.0,29.9,60.5,6.94,50.65,0.0,2023-09-12 03:00:00
2023-09-12,04:00,0.0,27.4,69.9,7.45,44.5,0.0,2023-09-12 04:00:00
2023-09-12,05:00,0.0,29.8,61.2,3.36,56.8,0.0,2023-09-12 05:00:00
2023-09-12,06:00,24.43,27.4,69.3,4.25,36.3,0.45,2023-09-12 06:00:00
2023-09-12,07:00,204.87,32.8,60.1,5.8,58.6,7.83,2023-09-12 07:00:00
2023-09-12,08:00,450.55,29.8,69.7,2.41,39.9,18.69,2023-09-12 08:00:00
2023-09-12,09:00,453.92,35.5,62.9,1.14,69.3,17.36,2023-09-12 09:00:00
2023-09-12,10:00,363.74,36.9,61.1,3.15,88.4,14.46,2023-09-12 10:00:00
2023-09-12,11:00,841.13,38.0,44.7,6.08,40.4,31.08,2023-09-12 11:00:00
2023-09-12,12:00,717.12,37.3,55.5,3.69,61.4,26.88,2023-09-12 12:00:00
2023-09-12,13:00,822.46,40.2,51.3,3.8,42.4,29.65,2023-09-12 13:00:00
2023-09-12,14:00,558.32,40.1,58.8,4.62,69.0,20.93,2023-09-12 14:00:00
2023-09-12,15:00,641.77,38.8,48.4,4.01,34.4,24.11,2023-09-12 15:00:00
2023-09-12,16:00,370.39,39.8,59.1,1.4,60.6,14.12,2023-09-12 16:00:00
2023-09-12,17:00,249.55,37.5,49.3,3.95,40.3,10.16,2023-09-12 17:00:00
2023-09-12,18:00,29.46,37.4,44.8,4.38,50.2,1.1,2023-09-12 18:00:00
2023-09-12,19:00,0.0,34.8,58.4,4.35,37.9,0.0,2023-09-12 19:00:00
2023-09-12,20:00,0.0,33.8,70.9,4.84,65.7,0.0,2023-09-12 20:00:00
2023-09-12,21:00,0.0,32.9,66.0,3.76,40.8,0.0,2023-09-12 21:00:00
2023-09-12,22:00,0.0,29.95,65.7,6.27,61.6,0.0,2023-09-12 22:00:00
2023-09-12,23:00,0.0,27.0,69.4,3.5,48.2,0.0,2023-09-12 23:00:00
2023-09-13,00:00,0.0,28.6,72.8,3.75,51.4,0.0,2023-09-13 00:00:00
2023-09-13,01:00,0.0,29.6,66.9,5.18,55.3,0.0,2023-09-13 01:00:00
2023-09-13,02:00,0.0,27.8,69.1,5.59,41.7,0.0,2023-09-13 02:00:00
2023-09-13,03:00,0.0,28.0,69.2,4.38,56.3,0.0,2023-09-13 03:00:00
2023-09-13,04:00,0.0,28.0,72.7,1.9,76.1,0.0,2023-09-13 04:00:00
2023-09-13,05:00,0.0,30.3,61.3,2.91,41.4,0.0,2023-09-13 05:00:00
2023-09-13,06:00,15.69,29.9,76.6,1.04,70.7,0.95,2023-09-13 06:00:00
2023-09-13,07:00,149.08,30.9,72.6,2.75,75.6,6.63,2023-09-13 07:00:00
2023-09-13,08:00,448.08,35.3,65.85,3.99,40.9,17.03,2023-09-13 08:00:00
2023-09-13,09:00,636.78,33.9,59.1,5.36,31.3,23.92,2023-09-13 09:00:00
2023-09-13,10:00,637.5,37.9,64.0,4.07,57.6,23.98,2023-09-13 10:00:00
2023-09-13,11:00,787.33,39.5,55.2,1.27,44.9,28.89,2023-09-13 11:00:00
2023-09-13,12:00,505.66,39.5,64.1,2.58,81.1,19.02,2023-09-13 12:00:00
2023-09-13,13:00,732.01,36.8,57.7,4.03,53.6,26.85,2023-09-13 13:00:00
2023-09-13,14:00,734.07,39.3,63.4,4.72,41.1,26.29,2023-09-13 14:00:00
2023-09-13,15:00,631.72,38.7,51.4,5.89,35.9,23.79,2023-09-13 15:00:00
2023-09-13,16:00,330.2,37.6,53.1,7.54,69.5,12.96,2023-09-13 16:00:00
2023-09-13,17:00,226.75,37.8,55.5,6.17,44.5,8.86,2023-09-13 17:00:00
2023-09-13,18:00,19.92,37.6,53.1,3.52,53.8,1.18,2023-09-13 18:00:00
2023-09-13,19:00,0.0,34.0,69.9,4.95,67.4,0.0,2023-09-13 19:00:00
2023-09-13,20:00,0.0,33.0,64.9,2.49,45.8,0.0,2023-09-13 20:00:00
2023-09-13,21:00,0.0,31.3,65.4,1.48,52.4,0.0,2023-09-13 21:00:00
2023-09-13,22:00,0.0,32.4,61.1,1.4,52.9,0.0,2023-09-13 22:00:00
2023-09-13,23:00,0.0,28.6,73.5,2.5,63.4,0.0,2023-09-13 23:00:00
2023-09-14,00:00,0.0,25.7,74.3,1.24,61.7,0.0,2023-09-14 00:00:00
2023-09-14,01:00,0.0,24.5,78.8,5.74,49.5,0.0,2023-09-14 01:00:00
2023-09-14,02:00,0.0,27.7,74.1,3.62,53.8,0.0,2023-09-14 02:00:00
2023-09-14,03:00,0.0,25.9,84.7,5.4,47.3,0.0,2023-09-14 03:00:00
2023-09-14,04:00,0.0,29.1,62.2,6.87,30.7,0.0,2023-09-14 04:00:00
2023-09-14,05:00,0.0,26.5,73.2,9.08,56.7,0.0,2023-09-14 05:00:00
2023-09-14,06:00,8.96,29.1,76.0,6.82,81.2,1.0,2023-09-14 06:00:00
2023-09-14,07:00,221.45,29.1,65.8,4.77,39.6,9.62,2023-09-14 07:00:00
2023-09-14,08:00,458.79,33.9,63.6,3.4,41.3,17.3,2023-09-14 08:00:00
2023-09-14,09:00,609.31,35.8,55.1,4.13,39.8,23.75,2023-09-14 09:00:00
2023-09-14,10:00,603.45,36.7,68.8,5.45,63.7,22.39,2023-09-14 10:00:00
2023-09-14,11:00,687.08,35.4,64.1,6.24,59.6,25.98,2023-09-14 11:00:00
2023-09-14,12:00,798.55,36.9,55.3,7.23,50.5,29.15,2023-09-14 12:00:00
2023-09-14,13:00,844.91,39.3,47.9,4.85,39.1,30.33,2023-09-14 13:00:00
2023-09-14,14:00,663.14,36.1,63.6,3.85,54.2,24.52,2023-09-14 14:00:00
2023-09-14,15:00,634.98,38.5,49.7,7.56,29.4,24.52,2023-09-14 15:00:00
2023-09-14,16:00,386.72,41.0,52.3,7.28,55.0,14.83,2023-09-14 16:00:00
2023-09-14,17:00,165.78,37.0,58.6,3.56,65.9,6.74,2023-09-14 17:00:00
2023-09-14,18:00,20.63,33.4,58.2,4.39,34.1,0.43,2023-09-14 18:00:00
2023-09-14,19:00,0.0,33.6,54.5,5.39,29.9,0.0,2023-09-14 19:00:00
2023-09-14,20:00,0.0,32.0,76.6,3.36,76.5,0.0,2023-09-14 20:00:00
2023-09-14,21:00,0.0,35.4,60.7,5.55,43.7,0.0,2023-09-14 21:00:00
2023-09-14,22:00,0.0,33.1,67.1,1.81,69.9,0.0,2023-09-14 22:00:00
2023-09-14,23:00,0.0,30.2,66.6,3.58,50.5,0.0,2023-09-14 23:00:00
2023-09-15,00:00,0.0,27.1,72.3,3.58,50.1,0.0,2023-09-15 00:00:00
2023-09-15,01:00,0.0,29.3,70.8,4.58,59.2,0.0,2023-09-15 01:00:00
2023-09-15,02:00,0.0,24.9,68.7,1.84,39.3,0.0,2023-09-15 02:00:00
2023-09-15,03:00,0.0,29.1,62.4,1.75,54.6,0.0,2023-09-15 03:00:00
2023-09-15,04:00,0.0,28.75,64.4,6.27,46.9,0.0,2023-09-15 04:00:00
2023-09-15,05:00,0.0,28.4,65.1,2.79,32.8,0.0,2023-09-15 05:00:00
2023-09-15,06:00,23.65,32.0,63.5,2.89,57.6,1.35,2023-09-15 06:00:00
2023-09-15,07:00,215.0,30.6,69.5,5.15,48.6,9.12,2023-09-15 07:00:00
2023-09-15,08:00,404.44,30.7,65.6,3.28,50.2,16.67,2023-09-15 08:00:00
2023-09-15,09:00,625.72,36.2,61.8,5.58,34.4,24.03,2023-09-15 09:00:00
2023-09-15,10:00,474.21,35.8,63.2,3.22,76.4,19.01,2023-09-15 10:00:00
2023-09-15,11:00,641.06,38.3,59.5,5.04,65.7,23.75,2023-09-15 11:00:00
2023-09-15,12:00,649.06,41.4,53.5,3.78,67.0,24.17,2023-09-15 12:00:00
2023-09-15,13:00,778.49,37.4,57.7,6.8,48.0,28.18,2023-09-15 13:00:00
2023-09-15,14:00,781.82,38.7,52.9,2.89,26.6,28.84,2023-09-15 14:00:00
2023-09-15,15:00,338.34,41.5,60.7,3.05,81.9,13.01,2023-09-15 15:00:00
2023-09-15,16:00,397.36,39.3,45.8,7.62,51.7,15.77,2023-09-15 16:00:00
2023-09-15,17:00,244.75,35.9,58.5,4.89,41.3,10.46,2023-09-15 17:00:00
2023-09-15,18:00,15.28,34.2,59.4,5.12,58.8,0.96,2023-09-15 18:00:00
2023-09-15,19:00,0.0,33.5,66.0,2.75,70.1,0.0,2023-09-15 19:00:00
2023-09-15,20:00,0.0,31.6,68.4,3.81,52.2,0.0,2023-09-15 20:00:00
2023-09-15,21:00,0.0,31.8,65.8,2.83,71.8,0.0,2023-09-15 21:00:00
2023-09-15,22:00,0.0,30.1,76.7,2.58,68.8,0.0,2023-09-15 22:00:00
2023-09-15,23:00,0.0,29.2,63.9,3.83,36.4,0.0,2023-09-15 23:00:00
2023-09-16,00:00,0.0,26.0,80.2,8.47,42.2,0.0,2023-09-16 00:00:00
2023-09-16,01:00,0.0,26.8,76.7,2.37,66.6,0.0,2023-09-16 01:00:00
2023-09-16,02:00,0.0,23.1,75.1,2.5,11.6,0.0,2023-09-16 02:00:00
2023-09-16,03:00,0.0,27.2,76.5,2.51,50.0,0.0,2023-09-16 03:00:00
2023-09-16,04:00,0.0,26.6,60.7,5.26,30.8,0.0,2023-09-16 04:00:00
2023-09-16,05:00,0.0,26.0,67.1,3.71,45.1,0.0,2023-09-16 05:00:00
2023-09-16,06:00,8.2,30.6,66.5,3.15,47.8,1.07,2023-09-16 06:00:00
2023-09-16,07:00,221.46,30.1,64.2,5.68,46.9,9.06,2023-09-16 07:00:00
2023-09-16,08:00,424.94,34.2,66.0,2.76,44.0,15.72,2023-09-16 08:00:00
2023-09-16,09:00,617.22,34.6,56.1,3.18,35.8,23.85,2023-09-16 09:00:00
2023-09-16,10:00,372.57,36.5,65.7,1.55,86.7,14.5,2023-09-16 10:00:00
2023-09-16,11:00,488.9,37.1,58.8,1.85,80.3,18.62,2023-09-16 11:00:00
2023-09-16,12:00,873.5,40.3,49.9,1.96,34.9,30.98,2023-09-16 12:00:00
2023-09-16,13:00,535.45,39.2,55.5,2.98,76.0,20.1,2023-09-16 13:00:00
2023-09-16,14:00,705.52,37.5,57.1,3.77,46.3,26.83,2023-09-16 14:00:00
2023-09-16,15:00,561.54,38.7,57.8,0.6,54.2,21.22,2023-09-16 15:00:00
2023-09-16,16:00,398.57,37.3,53.9,2.24,51.3,15.53,2023-09-16 16:00:00
2023-09-16,17:00,231.61,37.3,58.5,2.17,42.4,9.07,2023-09-16 17:00:00
2023-09-16,18:00,14.26,35.0,63.2,2.55,67.0,1.28,2023-09-16 18:00:00
2023-09-16,19:00,0.0,33.1,58.0,2.12,54.2,0.0,2023-09-16 19:00:00
2023-09-16,20:00,0.0,33.1,67.8,2.27,45.1,0.0,2023-09-16 20:00:00
2023-09-16,21:00,0.0,31.3,57.5,8.22,32.7,0.0,2023-09-16 21:00:00
2023-09-16,22:00,0.0,31.7,64.2,4.11,38.9,0.0,2023-09-16 22:00:00
2023-09-16,23:00,0.0,27.8,66.9,5.06,27.7,0.0,2023-09-16 23:00:00
2023-09-17,00:00,0.0,23.8,78.9,5.47,52.2,0.0,2023-09-17 00:00:00
2023-09-17,01:00,0.0,26.1,70.8,4.49,34.0,0.0,2023-09-17 01:00:00
2023-09-17,02:00,0.0,23.7,72.6,4.69,48.0,0.0,2023-09-17 02:00:00
2023-09-17,03:00,0.0,27.5,83.6,4.3,72.5,0.0,2023-09-17 03:00:00
2023-09-17,04:00,0.0,24.4,84.7,4.39,70.0,0.0,2023-09-17 04:00:00
2023-09-17,05:00,0.0,26.6,74.9,6.67,51.5,0.0,2023-09-17 05:00:00
2023-09-17,06:00,0.0,28.9,64.0,2.22,50.7,0.0,2023-09-17 06:00:00
2023-09-17,07:00,158.35,33.8,65.4,2.65,80.2,7.1,2023-09-17 07:00:00
2023-09-17,08:00,347.27,30.7,71.5,1.69,59.8,13.05,2023-09-17 08:00:00
2023-09-17,09:00,572.2,34.2,52.5,5.62,47.1,21.31,2023-09-17 09:00:00
2023-09-17,10:00,778.81,36.6,54.1,3.43,30.6,29.36,2023-09-17 10:00:00
2023-09-17,11:00,711.23,39.5,49.9,6.36,57.9,25.98,2023-09-17 11:00:00
2023-09-17,12:00,678.12,39.2,53.8,3.27,64.4,25.08,2023-09-17 12:00:00
2023-09-17,13:00,801.22,40.4,44.4,3.41,42.5,29.57,2023-09-17 13:00:00
2023-09-17,14:00,652.59,40.1,54.9,3.43,56.3,24.17,2023-09-17 14:00:00
2023-09-17,15:00,581.81,36.2,61.8,4.2,46.5,22.8,2023-09-17 15:00:00
2023-09-17,16:00,402.26,38.4,56.1,5.08,49.2,15.41,2023-09-17 16:00:00
2023-09-17,17:00,251.18,38.4,47.9,3.0,14.7,10.14,2023-09-17 17:00:00
2023-09-17,18:00,7.85,33.9,62.0,4.29,48.7,0.35,2023-09-17 18:00:00
2023-09-17,19:00,0.0,33.1,69.7,2.31,66.5,0.0,2023-09-17 19:00:00
2023-09-17,20:00,0.0,31.1,65.8,3.91,42.5,0.0,2023-09-17 20:00:00
2023-09-17,21:00,0.0,32.4,53.7,3.88,52.8,0.0,2023-09-17 21:00:00
2023-09-17,22:00,0.0,29.5,69.5,6.13,40.6,0.0,2023-09-17 22:00:00
2023-09-17,23:00,0.0,27.8,75.9,6.22,57.4,0.0,2023-09-17 23:00:00
2023-09-18,00:00,0.0,24.9,73.3,3.61,48.4,0.0,2023-09-18 00:00:00
2023-09-18,01:00,0.0,26.5,61.7,1.1,37.6,0.0,2023-09-18 01:00:00
2023-09-18,02:00,0.0,25.4,80.8,5.69,71.7,0.0,2023-09-18 02:00:00
2023-09-18,03:00,0.0,27.1,77.1,0.59,65.6,0.0,2023-09-18 03:00:00
2023-09-18,04:00,0.0,25.2,71.1,3.57,42.6,0.0,2023-09-18 04:00:00
2023-09-18,05:00,0.0,28.5,72.8,1.04,59.1,0.0,2023-09-18 05:00:00
2023-09-18,06:00,16.48,28.6,76.3,3.01,59.7,0.46,2023-09-18 06:00:00
2023-09-18,07:00,181.37,28.6,82.0,4.32,61.3,6.71,2023-09-18 07:00:00
2023-09-18,08:00,443.38,30.0,62.2,3.09,26.3,17.79,2023-09-18 08:00:00
2023-09-18,09:00,455.47,31.8,70.3,6.65,66.8,17.78,2023-09-18 09:00:00
2023-09-18,10:00,713.18,35.0,55.0,4.34,43.1,27.34,2023-09-18 10:00:00
2023-09-18,11:00,791.9,36.9,54.2,4.37,46.3,28.56,2023-09-18 11:00:00
2023-09-18,12:00,369.58,38.1,65.1,3.1,91.2,14.1,2023-09-18 12:00:00
2023-09-18,13:00,722.44,38.8,60.6,1.25,56.2,26.4,2023-09-18 13:00:00
2023-09-18,14:00,708.44,37.0,59.2,4.9,45.9,26.57,2023-09-18 14:00:00
2023-09-18,15:00,659.42,40.1,52.2,4.76,18.6,25.1,2023-09-18 15:00:00
2023-09-18,16:00,292.06,36.8,57.0,3.8,72.5,10.98,2023-09-18 16:00:00
2023-09-18,17:00,232.33,37.5,46.3,3.29,31.5,9.09,2023-09-18 17:00:00
2023-09-18,18:00,0.05,35.1,60.9,3.84,36.6,0.0,2023-09-18 18:00:00
2023-09-18,19:00,0.0,34.6,65.6,4.95,46.7,0.0,2023-09-18 19:00:00
2023-09-18,20:00,0.0,32.0,70.4,4.74,72.9,0.0,2023-09-18 20:00:00
2023-09-18,21:00,0.0,31.6,50.6,4.44,63.3,0.0,2023-09-18 21:00:00
2023-09-18,22:00,0.0,29.4,65.2,6.31,49.3,0.0,2023-09-18 22:00:00
2023-09-18,23:00,0.0,29.6,71.0,4.19,56.3,0.0,2023-09-18 23:00:00
2023-09-19,00:00,0.0,25.6,68.6,0.96,42.3,0.0,2023-09-19 00:00:00
2023-09-19,01:00,0.0,23.3,79.1,4.23,53.4,0.0,2023-09-19 01:00:00
2023-09-19,02:00,0.0,24.5,84.0,4.2,52.4,0.0,2023-09-19 02:00:00
2023-09-19,03:00,0.0,28.4,79.6,1.52,65.9,0.0,2023-09-19 03:00:00
2023-09-19,04:00,0.0,26.8,79.5,3.34,65.8,0.0,2023-09-19 04:00:00
2023-09-19,05:00,0.0,28.2,72.1,4.4,58.7,0.0,2023-09-19 05:00:00
2023-09-19,06:00,0.0,27.3,68.5,4.7,45.9,0.0,2023-09-19 06:00:00
2023-09-19,07:00,166.55,30.8,72.4,6.18,62.5,7.85,2023-09-19 07:00:00
2023-09-19,08:00,396.84,30.4,67.0,5.66,50.0,16.59,2023-09-19 08:00:00
2023-09-19,09:00,625.15,32.2,60.7,1.84,35.1,24.93,2023-09-19 09:00:00
2023-09-19,10:00,694.02,34.5,53.4,4.18,45.3,26.02,2023-09-19 10:00:00
2023-09-19,11:00,746.08,37.3,54.3,4.12,52.6,27.21,2023-09-19 11:00:00
2023-09-19,12:00,661.71,38.4,61.7,2.79,65.0,24.88,2023-09-19 12:00:00
2023-09-19,13:00,752.0,39.1,49.1,2.21,48.6,27.85,2023-09-19 13:00:00
2023-09-19,14:00,745.44,35.4,56.3,2.29,33.2,27.76,2023-09-19 14:00:00
2023-09-19,15:00,542.37,38.0,57.7,2.18,52.2,19.66,2023-09-19 15:00:00
2023-09-19,16:00,378.4,37.1,59.5,5.37,53.0,14.39,2023-09-19 16:00:00
2023-09-19,17:00,187.01,33.7,65.2,2.02,54.1,7.74,2023-09-19 17:00:00
2023-09-19,18:00,0.0,35.3,65.8,2.61,65.1,0.0,2023-09-19 18:00:00
2023-09-19,19:00,0.0,33.3,64.2,2.38,66.6,0.0,2023-09-19 19:00:00
2023-09-19,20:00,0.0,33.2,54.9,4.74,42.4,0.0,2023-09-19 20:00:00
2023-09-19,21:00,0.0,30.8,60.8,2.08,42.1,0.0,2023-09-19 21:00:00
2023-09-19,22:00,0.0,28.2,69.6,1.09,35.7,0.0,2023-09-19 22:00:00
2023-09-19,23:00,0.0,29.7,66.1,3.1,61.8,0.0,2023-09-19 23:00:00
2023-09-20,00:00,0.0,22.9,79.7,2.79,72.7,0.0,2023-09-20 00:00:00
2023-09-20,01:00,0.0,26.1,68.2,3.21,46.3,0.0,2023-09-20 01:00:00
2023-09-20,02:00,0.0,22.9,70.1,5.0,47.4,0.0,2023-09-20 02:00:00
2023-09-20,03:00,0.0,24.6,76.8,0.92,73.0,0.0,2023-09-20 03:00:00
2023-09-20,04:00,0.0,27.8,76.9,1.25,58.6,0.0,2023-09-20 04:00:00
2023-09-20,05:00,0.0,25.5,73.3,2.56,57.5,0.0,2023-09-20 05:00:00
2023-09-20,06:00,0.01,26.5,61.5,6.14,33.1,0.02,2023-09-20 06:00:00
2023-09-20,07:00,170.32,34.8,61.0,2.14,61.2,6.53,2023-09-20 07:00:00
2023-09-20,08:00,422.65,29.6,66.9,9.67,37.1,16.54,2023-09-20 08:00:00
2023-09-20,09:00,594.83,36.6,46.3,5.36,34.0,22.81,2023-09-20 09:00:00
2023-09-20,10:00,711.71,34.7,63.2,3.47,45.8,26.13,2023-09-20 10:00:00
2023-09-20,11:00,788.89,35.4,51.7,4.96,42.2,29.52,2023-09-20 11:00:00
2023-09-20,12:00,805.06,38.3,52.9,3.75,47.7,28.79,2023-09-20 12:00:00
2023-09-20,13:00,852.1,40.3,45.3,3.97,29.4,30.4,2023-09-20 13:00:00
2023-09-20,14:00,572.28,36.0,60.1,4.04,65.4,21.58,2023-09-20 14:00:00
2023-09-20,15:00,443.01,36.9,61.4,4.39,67.9,17.59,2023-09-20 15:00:00
2023-09-20,16:00,454.74,38.8,50.4,1.45,21.8,17.56,2023-09-20 16:00:00
2023-09-20,17:00,175.04,36.8,61.1,4.22,65.7,6.7,2023-09-20 17:00:00
2023-09-20,18:00,87.52,37.0,51.8,4.77,38.8,0.22,2023-09-20 18:00:00
2023-09-20,19:00,0.0,34.5,66.0,2.82,63.8,0.0,2023-09-20 19:00:00
2023-09-20,20:00,0.0,35.3,60.4,7.95,50.0,0.0,2023-09-20 20:00:00
2023-09-20,21:00,0.0,30.8,64.0,2.0,51.4,0.0,2023-09-20 21:00:00
2023-09-20,22:00,0.0,29.5,68.0,6.4,48.2,0.0,2023-09-20 22:00:00
2023-09-20,23:00,0.0,28.4,71.7,4.54,69.2,0.0,2023-09-20 23:00:00
2023-09-21,00:00,0.0,26.4,64.9,4.47,32.0,0.0,2023-09-21 00:00:00
2023-09-21,01:00,0.0,27.6,76.8,5.99,59.7,0.0,2023-09-21 01:00:00
2023-09-21,02:00,0.0,26.3,79.1,5.57,67.1,0.0,2023-09-21 02:00:00
2023-09-21,03:00,0.0,27.5,77.2,2.97,61.4,0.0,2023-09-21 03:00:00
2023-09-21,04:00,0.0,28.4,81.3,4.7,85.5,0.0,2023-09-21 04:00:00
2023-09-21,05:00,0.0,28.4,64.5,1.37,42.7,0.0,2023-09-21 05:00:00
2023-09-21,06:00,0.0,29.8,75.6,3.5,65.0,0.0,2023-09-21 06:00:00
2023-09-21,07:00,198.23,28.5,68.3,6.83,49.0,8.44,2023-09-21 07:00:00
2023-09-21,08:00,306.27,30.9,74.6,2.65,69.1,13.36,2023-09-21 08:00:00
2023-09-21,09:00,544.11,35.0,59.6,1.36,50.5,21.29,2023-09-21 09:00:00
2023-09-21,10:00,698.67,37.4,56.4,4.05,44.8,26.18,2023-09-21 10:00:00
2023-09-21,11:00,586.9,32.6,70.0,3.02,70.2,21.76,2023-09-21 11:00:00
2023-09-21,12:00,796.21,36.1,59.9,3.13,43.3,29.45,2023-09-21 12:00:00
2023-09-21,13:00,848.39,37.7,44.3,4.05,29.4,31.42,2023-09-21 13:00:00
2023-09-21,14:00,690.06,36.3,50.0,4.25,42.9,25.65,2023-09-21 14:00:00
2023-09-21,15:00,500.78,36.2,63.4,3.38,59.9,20.11,2023-09-21 15:00:00
2023-09-21,16:00,291.74,37.9,62.5,3.7,71.5,11.68,2023-09-21 16:00:00
2023-09-21,17:00,178.04,39.0,51.5,9.0,52.3,7.26,2023-09-21 17:00:00
2023-09-21,18:00,0.0,31.2,72.3,7.24,70.4,0.0,2023-09-21 18:00:00
2023-09-21,19:00,0.0,33.1,52.3,4.71,30.3,0.0,2023-09-21 19:00:00
2023-09-21,20:00,0.0,32.7,75.0,2.09,44.0,0.0,2023-09-21 20:00:00
2023-09-21,21:00,0.0,31.7,69.3,3.04,46.3,0.0,2023-09-21 21:00:00
2023-09-21,22:00,0.0,29.5,70.5,6.07,48.9,0.0,2023-09-21 22:00:00
2023-09-21,23:00,0.0,30.8,67.1,3.32,51.9,0.0,2023-09-21 23:00:00
2023-09-22,00:00,0.0,26.6,72.8,7.2,60.6,0.0,2023-09-22 00:00:00
2023-09-22,01:00,0.0,28.3,63.2,3.61,43.6,0.0,2023-09-22 01:00:00
2023-09-22,02:00,0.0,24.5,75.9,5.85,52.3,0.0,2023-09-22 02:00:00
2023-09-22,03:00,0.0,26.0,70.0,1.22,49.6,0.0,2023-09-22 03:00:00
2023-09-22,04:00,0.0,24.3,69.4,3.37,36.4,0.0,2023-09-22 04:00:00
2023-09-22,05:00,0.0,29.1,62.8,4.67,48.6,0.0,2023-09-22 05:00:00
2023-09-22,06:00,0.0,28.5,70.3,5.86,48.1,0.0,2023-09-22 06:00:00
2023-09-22,07:00,187.92,30.8,64.2,4.19,47.8,7.66,2023-09-22 07:00:00
2023-09-22,08:00,385.87,31.1,68.2,2.16,50.7,14.85,2023-09-22 08:00:00
2023-09-22,09:00,552.44,34.3,63.2,6.1,51.4,21.41,2023-09-22 09:00:00
2023-09-22,10:00,698.76,35.4,58.8,4.01,43.8,26.14,2023-09-22 10:00:00
2023-09-22,11:00,589.75,34.2,76.7,1.78,69.3,22.34,2023-09-22 11:00:00
2023-09-22,12:00,867.53,35.2,58.7,3.5,32.7,32.15,2023-09-22 12:00:00
2023-09-22,13:00,801.37,37.4,48.7,4.66,39.4,28.97,2023-09-22 13:00:00
2023-09-22,14:00,314.71,38.9,66.5,3.44,92.0,11.53,2023-09-22 14:00:00
2023-09-22,15:00,604.36,40.8,47.3,5.94,34.7,22.41,2023-09-22 15:00:00
2023-09-22,16:00,431.52,37.4,46.0,3.32,30.0,16.35,2023-09-22 16:00:00
2023-09-22,17:00,170.47,37.8,52.9,4.06,61.3,6.87,2023-09-22 17:00:00
2023-09-22,18:00,0.0,31.8,58.9,2.35,54.0,0.0,2023-09-22 18:00:00
2023-09-22,19:00,0.0,36.9,59.1,3.72,46.7,0.0,2023-09-22 19:00:00
2023-09-22,20:00,0.0,32.8,67.2,2.41,82.4,0.0,2023-09-22 20:00:00
2023-09-22,21:00,0.0,30.1,65.5,2.42,27.1,0.0,2023-09-22 21:00:00
2023-09-22,22:00,0.0,28.4,63.7,2.68,20.5,0.0,2023-09-22 22:00:00
2023-09-22,23:00,0.0,25.5,73.5,1.31,27.8,0.0,2023-09-22 23:00:00
2023-09-23,00:00,0.0,24.8,83.0,2.1,63.4,0.0,2023-09-23 00:00:00
2023-09-23,01:00,0.0,29.2,72.3,3.32,66.7,0.0,2023-09-23 01:00:00
2023-09-23,02:00,0.0,23.7,81.5,1.92,42.2,0.0,2023-09-23 02:00:00
2023-09-23,03:00,0.0,23.9,74.7,1.94,60.1,0.0,2023-09-23 03:00:00
2023-09-23,04:00,0.0,25.1,89.6,7.55,70.7,0.0,2023-09-23 04:00:00
2023-09-23,05:00,0.0,25.1,78.0,3.34,76.7,0.0,2023-09-23 05:00:00
2023-09-23,06:00,0.0,28.5,68.6,3.23,46.2,0.0,2023-09-23 06:00:00
2023-09-23,07:00,230.55,31.9,53.7,2.62,15.4,9.62,2023-09-23 07:00:00
2023-09-23,08:00,413.16,30.4,62.3,3.72,37.6,16.08,2023-09-23 08:00:00
2023-09-23,09:00,556.67,30.6,76.7,4.12,43.5,22.27,2023-09-23 09:00:00
2023-09-23,10:00,682.49,35.0,57.1,3.3,46.0,25.58,2023-09-23 10:00:00
2023-09-23,11:00,750.86,35.7,61.6,3.19,47.1,27.6,2023-09-23 11:00:00
2023-09-23,12:00,630.75,38.5,58.0,4.67,66.7,23.8,2023-09-23 12:00:00
2023-09-23,13:00,593.06,36.5,66.2,7.07,69.0,22.61,2023-09-23 13:00:00
2023-09-23,14:00,682.23,37.0,54.1,6.01,47.3,25.86,2023-09-23 14:00:00
2023-09-23,15:00,464.27,37.0,62.1,1.85,66.4,17.01,2023-09-23 15:00:00
2023-09-23,16:00,358.06,36.9,61.0,4.41,55.2,14.22,2023-09-23 16:00:00
2023-09-23,17:00,198.27,35.1,57.2,0.82,50.8,7.74,2023-09-23 17:00:00
2023-09-23,18:00,0.0,33.5,76.6,4.31,63.5,0.0,2023-09-23 18:00:00
2023-09-23,19:00,0.0,29.7,70.9,3.5,51.0,0.0,2023-09-23 19:00:00
2023-09-23,20:00,0.0,30.5,73.5,3.62,80.7,0.0,2023-09-23 20:00:00
2023-09-23,21:00,0.0,31.3,57.3,4.08,28.3,0.0,2023-09-23 21:00:00
2023-09-23,22:00,0.0,30.0,65.9,4.93,42.1,0.0,2023-09-23 22:00:00
2023-09-23,23:00,0.0,26.4,67.5,4.84,48.0,0.0,2023-09-23 23:00:00
2023-09-24,00:00,0.0,28.5,78.4,1.31,56.1,0.0,2023-09-24 00:00:00
2023-09-24,01:00,0.0,25.5,80.6,4.89,68.5,0.0,2023-09-24 01:00:00
2023-09-24,02:00,0.0,22.9,77.6,5.56,49.1,0.0,2023-09-24 02:00:00
2023-09-24,03:00,0.0,22.6,77.3,1.51,28.1,0.0,2023-09-24 03:00:00
2023-09-24,04:00,0.0,28.3,70.2,2.87,62.1,0.0,2023-09-24 04:00:00
2023-09-24,05:00,0.0,26.4,71.0,5.26,60.8,0.0,2023-09-24 05:00:00
2023-09-24,06:00,0.0,26.1,65.4,3.63,20.4,0.0,2023-09-24 06:00:00
2023-09-24,07:00,190.67,25.7,74.3,4.64,49.4,7.43,2023-09-24 07:00:00
2023-09-24,08:00,424.01,30.6,62.6,3.67,25.6,16.9,2023-09-24 08:00:00
2023-09-24,09:00,586.54,33.6,53.6,7.93,39.5,23.14,2023-09-24 09:00:00
2023-09-24,10:00,719.33,33.1,57.5,6.8,35.9,27.9,2023-09-24 10:00:00
2023-09-24,11:00,654.98,33.7,52.5,2.68,61.6,24.35,2023-09-24 11:00:00
2023-09-24,12:00,754.41,35.5,54.8,3.15,51.2,27.86,2023-09-24 12:00:00
2023-09-24,13:00,842.7,39.4,51.3,3.36,30.2,30.18,2023-09-24 13:00:00
2023-09-24,14:00,569.86,34.8,67.3,1.76,62.7,21.5,2023-09-24 14:00:00
2023-09-24,15:00,617.08,36.0,48.4,3.23,28.0,23.69,2023-09-24 15:00:00
2023-09-24,16:00,355.75,38.7,54.3,5.14,54.4,14.99,2023-09-24 16:00:00
2023-09-24,17:00,204.16,36.5,54.7,5.71,37.3,7.75,2023-09-24 17:00:00
2023-09-24,18:00,0.0,34.7,63.3,6.1,44.0,0.0,2023-09-24 18:00:00
2023-09-24,19:00,0.0,31.7,72.8,0.96,57.0,0.0,2023-09-24 19:00:00
2023-09-24,20:00,0.0,31.4,67.8,5.24,57.3,0.0,2023-09-24 20:00:00
2023-09-24,21:00,0.0,28.8,73.1,3.68,69.5,0.0,2023-09-24 21:00:00
2023-09-24,22:00,0.0,26.8,66.1,2.33,48.2,0.0,2023-09-24 22:00:00
2023-09-24,23:00,0.0,25.1,76.3,3.66,54.1,0.0,2023-09-24 23:00:00
2023-09-25,00:00,0.0,27.4,77.8,5.68,42.5,0.0,2023-09-25 00:00:00
2023-09-25,01:00,0.0,25.2,80.3,3.37,51.8,0.0,2023-09-25 01:00:00
2023-09-25,02:00,0.0,25.7,76.1,8.7,55.7,0.0,2023-09-25 02:00:00
2023-09-25,03:00,0.0,25.6,74.7,4.22,47.6,0.0,2023-09-25 03:00:00
2023-09-25,04:00,0.0,26.7,62.7,3.62,22.0,0.0,2023-09-25 04:00:00
2023-09-25,05:00,0.0,26.4,72.5,2.75,54.0,0.0,2023-09-25 05:00:00
2023-09-25,06:00,0.0,27.3,73.3,0.9,54.5,0.0,2023-09-25 06:00:00
2023-09-25,07:00,208.24,28.1,68.2,4.19,38.9,7.79,2023-09-25 07:00:00
2023-09-25,08:00,425.29,28.6,68.6,4.03,29.8,16.47,2023-09-25 08:00:00
2023-09-25,09:00,416.36,30.7,75.6,3.74,71.2,16.99,2023-09-25 09:00:00
2023-09-25,10:00,615.95,33.5,65.9,3.84,56.4,23.47,2023-09-25 10:00:00
2023-09-25,11:00,772.4,32.5,58.7,5.68,45.6,28.75,2023-09-25 11:00:00
2023-09-25,12:00,852.04,33.9,53.3,2.85,32.0,30.62,2023-09-25 12:00:00
2023-09-25,13:00,790.86,38.8,47.4,3.9,36.7,28.39,2023-09-25 13:00:00
2023-09-25,14:00,526.06,37.6,61.7,4.56,68.6,20.29,2023-09-25 14:00:00
2023-09-25,15:00,522.17,36.1,50.5,2.34,51.1,20.16,2023-09-25 15:00:00
2023-09-25,16:00,398.69,40.4,49.6,6.61,40.8,15.24,2023-09-25 16:00:00
2023-09-25,17:00,173.84,32.4,71.2,4.89,56.7,7.02,2023-09-25 17:00:00
2023-09-25,18:00,0.0,35.9,58.0,1.39,36.9,0.0,2023-09-25 18:00:00
2023-09-25,19:00,0.0,32.5,67.7,5.88,71.6,0.0,2023-09-25 19:00:00
2023-09-25,20:00,0.0,32.6,65.6,6.69,69.4,0.0,2023-09-25 20:00:00
2023-09-25,21:00,0.0,29.8,69.0,5.27,42.1,0.0,2023-09-25 21:00:00
2023-09-25,22:00,0.0,24.8,73.9,3.33,39.6,0.0,2023-09-25 22:00:00
2023-09-25,23:00,0.0,27.1,60.8,9.15,9.8,0.0,2023-09-25 23:00:00
2023-09-26,00:00,0.0,26.4,64.7,1.89,26.4,0.0,2023-09-26 00:00:00
2023-09-26,01:00,0.0,21.2,75.6,3.83,28.6,0.0,2023-09-26 01:00:00
2023-09-26,02:00,0.0,28.5,68.7,2.14,50.7,0.0,2023-09-26 02:00:00
2023-09-26,03:00,0.0,25.7,75.5,3.39,43.8,0.0,2023-09-26 03:00:00
2023-09-26,04:00,0.0,27.0,71.6,6.65,28.5,0.0,2023-09-26 04:00:00
2023-09-26,05:00,0.0,24.6,68.7,5.28,44.4,0.0,2023-09-26 05:00:00
2023-09-26,06:00,0.0,29.2,65.4,5.19,56.2,0.0,2023-09-26 06:00:00
2023-09-26,07:00,183.28,31.4,72.4,3.01,56.6,7.5,2023-09-26 07:00:00
2023-09-26,08:00,441.98,31.4,58.6,6.77,20.2,17.16,2023-09-26 08:00:00
2023-09-26,09:00,552.58,32.5,58.4,3.08,46.7,21.25,2023-09-26 09:00:00
2023-09-26,10:00,737.45,32.4,62.3,1.27,27.9,27.17,2023-09-26 10:00:00
2023-09-26,11:00,650.1,34.8,64.7,4.33,62.2,24.93,2023-09-26 11:00:00
2023-09-26,12:00,685.72,35.2,71.1,3.05,60.4,25.69,2023-09-26 12:00:00
2023-09-26,13:00,814.62,37.8,51.2,2.05,35.2,29.9,2023-09-26 13:00:00
2023-09-26,14:00,720.58,35.4,60.6,6.78,37.2,26.57,2023-09-26 14:00:00
2023-09-26,15:00,569.84,37.8,47.9,4.33,41.7,22.12,2023-09-26 15:00:00
2023-09-26,16:00,460.71,34.6,57.4,6.88,14.9,18.56,2023-09-26 16:00:00
2023-09-26,17:00,177.94,34.7,65.2,4.05,53.7,6.58,2023-09-26 17:00:00
2023-09-26,18:00,0.0,35.1,64.9,1.48,44.6,0.0,2023-09-26 18:00:00
2023-09-26,19:00,0.0,31.2,73.4,1.16,63.2,0.0,2023-09-26 19:00:00
2023-09-26,20:00,0.0,32.1,59.5,6.27,32.2,0.0,2023-09-26 20:00:00
2023-09-26,21:00,0.0,30.4,59.6,1.26,39.4,0.0,2023-09-26 21:00:00
2023-09-26,22:00,0.0,27.5,62.9,4.21,26.1,0.0,2023-09-26 22:00:00
2023-09-26,23:00,0.0,28.8,58.2,2.76,33.6,0.0,2023-09-26 23:00:00
2023-09-27,00:00,0.0,25.7,65.4,4.6,30.5,0.0,2023-09-27 00:00:00
2023-09-27,01:00,0.0,27.0,77.0,2.7,63.2,0.0,2023-09-27 01:00:00
2023-09-27,02:00,0.0,28.0,67.2,1.24,37.8,0.0,2023-09-27 02:00:00
2023-09-27,03:00,0.0,24.5,74.9,4.85,40.15,0.0,2023-09-27 03:00:00
2023-09-27,04:00,0.0,26.7,67.4,2.82,42.5,0.0,2023-09-27 04:00:00
2023-09-27,05:00,0.0,25.4,62.1,3.9,29.2,0.0,2023-09-27 05:00:00
2023-09-27,06:00,0.0,25.9,73.3,5.13,45.7,0.0,2023-09-27 06:00:00
2023-09-27,07:00,160.36,28.9,72.5,4.69,57.2,6.2,2023-09-27 07:00:00
2023-09-27,08:00,419.44,28.3,61.1,2.99,30.1,17.24,2023-09-27 08:00:00
2023-09-27,09:00,475.49,30.6,67.1,4.96,60.4,19.2,2023-09-27 09:00:00
2023-09-27,10:00,724.03,34.8,62.8,6.63,35.5,27.06,2023-09-27 10:00:00
2023-09-27,11:00,779.9,34.1,63.7,4.19,41.0,28.58,2023-09-27 11:00:00
2023-09-27,12:00,710.19,37.2,52.3,4.69,56.2,26.56,2023-09-27 12:00:00
2023-09-27,13:00,792.35,37.1,53.6,5.89,38.3,29.42,2023-09-27 13:00:00
2023-09-27,14:00,659.16,40.1,57.9,5.68,48.8,24.26,2023-09-27 14:00:00
2023-09-27,15:00,553.88,37.5,53.8,3.0,43.5,20.53,2023-09-27 15:00:00
2023-09-27,16:00,366.46,38.0,54.5,8.82,50.2,14.38,2023-09-27 16:00:00
2023-09-27,17:00,212.27,35.7,54.0,1.15,12.5,8.66,2023-09-27 17:00:00
2023-09-27,18:00,0.0,34.3,57.7,8.4,20.8,0.0,2023-09-27 18:00:00
2023-09-27,19:00,0.0,34.4,66.5,2.52,57.5,0.0,2023-09-27 19:00:00
2023-09-27,20:00,0.0,32.0,66.9,3.4,63.8,0.0,2023-09-27 20:00:00
2023-09-27,21:00,0.0,29.6,66.9,6.07,34.6,0.0,2023-09-27 21:00:00
2023-09-27,22:00,0.0,28.1,75.0,2.51,44.6,0.0,2023-09-27 22:00:00
2023-09-27,23:00,0.0,27.5,71.7,2.42,52.7,0.0,2023-09-27 23:00:00
2023-09-28,00:00,0.0,24.2,76.6,4.36,58.2,0.0,2023-09-28 00:00:00
2023-09-28,01:00,0.0,23.5,74.0,4.7,17.4,0.0,2023-09-28 01:00:00
2023-09-28,02:00,0.0,27.1,76.2,0.83,34.5,0.0,2023-09-28 02:00:00
2023-09-28,03:00,0.0,28.1,77.0,3.44,42.8,0.0,2023-09-28 03:00:00
2023-09-28,04:00,0.0,23.7,77.5,3.61,58.3,0.0,2023-09-28 04:00:00
2023-09-28,05:00,0.0,25.1,82.6,2.64,85.3,0.0,2023-09-28 05:00:00
2023-09-28,06:00,0.0,29.6,62.6,3.88,44.4,0.0,2023-09-28 06:00:00
2023-09-28,07:00,194.29,30.0,62.1,2.06,26.7,7.88,2023-09-28 07:00:00
2023-09-28,08:00,351.65,31.8,61.5,2.88,53.8,14.45,2023-09-28 08:00:00
2023-09-28,09:00,423.57,33.7,64.2,4.75,67.6,16.66,2023-09-28 09:00:00
2023-09-28,10:00,655.26,33.1,65.5,5.97,49.4,25.41,2023-09-28 10:00:00
2023-09-28,11:00,809.53,35.4,57.0,4.09,34.2,28.88,2023-09-28 11:00:00
2023-09-28,12:00,666.53,36.2,54.0,1.56,62.2,24.7,2023-09-28 12:00:00
2023-09-28,13:00,676.0,34.8,68.5,4.55,57.7,25.21,2023-09-28 13:00:00
2023-09-28,14:00,722.18,37.1,48.1,6.24,32.4,25.98,2023-09-28 14:00:00
2023-09-28,15:00,507.42,38.6,51.6,3.68,53.5,19.31,2023-09-28 15:00:00
2023-09-28,16:00,326.73,35.2,57.9,3.63,62.8,12.89,2023-09-28 16:00:00
2023-09-28,17:00,158.98,35.1,61.1,8.79,65.5,6.31,2023-09-28 17:00:00
2023-09-28,18:00,0.0,34.0,57.1,4.32,46.8,0.0,2023-09-28 18:00:00
2023-09-28,19:00,0.0,31.6,59.7,5.37,42.4,0.0,2023-09-28 19:00:00
2023-09-28,20:00,0.0,31.8,59.0,4.37,66.2,0.0,2023-09-28 20:00:00
2023-09-28,21:00,0.0,27.8,66.2,2.4,29.6,0.0,2023-09-28 21:00:00
2023-09-28,22:00,0.0,30.0,69.5,2.7,54.4,0.0,2023-09-28 22:00:00
2023-09-28,23:00,0.0,27.5,74.5,4.48,27.2,0.0,2023-09-28 23:00:00
2023-09-29,00:00,0.0,23.5,82.5,3.47,63.3,0.0,2023-09-29 00:00:00
2023-09-29,01:00,0.0,27.6,67.5,3.24,43.5,0.0,2023-09-29 01:00:00
2023-09-29,02:00,0.0,24.7,74.7,1.07,66.4,0.0,2023-09-29 02:00:00
2023-09-29,03:00,0.0,23.3,78.3,6.08,54.7,0.0,2023-09-29 03:00:00
2023-09-29,04:00,0.0,27.2,68.2,6.08,29.0,0.0,2023-09-29 04:00:00
2023-09-29,05:00,0.0,27.0,74.7,3.49,68.7,0.0,2023-09-29 05:00:00
2023-09-29,06:00,0.0,24.2,81.6,4.67,70.6,0.0,2023-09-29 06:00:00
2023-09-29,07:00,158.07,27.9,80.9,2.18,60.6,6.82,2023-09-29 07:00:00
2023-09-29,08:00,399.98,30.9,61.1,3.68,35.9,16.21,2023-09-29 08:00:00
2023-09-29,09:00,560.01,28.1,61.0,3.39,42.8,21.86,2023-09-29 09:00:00
2023-09-29,10:00,651.89,33.5,65.6,4.43,49.5,25.59,2023-09-29 10:00:00
2023-09-29,11:00,769.15,34.9,58.1,3.53,36.8,29.37,2023-09-29 11:00:00
2023-09-29,12:00,551.94,33.5,61.1,3.66,72.7,20.9,2023-09-29 12:00:00
2023-09-29,13:00,708.89,36.7,59.0,2.75,49.5,26.41,2023-09-29 13:00:00
2023-09-29,14:00,771.9,36.4,43.1,1.35,6.8,28.73,2023-09-29 14:00:00
2023-09-29,15:00,513.62,34.0,63.9,6.5,52.4,19.24,2023-09-29 15:00:00
2023-09-29,16:00,387.07,37.2,62.4,0.92,42.1,14.99,2023-09-29 16:00:00
2023-09-29,17:00,173.59,36.1,56.7,2.68,46.2,6.31,2023-09-29 17:00:00
2023-09-29,18:00,0.0,32.9,65.4,3.43,41.8,0.0,2023-09-29 18:00:00
2023-09-29,19:00,0.0,31.6,62.6,2.86,59.5,0.0,2023-09-29 19:00:00
2023-09-29,20:00,0.0,31.7,62.4,3.9,64.1,0.0,2023-09-29 20:00:00
2023-09-29,21:00,0.0,28.5,78.2,3.49,51.6,0.0,2023-09-29 21:00:00
2023-09-29,22:00,0.0,23.9,75.9,2.56,42.3,0.0,2023-09-29 22:00:00
2023-09-29,23:00,0.0,27.0,73.7,1.65,46.7,0.0,2023-09-29 23:00:00
2023-09-30,00:00,0.0,23.5,81.2,1.96,47.2,0.0,2023-09-30 00:00:00
2023-09-30,01:00,0.0,23.7,71.1,3.6,34.9,0.0,2023-09-30 01:00:00
2023-09-30,02:00,0.0,26.8,77.0,5.7,55.6,0.0,2023-09-30 02:00:00
2023-09-30,03:00,0.0,24.2,79.8,1.74,53.8,0.0,2023-09-30 03:00:00
2023-09-30,04:00,0.0,25.0,74.8,4.54,70.0,0.0,2023-09-30 04:00:00
2023-09-30,05:00,0.0,26.9,82.1,5.26,65.7,0.0,2023-09-30 05:00:00
2023-09-30,06:00,0.0,28.1,75.65,2.66,36.6,0.0,2023-09-30 06:00:00
2023-09-30,07:00,158.52,27.0,69.2,4.49,59.2,6.15,2023-09-30 07:00:00
2023-09-30,08:00,397.23,30.1,63.8,4.59,32.6,16.41,2023-09-30 08:00:00
2023-09-30,09:00,485.0,31.8,65.7,4.71,57.3,18.61,2023-09-30 09:00:00
2023-09-30,10:00,676.69,33.7,64.9,6.16,39.1,25.24,2023-09-30 10:00:00
2023-09-30,11:00,811.05,35.0,49.7,3.21,31.5,29.97,2023-09-30 11:00:00
2023-09-30,12:00,720.01,40.0,67.2,2.51,51.1,26.17,2023-09-30 12:00:00
2023-09-30,13:00,867.67,33.9,50.1,3.87,6.8,31.88,2023-09-30 13:00:00
2023-09-30,14:00,754.57,38.0,51.1,1.47,20.6,28.52,2023-09-30 14:00:00
2023-09-30,15:00,541.6,38.1,59.5,2.92,44.2,20.09,2023-09-30 15:00:00
2023-09-30,16:00,369.69,36.3,56.8,6.07,48.1,14.73,2023-09-30 16:00:00
2023-09-30,17:00,176.56,33.3,59.9,3.81,41.4,7.23,2023-09-30 17:00:00
2023-09-30,18:00,0.0,36.2,49.5,3.38,23.2,0.0,2023-09-30 18:00:00
2023-09-30,19:00,0.0,27.8,63.4,2.61,34.6,0.0,2023-09-30 19:00:00
2023-09-30,20:00,0.0,29.0,70.8,2.54,52.8,0.0,2023-09-30 20:00:00
2023-09-30,21:00,0.0,30.8,67.2,2.47,55.6,0.0,2023-09-30 21:00:00
2023-09-30,22:00,0.0,26.5,69.9,5.55,46.7,0.0,2023-09-30 22:00:00
2023-09-30,23:00,0.0,28.8,71.1,8.29,64.2,0.0,2023-09-30 23:00:00
2023-10-01,00:00,0.0,22.1,82.3,3.82,52.4,0.0,2023-10-01 00:00:00
2023-10-01,01:00,0.0,22.2,72.3,1.6,35.2,0.0,2023-10-01 01:00:00
2023-10-01,02:00,0.0,23.0,75.1,4.98,42.2,0.0,2023-10-01 02:00:00
2023-10-01,03:00,0.0,25.0,72.4,6.0,25.4,0.0,2023-10-01 03:00:00
2023-10-01,05:00,0.0,24.9,74.2,4.28,63.1,0.0,2023-10-01 05:00:00
2023-10-01,06:00,0.0,29.6,69.7,3.7,56.7,0.0,2023-10-01 06:00:00
2023-10-01,07:00,138.58,31.2,71.8,4.24,67.5,6.79,2023-10-01 07:00:00
2023-10-01,08:00,384.03,29.3,70.5,0.93,41.9,15.16,2023-10-01 08:00:00
2023-10-01,09:00,430.77,28.5,70.9,4.42,66.6,17.24,2023-10-01 09:00:00
2023-10-01,10:00,693.65,29.1,65.0,4.73,43.5,26.98,2023-10-01 10:00:00
2023-10-01,11:00,580.85,34.7,62.3,4.8,68.5,22.86,2023-10-01 11:00:00
2023-10-01,12:00,763.32,36.4,54.3,3.96,46.1,28.18,2023-10-01 12:00:00
2023-10-01,13:00,665.46,35.9,62.0,4.67,57.0,25.34,2023-10-01 13:00:00
2023-10-01,14:00,511.43,35.9,65.7,4.33,68.6,19.81,2023-10-01 14:00:00
2023-10-01,15:00,531.21,34.3,63.6,1.83,43.5,20.4,2023-10-01 15:00:00
2023-10-01,16:00,357.72,36.4,57.5,6.25,49.7,13.91,2023-10-01 16:00:00
2023-10-01,17:00,148.76,37.3,54.9,4.25,65.8,5.74,2023-10-01 17:00:00
2023-10-01,18:00,0.0,29.0,70.3,4.83,44.4,0.0,2023-10-01 18:00:00
2023-10-01,19:00,0.0,31.4,60.2,2.96,26.6,0.0,2023-10-01 19:00:00
2023-10-01,20:00,0.0,28.3,77.4,6.53,78.6,0.0,2023-10-01 20:00:00
2023-10-01,21:00,0.0,25.8,66.0,3.68,39.4,0.0,2023-10-01 21:00:00
2023-10-01,22:00,0.0,25.0,73.9,4.55,48.8,0.0,2023-10-01 22:00:00
2023-10-01,23:00,0.0,26.4,71.6,7.13,63.8,0.0,2023-10-01 23:00:00
2023-10-02,00:00,0.0,25.3,73.2,6.48,36.8,0.0,2023-10-02 00:00:00
2023-10-02,01:00,0.0,26.6,66.1,4.37,30.8,0.0,2023-10-02 01:00:00
2023-10-02,02:00,0.0,23.8,74.7,2.12,49.8,0.0,2023-10-02 02:00:00
2023-10-02,03:00,0.0,20.8,67.4,7.09,19.1,0.0,2023-10-02 03:00:00
2023-10-02,04:00,0.0,24.2,78.2,8.24,41.6,0.0,2023-10-02 04:00:00
2023-10-02,05:00,0.0,23.1,76.7,1.76,49.6,0.0,2023-10-02 05:00:00
2023-10-02,06:00,0.0,24.6,73.9,3.44,41.9,0.0,2023-10-02 06:00:00
2023-10-02,07:00,205.83,29.3,58.8,3.89,22.8,7.88,2023-10-02 07:00:00
2023-10-02,08:00,274.78,30.2,65.6,1.68,69.9,10.64,2023-10-02 08:00:00
2023-10-02,09:00,530.13,32.4,61.2,2.24,47.5,20.95,2023-10-02 09:00:00
2023-10-02,10:00,518.98,32.2,67.1,3.84,67.4,20.02,2023-10-02 10:00:00
2023-10-02,11:00,765.18,35.5,58.4,7.4,42.1,29.08,2023-10-02 11:00:00
2023-10-02,12:00,814.92,34.3,55.3,1.14,32.8,30.02,2023-10-02 12:00:00
2023-10-02,13:00,700.57,37.6,53.2,6.43,50.0,25.57,2023-10-02 13:00:00
2023-10-02,14:00,669.66,36.4,50.1,6.25,42.7,25.4,2023-10-02 14:00:00
2023-10-02,15:00,578.05,35.2,54.5,5.8,28.3,21.83,2023-10-02 15:00:00
2023-10-02,16:00,282.62,35.4,60.7,3.12,68.0,11.08,2023-10-02 16:00:00
2023-10-02,17:00,181.36,34.0,63.4,3.62,36.6,7.81,2023-10-02 17:00:00
2023-10-02,18:00,0.0,35.7,51.6,3.23,18.4,0.0,2023-10-02 18:00:00
2023-10-02,19:00,0.0,31.8,71.0,7.03,65.9,0.0,2023-10-02 19:00:00
2023-10-02,20:00,0.0,29.8,63.9,3.76,38.4,0.0,2023-10-02 20:00:00
2023-10-02,21:00,0.0,27.8,68.3,1.6,36.8,0.0,2023-10-02 21:00:00
2023-10-02,22:00,0.0,28.3,58.9,2.65,19.5,0.0,2023-10-02 22:00:00
2023-10-02,23:00,0.0,26.8,73.1,3.49,72.1,0.0,2023-10-02 23:00:00
2023-10-03,00:00,0.0,23.9,70.7,7.16,26.1,0.0,2023-10-03 00:00:00
2023-10-03,01:00,0.0,21.7,81.3,3.99,46.4,0.0,2023-10-03 01:00:00
2023-10-03,02:00,0.0,22.0,74.0,4.65,59.2,0.0,2023-10-03 02:00:00
2023-10-03,03:00,0.0,23.5,75.7,1.66,51.8,0.0,2023-10-03 03:00:00
2023-10-03,04:00,0.0,26.8,78.3,6.0,44.6,0.0,2023-10-03 04:00:00
2023-10-03,05:00,0.0,24.9,69.6,3.84,20.0,0.0,2023-10-03 05:00:00
2023-10-03,06:00,0.0,25.5,76.2,6.56,33.3,0.0,2023-10-03 06:00:00
2023-10-03,07:00,158.84,24.9,72.2,3.42,48.3,7.695,2023-10-03 07:00:00
2023-10-03,08:00,388.21,32.3,58.1,4.57,33.7,15.39,2023-10-03 08:00:00
2023-10-03,09:00,507.03,32.2,67.7,3.53,48.5,18.89,2023-10-03 09:00:00
2023-10-03,10:00,589.29,34.0,65.4,1.99,55.7,22.05,2023-10-03 10:00:00
2023-10-03,11:00,655.04,35.6,61.2,2.64,59.9,23.73,2023-10-03 11:00:00
2023-10-03,12:00,844.57,34.5,50.0,1.5,27.1,31.1,2023-10-03 12:00:00
2023-10-03,13:00,476.94,35.6,70.8,3.39,78.4,18.4,2023-10-03 13:00:00
2023-10-03,14:00,578.44,38.3,66.8,4.39,57.0,22.06,2023-10-03 14:00:00
2023-10-03,15:00,532.14,35.7,51.5,2.51,45.5,20.69,2023-10-03 15:00:00
2023-10-03,16:00,318.96,35.9,67.2,3.62,61.8,12.98,2023-10-03 16:00:00
2023-10-03,17:00,112.82,35.4,65.3,3.48,81.0,4.5,2023-10-03 17:00:00
2023-10-03,18:00,0.0,33.8,53.9,3.82,23.9,0.0,2023-10-03 18:00:00
2023-10-03,19:00,0.0,30.9,65.3,2.22,42.1,0.0,2023-10-03 19:00:00
2023-10-03,20:00,0.0,29.5,53.4,3.82,9.8,0.0,2023-10-03 20:00:00
2023-10-03,21:00,0.0,29.5,67.7,3.06,48.4,0.0,2023-10-03 21:00:00
2023-10-03,22:00,0.0,28.0,64.3,2.71,51.0,0.0,2023-10-03 22:00:00
2023-10-03,23:00,0.0,27.5,71.9,4.07,44.9,0.0,2023-10-03 23:00:00
2023-10-04,00:00,0.0,25.2,79.9,2.02,35.2,0.0,2023-10-04 00:00:00
2023-10-04,01:00,0.0,24.7,64.0,6.27,14.3,0.0,2023-10-04 01:00:00
2023-10-04,02:00,0.0,22.6,78.1,6.78,50.6,0.0,2023-10-04 02:00:00
2023-10-04,03:00,0.0,22.6,82.3,4.45,66.8,0.0,2023-10-04 03:00:00
2023-10-04,04:00,0.0,25.6,74.6,2.78,36.1,0.0,2023-10-04 04:00:00
2023-10-04,05:00,0.0,24.1,78.4,4.27,51.6,0.0,2023-10-04 05:00:00
2023-10-04,06:00,0.0,26.4,69.5,4.15,21.5,0.0,2023-10-04 06:00:00
2023-10-04,07:00,163.6,30.3,65.5,3.18,51.9,6.74,2023-10-04 07:00:00
2023-10-04,08:00,382.4,31.6,64.1,2.71,39.1,15.3,2023-10-04 08:00:00
2023-10-04,09:00,562.26,31.5,47.7,2.13,33.6,22.08,2023-10-04 09:00:00
2023-10-04,10:00,701.82,31.9,63.2,2.38,33.6,26.9,2023-10-04 10:00:00
2023-10-04,11:00,759.64,33.4,54.8,4.41,39.1,29.13,2023-10-04 11:00:00
2023-10-04,12:00,742.02,36.2,57.1,6.1,50.7,28.07,2023-10-04 12:00:00
2023-10-04,13:00,813.3,35.1,56.7,3.15,25.3,29.99,2023-10-04 13:00:00
2023-10-04,14:00,674.22,34.4,52.0,1.87,39.0,25.65,2023-10-04 14:00:00
2023-10-04,15:00,524.4,37.4,59.4,0.93,44.4,20.05,2023-10-04 15:00:00
2023-10-04,16:00,396.41,34.9,54.3,3.24,28.5,15.61,2023-10-04 16:00:00
2023-10-04,17:00,128.54,32.6,74.9,2.46,72.0,4.92,2023-10-04 17:00:00
2023-10-04,18:00,0.0,33.3,54.5,2.87,32.2,0.0,2023-10-04 18:00:00
2023-10-04,19:00,0.0,32.7,52.4,2.5,35.0,0.0,2023-10-04 19:00:00
2023-10-04,20:00,0.0,27.6,66.1,4.47,30.3,0.0,2023-10-04 20:00:00
2023-10-04,21:00,0.0,27.5,79.1,4.33,72.0,0.0,2023-10-04 21:00:00
2023-10-04,22:00,0.0,26.0,77.0,6.43,53.3,0.0,2023-10-04 22:00:00
2023-10-04,23:00,0.0,26.0,64.2,4.67,31.0,0.0,2023-10-04 23:00:00
2023-10-05,00:00,0.0,25.2,71.0,2.11,61.1,0.0,2023-10-05 00:00:00
2023-10-05,01:00,0.0,22.4,77.0,4.98,47.5,0.0,2023-10-05 01:00:00
2023-10-05,02:00,0.0,20.5,83.4,2.2,48.4,0.0,2023-10-05 02:00:00
2023-10-05,03:00,0.0,25.3,73.7,3.94,39.3,0.0,2023-10-05 03:00:00
2023-10-05,04:00,0.0,22.0,81.6,1.58,33.3,0.0,2023-10-05 04:00:00
2023-10-05,05:00,0.0,25.5,72.7,1.34,49.6,0.0,2023-10-05 05:00:00
2023-10-05,06:00,0.0,26.0,62.7,3.5,36.3,0.0,2023-10-05 06:00:00
2023-10-05,07:00,130.4,28.0,80.7,1.77,71.8,5.6,2023-10-05 07:00:00
2023-10-05,08:00,389.53,32.2,58.8,2.8,25.5,15.13,2023-10-05 08:00:00
2023-10-05,09:00,409.21,36.2,63.7,2.94,67.6,15.75,2023-10-05 09:00:00
2023-10-05,10:00,659.48,29.3,69.8,5.1,42.8,25.45,2023-10-05 10:00:00
2023-10-05,11:00,707.02,35.2,64.5,2.92,49.0,26.5,2023-10-05 11:00:00
2023-10-05,12:00,688.29,34.1,63.0,3.64,57.0,25.88,2023-10-05 12:00:00
2023-10-05,13:00,775.77,36.9,58.1,5.12,35.1,28.73,2023-10-05 13:00:00
2023-10-05,14:00,594.06,36.9,61.2,2.32,57.5,22.57,2023-10-05 14:00:00
2023-10-05,15:00,595.55,37.5,42.1,5.36,3.9,23.02,2023-10-05 15:00:00
2023-10-05,16:00,384.57,34.9,55.1,5.57,33.7,15.38,2023-10-05 16:00:00
2023-10-05,17:00,172.25,31.9,62.3,8.56,30.7,6.84,2023-10-05 17:00:00
2023-10-05,18:00,0.0,33.9,52.7,3.41,25.7,0.0,2023-10-05 18:00:00
2023-10-05,19:00,0.0,31.0,67.4,3.09,41.3,0.0,2023-10-05 19:00:00
2023-10-05,20:00,0.0,28.9,70.0,4.68,50.3,0.0,2023-10-05 20:00:00
2023-10-05,21:00,0.0,26.8,75.1,1.43,55.1,0.0,2023-10-05 21:00:00
2023-10-05,22:00,0.0,28.0,75.8,1.27,48.1,0.0,2023-10-05 22:00:00
2023-10-05,23:00,0.0,27.9,68.2,2.93,34.5,0.0,2023-10-05 23:00:00
2023-10-06,00:00,0.0,21.7,80.1,4.85,49.6,0.0,2023-10-06 00:00:00
2023-10-06,01:00,0.0,24.3,74.7,1.84,45.9,0.0,2023-10-06 01:00:00
2023-10-06,02:00,0.0,22.3,80.5,4.32,58.1,0.0,2023-10-06 02:00:00
2023-10-06,03:00,0.0,20.6,84.3,2.63,55.7,0.0,2023-10-06 03:00:00
2023-10-06,04:00,0.0,24.1,80.4,4.4,44.5,0.0,2023-10-06 04:00:00
2023-10-06,05:00,0.0,23.3,70.2,3.47,30.6,0.0,2023-10-06 05:00:00
2023-10-06,06:00,0.0,23.2,71.0,1.83,34.2,0.0,2023-10-06 06:00:00
2023-10-06,07:00,184.21,26.1,74.9,2.53,35.8,7.18,2023-10-06 07:00:00
2023-10-06,08:00,370.36,27.2,66.8,2.39,39.3,14.67,2023-10-06 08:00:00
2023-10-06,09:00,506.07,29.4,68.8,2.11,48.0,20.23,2023-10-06 09:00:00
2023-10-06,10:00,608.97,29.6,66.9,3.52,54.7,23.43,2023-10-06 10:00:00
2023-10-06,11:00,741.37,32.5,55.3,7.18,43.3,28.69,2023-10-06 11:00:00
2023-10-06,12:00,755.05,32.9,62.5,4.44,44.3,28.2,2023-10-06 12:00:00
2023-10-06,13:00,726.31,35.5,62.8,5.61,46.2,27.64,2023-10-06 13:00:00
2023-10-06,14:00,682.73,36.1,54.7,8.07,36.3,26.68,2023-10-06 14:00:00
2023-10-06,15:00,550.66,35.3,48.7,3.85,30.1,20.81,2023-10-06 15:00:00
2023-10-06,16:00,408.48,33.8,54.2,2.48,17.7,17.03,2023-10-06 16:00:00
2023-10-06,17:00,181.6,32.8,56.2,6.66,33.6,7.45,2023-10-06 17:00:00
2023-10-06,18:00,0.0,30.5,56.6,4.66,51.1,0.0,2023-10-06 18:00:00
2023-10-06,19:00,0.0,29.1,64.4,7.29,33.5,0.0,2023-10-06 19:00:00
2023-10-06,20:00,0.0,30.3,66.7,4.4,40.5,0.0,2023-10-06 20:00:00
2023-10-06,21:00,0.0,24.3,81.0,5.14,51.0,0.0,2023-10-06 21:00:00
2023-10-06,22:00,0.0,25.9,81.1,6.15,51.8,0.0,2023-10-06 22:00:00
2023-10-06,23:00,0.0,24.2,73.3,5.03,27.8,0.0,2023-10-06 23:00:00
2023-10-07,00:00,0.0,24.7,81.3,3.96,58.5,0.0,2023-10-07 00:00:00
2023-10-07,01:00,0.0,20.5,79.2,3.54,60.4,0.0,2023-10-07 01:00:00
2023-10-07,02:00,0.0,22.8,78.9,5.5,26.6,0.0,2023-10-07 02:00:00
2023-10-07,03:00,0.0,23.6,77.5,5.12,31.2,0.0,2023-10-07 03:00:00
2023-10-07,04:00,0.0,20.2,83.6,3.07,61.4,0.0,2023-10-07 04:00:00
2023-10-07,05:00,0.0,22.6,79.2,3.66,41.3,0.0,2023-10-07 05:00:00
2023-10-07,06:00,0.0,25.6,66.5,4.31,10.2,0.0,2023-10-07 06:00:00
2023-10-07,07:00,181.5,28.2,69.2,1.14,22.5,6.81,2023-10-07 07:00:00
2023-10-07,08:00,365.32,29.1,65.7,2.53,39.8,15.08,2023-10-07 08:00:00
2023-10-07,09:00,583.92,31.4,56.4,2.54,26.1,23.0,2023-10-07 09:00:00
2023-10-07,10:00,684.62,29.9,62.5,6.07,37.3,26.53,2023-10-07 10:00:00
2023-10-07,11:00,725.67,30.2,69.3,2.91,44.0,26.86,2023-10-07 11:00:00
2023-10-07,12:00,604.67,34.2,57.4,3.87,65.5,23.41,2023-10-07 12:00:00
2023-10-07,13:00,746.72,32.4,49.2,5.57,39.2,27.98,2023-10-07 13:00:00
2023-10-07,14:00,567.53,33.3,68.5,2.58,59.6,22.05,2023-10-07 14:00:00
2023-10-07,15:00,414.2,36.3,62.9,1.88,64.9,15.86,2023-10-07 15:00:00
2023-10-07,16:00,295.15,34.4,64.7,7.04,65.0,11.68,2023-10-07 16:00:00
2023-10-07,17:00,165.66,32.0,58.7,4.7,47.8,7.0,2023-10-07 17:00:00
2023-10-07,18:00,0.0,30.6,50.8,2.18,14.1,0.0,2023-10-07 18:00:00
2023-10-07,19:00,0.0,31.5,62.8,5.47,50.4,0.0,2023-10-07 19:00:00
2023-10-07,20:00,0.0,29.2,72.5,5.23,59.2,0.0,2023-10-07 20:00:00
2023-10-07,21:00,0.0,25.1,70.6,5.62,42.3,0.0,2023-10-07 21:00:00
2023-10-07,22:00,0.0,22.3,87.6,2.66,69.7,0.0,2023-10-07 22:00:00
2023-10-07,23:00,0.0,28.0,68.3,3.43,56.4,0.0,2023-10-07 23:00:00
2023-10-08,00:00,0.0,21.2,79.0,4.63,51.5,0.0,2023-10-08 00:00:00
2023-10-08,01:00,0.0,23.8,81.9,3.17,59.3,0.0,2023-10-08 01:00:00
2023-10-08,02:00,0.0,25.3,72.5,1.52,48.0,0.0,2023-10-08 02:00:00
2023-10-08,03:00,0.0,23.1,65.4,1.96,5.6,0.0,2023-10-08 03:00:00
2023-10-08,04:00,0.0,22.3,72.9,4.12,35.5,0.0,2023-10-08 04:00:00
2023-10-08,05:00,0.0,21.8,79.2,3.11,61.0,0.0,2023-10-08 05:00:00
2023-10-08,06:00,0.0,23.0,74.6,0.78,30.9,0.0,2023-10-08 06:00:00
2023-10-08,07:00,183.96,27.7,70.3,5.09,39.7,7.41,2023-10-08 07:00:00
2023-10-08,08:00,385.23,31.2,60.9,3.29,27.3,15.7,2023-10-08 08:00:00
2023-10-08,09:00,391.11,29.5,70.7,2.83,69.8,16.12,2023-10-08 09:00:00
2023-10-08,10:00,489.97,30.6,70.4,4.75,68.2,19.6,2023-10-08 10:00:00
2023-10-08,11:00,788.07,34.1,62.7,3.46,29.8,29.6,2023-10-08 11:00:00
2023-10-08,12:00,746.62,32.6,56.7,4.64,45.2,29.21,2023-10-08 12:00:00
2023-10-08,13:00,760.53,34.9,63.4,0.94,32.8,28.34,2023-10-08 13:00:00
2023-10-08,14:00,596.19,34.7,61.4,0.87,52.2,22.68,2023-10-08 14:00:00
2023-10-08,15:00,498.08,33.7,61.4,3.94,50.7,19.51,2023-10-08 15:00:00
2023-10-08,16:00,334.75,33.8,66.9,8.13,55.2,13.92,2023-10-08 16:00:00
2023-10-08,17:00,154.79,36.0,49.7,2.64,48.0,7.17,2023-10-08 17:00:00
2023-10-08,18:00,0.0,32.7,78.2,4.57,37.8,0.0,2023-10-08 18:00:00
2023-10-08,19:00,0.0,32.1,66.2,2.15,27.6,0.0,2023-10-08 19:00:00
2023-10-08,20:00,0.0,27.0,68.2,2.82,17.4,0.0,2023-10-08 20:00:00
2023-10-08,21:00,0.0,29.0,57.4,1.58,37.1,0.0,2023-10-08 21:00:00
2023-10-08,22:00,0.0,26.8,67.7,6.04,19.5,0.0,2023-10-08 22:00:00
2023-10-08,23:00,0.0,21.7,79.2,2.82,20.6,0.0,2023-10-08 23:00:00
2023-10-09,00:00,0.0,24.2,76.7,2.44,27.5,0.0,2023-10-09 00:00:00
2023-10-09,01:00,0.0,21.7,69.0,4.85,28.7,0.0,2023-10-09 01:00:00
2023-10-09,02:00,0.0,19.6,81.7,2.29,28.2,0.0,2023-10-09 02:00:00
2023-10-09,03:00,0.0,22.8,85.6,2.49,50.3,0.0,2023-10-09 03:00:00
2023-10-09,04:00,0.0,24.2,72.5,1.76,34.9,0.0,2023-10-09 04:00:00
2023-10-09,05:00,0.0,24.4,67.5,7.4,39.8,0.0,2023-10-09 05:00:00
2023-10-09,06:00,0.0,25.2,79.5,2.53,55.9,0.0,2023-10-09 06:00:00
2023-10-09,07:00,178.49,26.3,72.5,9.36,31.0,7.42,2023-10-09 07:00:00
2023-10-09,08:00,357.59,32.9,59.7,2.17,38.5,13.39,2023-10-09 08:00:00
2023-10-09,09:00,488.69,27.8,65.5,1.05,48.0,20.11,2023-10-09 09:00:00
2023-10-09,10:00,729.59,33.0,57.8,6.21,13.4,27.24,2023-10-09 10:00:00
2023-10-09,11:00,838.6,32.7,49.6,4.04,6.7,31.42,2023-10-09 11:00:00
2023-10-09,12:00,726.65,32.1,65.4,3.0,47.7,27.31,2023-10-09 12:00:00
2023-10-09,13:00,696.64,34.1,67.6,3.72,49.9,25.94,2023-10-09 13:00:00
2023-10-09,14:00,459.76,31.9,63.9,2.59,73.5,17.98,2023-10-09 14:00:00
2023-10-09,15:00,513.15,33.1,65.2,4.31,44.9,15.295,2023-10-09 15:00:00
2023-10-09,16:00,317.57,33.5,62.6,4.22,54.8,12.61,2023-10-09 16:00:00
2023-10-09,17:00,150.52,29.9,64.3,1.6,39.6,5.9,2023-10-09 17:00:00
2023-10-09,18:00,0.0,32.3,65.3,6.41,47.0,0.0,2023-10-09 18:00:00
2023-10-09,19:00,0.0,28.2,71.5,3.49,67.5,0.0,2023-10-09 19:00:00
2023-10-09,20:00,0.0,25.8,59.3,2.27,10.6,0.0,2023-10-09 20:00:00
2023-10-09,22:00,0.0,29.3,79.6,5.89,74.5,0.0,2023-10-09 22:00:00
2023-10-10,00:00,0.0,23.8,83.3,3.95,66.8,0.0,2023-10-10 00:00:00
2023-10-10,01:00,0.0,21.1,74.5,7.03,32.6,0.0,2023-10-10 01:00:00
2023-10-10,02:00,0.0,21.6,73.3,4.4,41.5,0.0,2023-10-10 02:00:00
2023-10-10,03:00,0.0,23.5,78.0,4.53,42.5,0.0,2023-10-10 03:00:00
2023-10-10,04:00,0.0,24.0,67.5,2.53,8.7,0.0,2023-10-10 04:00:00
2023-10-10,05:00,0.0,22.7,71.1,4.49,24.5,0.0,2023-10-10 05:00:00
2023-10-10,06:00,0.0,22.8,73.4,3.19,25.5,0.0,2023-10-10 06:00:00
2023-10-10,07:00,153.49,27.8,68.0,6.41,54.3,6.26,2023-10-10 07:00:00
2023-10-10,08:00,322.68,29.2,70.55,1.92,55.1,13.02,2023-10-10 08:00:00
2023-10-10,09:00,488.51,29.2,73.1,2.7,46.9,19.46,2023-10-10 09:00:00
2023-10-10,10:00,585.83,32.0,67.05,1.49,54.4,22.93,2023-10-10 10:00:00
2023-10-10,11:00,744.08,31.6,61.0,3.13,39.5,27.75,2023-10-10 11:00:00
2023-10-10,12:00,638.34,31.9,67.4,2.02,60.0,24.49,2023-10-10 12:00:00
2023-10-10,13:00,710.71,34.0,65.8,5.69,42.1,27.61,2023-10-10 13:00:00
2023-10-10,14:00,645.3,35.1,63.2,6.62,42.9,24.33,2023-10-10 14:00:00
2023-10-10,15:00,524.95,34.6,65.6,4.5,38.0,20.27,2023-10-10 15:00:00
2023-10-10,16:00,316.09,34.3,58.5,1.75,52.3,13.58,2023-10-10 16:00:00
2023-10-10,17:00,155.35,31.1,58.8,2.96,35.7,6.3,2023-10-10 17:00:00
2023-10-10,18:00,0.0,34.1,63.5,7.44,56.6,0.0,2023-10-10 18:00:00
2023-10-10,19:00,0.0,29.1,64.2,1.95,25.0,0.0,2023-10-10 19:00:00
2023-10-10,20:00,0.0,28.0,63.8,3.93,25.5,0.0,2023-10-10 20:00:00
2023-10-10,21:00,0.0,24.3,75.1,3.01,52.3,0.0,2023-10-10 21:00:00
2023-10-10,22:00,0.0,24.9,77.9,10.61,40.7,0.0,2023-10-10 22:00:00
2023-10-10,23:00,0.0,24.9,71.1,2.7,35.2,0.0,2023-10-10 23:00:00
2023-10-11,00:00,0.0,24.2,72.5,1.34,54.8,0.0,2023-10-11 00:00:00
2023-10-11,01:00,0.0,25.0,66.2,4.68,32.4,0.0,2023-10-11 01:00:00
2023-10-11,02:00,0.0,22.9,76.3,2.89,38.5,0.0,2023-10-11 02:00:00
2023-10-11,03:00,0.0,22.7,93.6,4.43,62.5,0.0,2023-10-11 03:00:00
2023-10-11,04:00,0.0,22.0,79.2,1.76,64.6,0.0,2023-10-11 04:00:00
2023-10-11,05:00,0.0,22.6,81.1,3.77,65.1,0.0,2023-10-11 05:00:00
2023-10-11,06:00,0.0,26.8,78.7,3.11,37.3,0.0,2023-10-11 06:00:00
2023-10-11,07:00,125.96,28.2,70.7,3.83,59.9,5.8,2023-10-11 07:00:00
2023-10-11,08:00,349.7,26.1,69.5,5.77,27.2,13.77,2023-10-11 08:00:00
2023-10-11,09:00,552.4,30.9,68.1,7.71,27.9,21.44,2023-10-11 09:00:00
2023-10-11,10:00,724.11,32.2,49.5,4.99,6.2,27.35,2023-10-11 10:00:00
2023-10-11,11:00,546.82,30.2,70.1,5.09,66.6,21.2,2023-10-11 11:00:00
2023-10-11,12:00,823.46,34.2,53.9,3.8,28.5,30.15,2023-10-11 12:00:00
2023-10-11,13:00,739.58,31.9,56.0,1.72,39.6,27.75,2023-10-11 13:00:00
2023-10-11,14:00,685.96,29.6,68.8,4.49,27.8,26.82,2023-10-11 14:00:00
2023-10-11,15:00,488.51,33.5,60.4,2.02,51.9,19.57,2023-10-11 15:00:00
2023-10-11,16:00,344.49,33.7,54.9,2.52,35.8,14.18,2023-10-11 16:00:00
2023-10-11,17:00,153.76,32.0,55.7,4.71,21.9,6.72,2023-10-11 17:00:00
2023-10-11,18:00,0.0,36.2,61.4,4.43,48.1,0.0,2023-10-11 18:00:00
2023-10-11,19:00,0.0,30.2,60.1,2.83,20.0,0.0,2023-10-11 19:00:00
2023-10-11,20:00,0.0,28.3,61.6,5.12,28.9,0.0,2023-10-11 20:00:00
2023-10-11,21:00,0.0,27.2,63.3,6.86,9.9,0.0,2023-10-11 21:00:00
2023-10-11,22:00,0.0,24.2,72.0,3.87,20.1,0.0,2023-10-11 22:00:00
2023-10-11,23:00,0.0,25.4,72.8,4.54,44.2,0.0,2023-10-11 23:00:00
2023-10-12,00:00,0.0,23.3,67.0,2.64,11.5,0.0,2023-10-12 00:00:00
2023-10-12,01:00,0.0,22.6,74.9,7.64,18.8,0.0,2023-10-12 01:00:00
2023-10-12,02:00,0.0,20.7,78.5,2.65,40.9,0.0,2023-10-12 02:00:00
2023-10-12,03:00,0.0,19.2,85.8,6.12,32.8,0.0,2023-10-12 03:00:00
2023-10-12,04:00,0.0,21.7,82.1,6.66,70.8,0.0,2023-10-12 04:00:00
2023-10-12,05:00,0.0,24.1,77.8,4.79,68.5,0.0,2023-10-12 05:00:00
2023-10-12,06:00,0.0,24.0,67.4,5.41,27.9,0.0,2023-10-12 06:00:00
2023-10-12,07:00,126.71,26.8,71.2,3.47,49.3,5.48,2023-10-12 07:00:00
2023-10-12,08:00,305.76,27.4,72.0,6.53,52.2,12.72,2023-10-12 08:00:00
2023-10-12,09:00,549.12,30.1,57.5,4.93,32.0,21.16,2023-10-12 09:00:00
2023-10-12,10:00,705.67,29.0,61.5,2.89,18.5,27.35,2023-10-12 10:00:00
2023-10-12,11:00,732.91,32.4,63.9,1.22,40.8,27.77,2023-10-12 11:00:00
2023-10-12,12:00,758.52,31.8,56.0,3.85,38.4,28.07,2023-10-12 12:00:00
2023-10-12,13:00,742.81,30.8,60.3,5.65,34.4,28.22,2023-10-12 13:00:00
2023-10-12,14:00,608.96,33.5,63.9,5.83,47.6,23.98,2023-10-12 14:00:00
2023-10-12,15:00,544.0,36.4,48.5,5.6,29.7,20.58,2023-10-12 15:00:00
2023-10-12,16:00,368.27,30.4,59.1,2.37,23.7,14.76,2023-10-12 16:00:00
2023-10-12,17:00,156.07,32.3,66.6,3.33,42.6,6.46,2023-10-12 17:00:00
2023-10-12,18:00,0.0,32.2,70.6,4.21,46.8,0.0,2023-10-12 18:00:00
2023-10-12,19:00,0.0,33.5,57.3,4.49,23.3,0.0,2023-10-12 19:00:00
2023-10-12,20:00,0.0,26.9,72.7,2.93,54.9,0.0,2023-10-12 20:00:00
2023-10-12,21:00,0.0,25.1,63.9,4.63,14.4,0.0,2023-10-12 21:00:00
2023-10-12,22:00,0.0,22.7,77.7,4.09,32.3,0.0,2023-10-12 22:00:00
2023-10-12,23:00,0.0,25.6,75.4,3.98,37.1,0.0,2023-10-12 23:00:00
2023-10-13,00:00,0.0,20.8,71.9,4.46,30.9,0.0,2023-10-13 00:00:00
2023-10-13,01:00,0.0,21.1,80.0,4.15,32.0,0.0,2023-10-13 01:00:00
2023-10-13,02:00,0.0,18.3,87.3,2.12,68.5,0.0,2023-10-13 02:00:00
2023-10-13,03:00,0.0,23.4,68.4,5.97,27.7,0.0,2023-10-13 03:00:00
2023-10-13,04:00,0.0,24.5,81.9,2.49,77.1,0.0,2023-10-13 04:00:00
2023-10-13,05:00,0.0,24.9,78.4,4.94,47.0,0.0,2023-10-13 05:00:00
2023-10-13,06:00,0.0,21.7,79.1,2.17,41.8,0.0,2023-10-13 06:00:00
2023-10-13,07:00,144.49,27.1,72.4,4.45,47.6,5.99,2023-10-13 07:00:00
2023-10-13,08:00,214.56,24.6,84.1,6.21,78.4,9.12,2023-10-13 08:00:00
2023-10-13,09:00,542.33,29.3,64.3,0.88,25.5,20.64,2023-10-13 09:00:00
2023-10-13,10:00,689.13,31.0,59.0,8.0,23.6,26.52,2023-10-13 10:00:00
2023-10-13,11:00,768.67,32.4,61.2,1.16,29.1,27.87,2023-10-13 11:00:00
2023-10-13,12:00,761.71,33.8,56.9,0.91,40.9,27.93,2023-10-13 12:00:00
2023-10-13,13:00,803.59,33.4,56.1,5.8,14.6,30.01,2023-10-13 13:00:00
2023-10-13,14:00,636.41,30.1,68.5,4.72,40.8,25.18,2023-10-13 14:00:00
2023-10-13,15:00,405.93,34.4,67.7,1.77,65.9,16.1,2023-10-13 15:00:00
2023-10-13,16:00,334.9,33.0,64.2,6.83,42.7,13.47,2023-10-13 16:00:00
2023-10-13,17:00,155.49,30.2,65.6,4.51,36.1,6.29,2023-10-13 17:00:00
2023-10-13,18:00,0.0,27.8,70.8,1.8,31.2,0.0,2023-10-13 18:00:00
2023-10-13,19:00,0.0,31.9,56.5,5.83,53.9,0.0,2023-10-13 19:00:00
2023-10-13,20:00,0.0,29.8,65.7,3.58,28.1,0.0,2023-10-13 20:00:00
2023-10-13,21:00,0.0,27.3,84.0,2.67,68.1,0.0,2023-10-13 21:00:00
2023-10-13,22:00,0.0,23.4,79.8,5.52,69.5,0.0,2023-10-13 22:00:00
2023-10-13,23:00,0.0,18.8,79.9,4.9,44.3,0.0,2023-10-13 23:00:00
2023-10-14,00:00,0.0,23.6,79.7,4.25,39.8,0.0,2023-10-14 00:00:00
2023-10-14,01:00,0.0,22.3,76.7,6.25,55.4,0.0,2023-10-14 01:00:00
2023-10-14,02:00,0.0,20.7,80.4,5.84,56.4,0.0,2023-10-14 02:00:00
2023-10-14,03:00,0.0,23.6,72.2,2.43,27.8,0.0,2023-10-14 03:00:00
2023-10-14,04:00,0.0,23.7,69.3,6.02,32.0,0.0,2023-10-14 04:00:00
2023-10-14,05:00,0.0,23.5,73.3,3.1,20.1,0.0,2023-10-14 05:00:00
2023-10-14,06:00,0.0,24.5,71.6,3.36,46.1,0.0,2023-10-14 06:00:00
2023-10-14,07:00,127.88,25.9,75.1,7.7,49.9,5.29,2023-10-14 07:00:00
2023-10-14,08:00,350.45,28.6,63.2,5.04,19.7,14.34,2023-10-14 08:00:00
2023-10-14,09:00,530.26,27.4,73.8,2.87,33.1,20.62,2023-10-14 09:00:00
2023-10-14,10:00,698.52,31.2,62.8,4.38,19.7,26.03,2023-10-14 10:00:00
2023-10-14,11:00,778.26,30.0,59.5,3.85,26.5,29.62,2023-10-14 11:00:00
2023-10-14,12:00,726.22,35.0,54.5,1.84,48.2,26.95,2023-10-14 12:00:00
2023-10-14,13:00,762.37,34.1,59.4,6.12,28.9,28.25,2023-10-14 13:00:00
2023-10-14,14:00,652.02,32.2,57.9,5.49,35.4,24.37,2023-10-14 14:00:00
2023-10-14,15:00,551.59,33.3,52.6,5.16,15.5,20.31,2023-10-14 15:00:00
2023-10-14,16:00,336.32,31.1,59.8,3.94,42.7,13.74,2023-10-14 16:00:00
2023-10-14,17:00,146.48,34.3,61.1,2.4,39.3,5.85,2023-10-14 17:00:00
2023-10-14,18:00,0.0,33.3,54.7,6.08,29.0,0.0,2023-10-14 18:00:00
2023-10-14,19:00,0.0,30.2,63.8,3.01,37.1,0.0,2023-10-14 19:00:00
2023-10-14,20:00,0.0,30.2,65.3,1.04,42.6,0.0,2023-10-14 20:00:00
2023-10-14,21:00,0.0,26.1,68.5,8.1,27.7,0.0,2023-10-14 21:00:00
2023-10-14,22:00,0.0,25.8,68.4,5.84,17.8,0.0,2023-10-14 22:00:00
2023-10-14,23:00,0.0,25.4,77.7,4.25,67.0,0.0,2023-10-14 23:00:00
2023-10-15,00:00,0.0,22.0,71.5,0.92,29.9,0.0,2023-10-15 00:00:00
2023-10-15,01:00,0.0,21.5,69.8,2.43,38.0,0.0,2023-10-15 01:00:00
2023-10-15,02:00,0.0,22.9,79.7,3.45,54.6,0.0,2023-10-15 02:00:00
2023-10-15,03:00,0.0,22.6,88.6,4.28,92.4,0.0,2023-10-15 03:00:00
2023-10-15,04:00,0.0,20.6,71.4,4.72,20.8,0.0,2023-10-15 04:00:00
2023-10-15,05:00,0.0,19.0,83.3,5.23,46.2,0.0,2023-10-15 05:00:00
2023-10-15,06:00,0.0,23.9,74.8,3.92,28.8,0.0,2023-10-15 06:00:00
2023-10-15,07:00,145.76,21.9,79.4,4.43,31.3,5.91,2023-10-15 07:00:00
2023-10-15,08:00,345.69,25.4,62.9,5.41,28.6,14.59,2023-10-15 08:00:00
2023-10-15,09:00,543.55,27.2,63.4,4.79,22.5,21.7,2023-10-15 09:00:00
2023-10-15,10:00,643.56,29.2,69.7,7.19,38.8,25.05,2023-10-15 10:00:00
2023-10-15,11:00,782.22,32.9,61.4,5.98,17.3,29.36,2023-10-15 11:00:00
2023-10-15,12:00,680.42,34.2,58.8,2.14,53.6,25.63,2023-10-15 12:00:00
2023-10-15,13:00,714.41,33.9,64.7,7.02,40.2,26.49,2023-10-15 13:00:00
2023-10-15,14:00,615.9,34.3,54.6,2.32,45.8,23.89,2023-10-15 14:00:00
2023-10-15,15:00,529.59,34.2,61.4,8.77,32.4,21.08,2023-10-15 15:00:00
2023-10-15,16:00,354.78,27.9,65.5,4.68,33.9,14.47,2023-10-15 16:00:00
2023-10-15,17:00,142.82,31.4,70.1,4.28,43.7,5.87,2023-10-15 17:00:00
2023-10-15,18:00,0.0,27.0,63.1,2.88,22.0,0.0,2023-10-15 18:00:00
2023-10-15,19:00,0.0,29.7,62.7,1.94,34.0,0.0,2023-10-15 19:00:00
2023-10-15,20:00,0.0,23.4,71.0,1.9,26.5,0.0,2023-10-15 20:00:00
2023-10-15,21:00,0.0,25.3,62.4,5.89,26.1,0.0,2023-10-15 21:00:00
2023-10-15,22:00,0.0,25.2,57.1,3.36,7.8,0.0,2023-10-15 22:00:00
2023-10-15,23:00,0.0,20.9,85.6,3.94,59.5,0.0,2023-10-15 23:00:00
2023-10-16,00:00,0.0,23.5,75.9,6.73,28.6,0.0,2023-10-16 00:00:00
2023-10-16,01:00,0.0,22.1,83.4,2.56,56.4,0.0,2023-10-16 01:00:00
2023-10-16,02:00,0.0,21.7,76.2,5.07,54.9,0.0,2023-10-16 02:00:00
2023-10-16,03:00,0.0,22.4,73.2,3.53,19.6,0.0,2023-10-16 03:00:00
2023-10-16,04:00,0.0,21.1,70.0,2.36,22.6,0.0,2023-10-16 04:00:00
2023-10-16,05:00,0.0,23.0,86.5,5.76,77.3,0.0,2023-10-16 05:00:00
2023-10-16,06:00,0.0,24.0,84.8,4.56,65.2,0.0,2023-10-16 06:00:00
2023-10-16,07:00,137.11,25.4,73.0,1.7,38.4,5.88,2023-10-16 07:00:00
2023-10-16,08:00,322.11,25.8,77.9,3.86,42.8,12.24,2023-10-16 08:00:00
2023-10-16,09:00,536.17,26.3,67.3,5.75,29.4,21.96,2023-10-16 09:00:00
2023-10-16,10:00,617.84,29.4,66.4,1.5,45.4,24.31,2023-10-16 10:00:00
2023-10-16,11:00,778.99,30.5,61.6,3.29,28.1,30.32,2023-10-16 11:00:00
2023-10-16,12:00,834.12,30.9,50.4,5.36,8.4,31.19,2023-10-16 12:00:00
2023-10-16,13:00,783.01,34.3,51.7,5.81,19.1,28.51,2023-10-16 13:00:00
2023-10-16,14:00,633.01,30.9,62.2,5.14,39.2,24.44,2023-10-16 14:00:00
2023-10-16,15:00,547.77,32.5,55.6,2.8,21.9,21.41,2023-10-16 15:00:00
2023-10-16,16:00,340.92,34.3,59.1,3.7,37.9,13.34,2023-10-16 16:00:00
2023-10-16,17:00,142.54,32.9,50.4,4.92,22.8,6.4,2023-10-16 17:00:00
2023-10-16,18:00,0.0,32.2,53.9,2.05,27.2,0.0,2023-10-16 18:00:00
2023-10-16,19:00,0.0,27.5,76.2,4.11,51.7,0.0,2023-10-16 19:00:00
2023-10-16,20:00,0.0,28.4,60.0,4.79,42.6,0.0,2023-10-16 20:00:00
2023-10-16,21:00,0.0,23.5,76.9,5.73,38.8,0.0,2023-10-16 21:00:00
2023-10-16,22:00,0.0,23.5,76.3,1.81,52.1,0.0,2023-10-16 22:00:00
2023-10-16,23:00,0.0,22.4,78.6,2.9,46.1,0.0,2023-10-16 23:00:00
2023-10-17,00:00,0.0,20.5,90.5,3.86,60.1,0.0,2023-10-17 00:00:00
2023-10-17,01:00,0.0,20.3,76.9,4.68,31.5,0.0,2023-10-17 01:00:00
2023-10-17,02:00,0.0,19.9,80.6,4.85,31.9,0.0,2023-10-17 02:00:00
2023-10-17,03:00,0.0,19.2,76.2,2.55,18.9,0.0,2023-10-17 03:00:00
2023-10-17,04:00,0.0,23.1,72.9,0.95,32.0,0.0,2023-10-17 04:00:00
2023-10-17,05:00,0.0,22.2,79.0,4.63,52.9,0.0,2023-10-17 05:00:00
2023-10-17,06:00,0.0,24.1,81.1,6.38,57.9,0.0,2023-10-17 06:00:00
2023-10-17,07:00,121.08,25.5,72.0,5.3,52.8,5.12,2023-10-17 07:00:00
2023-10-17,08:00,358.01,26.9,58.0,4.25,11.5,14.51,2023-10-17 08:00:00
2023-10-17,09:00,457.25,28.5,71.2,7.91,54.6,18.75,2023-10-17 09:00:00
2023-10-17,10:00,688.43,29.2,59.7,3.36,10.8,26.2,2023-10-17 10:00:00
2023-10-17,11:00,647.16,33.6,55.3,3.78,51.9,25.11,2023-10-17 11:00:00
2023-10-17,12:00,760.44,33.3,58.2,0.92,32.9,28.76,2023-10-17 12:00:00
2023-10-17,13:00,658.39,32.6,58.4,6.99,48.9,24.74,2023-10-17 13:00:00
2023-10-17,14:00,701.51,32.0,59.1,4.06,18.4,26.62,2023-10-17 14:00:00
2023-10-17,15:00,444.51,32.4,58.2,3.18,56.0,17.48,2023-10-17 15:00:00
2023-10-17,16:00,363.59,32.7,62.8,1.31,16.4,14.81,2023-10-17 16:00:00
2023-10-17,17:00,135.49,33.7,55.2,3.05,28.4,5.26,2023-10-17 17:00:00
2023-10-17,18:00,0.0,27.3,61.4,0.73,23.4,0.0,2023-10-17 18:00:00
2023-10-17,19:00,0.0,29.5,57.6,2.88,12.1,0.0,2023-10-17 19:00:00
2023-10-17,20:00,0.0,28.8,69.0,7.11,39.8,0.0,2023-10-17 20:00:00
2023-10-17,21:00,0.0,22.5,86.2,2.06,65.5,0.0,2023-10-17 21:00:00
2023-10-17,22:00,0.0,23.4,83.4,3.87,78.4,0.0,2023-10-17 22:00:00
2023-10-17,23:00,0.0,20.6,73.3,2.23,39.8,0.0,2023-10-17 23:00:00
2023-10-18,00:00,0.0,22.1,75.7,5.2,40.599999999999994,0.0,2023-10-18 00:00:00
2023-10-18,01:00,0.0,20.1,81.3,3.95,41.4,0.0,2023-10-18 01:00:00
2023-10-18,02:00,0.0,20.3,84.8,2.31,45.4,0.0,2023-10-18 02:00:00
2023-10-18,03:00,0.0,20.0,82.7,5.89,32.7,0.0,2023-10-18 03:00:00
2023-10-18,04:00,0.0,22.7,76.8,5.2,40.8,0.0,2023-10-18 04:00:00
2023-10-18,05:00,0.0,22.7,81.3,7.11,45.9,0.0,2023-10-18 05:00:00
2023-10-18,06:00,0.0,24.0,78.9,0.6,29.2,0.0,2023-10-18 06:00:00
2023-10-18,07:00,113.18,25.3,76.0,3.47,36.7,4.78,2023-10-18 07:00:00
2023-10-18,08:00,327.18,27.6,71.5,11.74,37.0,13.67,2023-10-18 08:00:00
2023-10-18,09:00,457.34,27.6,67.9,5.41,50.3,18.04,2023-10-18 09:00:00
2023-10-18,10:00,656.26,32.6,60.4,5.57,21.9,24.9,2023-10-18 10:00:00
2023-10-18,11:00,710.57,28.6,68.2,4.24,37.1,27.31,2023-10-18 11:00:00
2023-10-18,12:00,573.56,28.7,76.2,4.74,66.6,22.94,2023-10-18 12:00:00
2023-10-18,13:00,627.87,29.1,75.2,5.36,55.3,24.23,2023-10-18 13:00:00
2023-10-18,14:00,551.59,28.8,72.8,1.68,58.1,22.16,2023-10-18 14:00:00
2023-10-18,15:00,515.06,33.6,58.8,4.63,38.2,19.58,2023-10-18 15:00:00
2023-10-18,16:00,325.54,32.8,57.2,5.44,42.7,13.31,2023-10-18 16:00:00
2023-10-18,17:00,120.16,33.0,62.5,1.28,52.9,5.14,2023-10-18 17:00:00
2023-10-18,18:00,0.0,27.7,74.6,2.76,61.3,0.0,2023-10-18 18:00:00
2023-10-18,19:00,0.0,29.5,59.0,2.88,8.6,0.0,2023-10-18 19:00:00
2023-10-18,20:00,0.0,26.7,65.5,5.78,18.1,0.0,2023-10-18 20:00:00
2023-10-18,21:00,0.0,25.3,80.3,5.18,57.5,0.0,2023-10-18 21:00:00
2023-10-18,22:00,0.0,24.7,74.8,4.43,33.7,0.0,2023-10-18 22:00:00
2023-10-18,23:00,0.0,21.0,75.2,5.36,27.8,0.0,2023-10-18 23:00:00
2023-10-19,00:00,0.0,25.8,62.5,3.45,18.6,0.0,2023-10-19 00:00:00
2023-10-19,01:00,0.0,23.0,74.3,5.98,29.0,0.0,2023-10-19 01:00:00
2023-10-19,02:00,0.0,19.4,84.0,2.46,16.3,0.0,2023-10-19 02:00:00
2023-10-19,03:00,0.0,18.6,90.6,4.7,68.7,0.0,2023-10-19 03:00:00
2023-10-19,04:00,0.0,21.0,76.6,2.5,37.0,0.0,2023-10-19 04:00:00
2023-10-19,05:00,0.0,22.4,77.7,1.27,36.5,0.0,2023-10-19 05:00:00
2023-10-19,06:00,0.0,25.3,76.0,2.7,46.2,0.0,2023-10-19 06:00:00
2023-10-19,07:00,117.31,22.7,81.2,3.63,51.8,4.49,2023-10-19 07:00:00
2023-10-19,08:00,301.63,26.9,78.0,5.67,51.6,11.71,2023-10-19 08:00:00
2023-10-19,09:00,448.0,25.2,77.1,3.7,53.5,18.45,2023-10-19 09:00:00
2023-10-19,10:00,661.19,30.1,67.1,2.19,27.9,25.11,2023-10-19 10:00:00
2023-10-19,11:00,726.57,30.4,63.5,8.94,32.9,27.46,2023-10-19 11:00:00
2023-10-19,12:00,688.02,35.0,65.8,2.63,48.9,26.04,2023-10-19 12:00:00
2023-10-19,13:00,752.35,29.4,68.1,8.31,29.5,28.59,2023-10-19 13:00:00
2023-10-19,14:00,630.62,34.8,60.8,6.81,37.3,24.69,2023-10-19 14:00:00
2023-10-19,15:00,490.63,29.1,70.3,3.86,43.3,19.55,2023-10-19 15:00:00
2023-10-19,16:00,309.73,29.2,77.7,1.68,49.1,12.48,2023-10-19 16:00:00
2023-10-19,17:00,137.87,27.6,65.6,4.64,10.7,5.46,2023-10-19 17:00:00
2023-10-19,18:00,0.0,29.8,63.9,5.69,48.1,0.0,2023-10-19 18:00:00
2023-10-19,19:00,0.0,25.8,70.7,3.42,33.9,0.0,2023-10-19 19:00:00
2023-10-19,20:00,0.0,23.9,75.1,2.49,48.0,0.0,2023-10-19 20:00:00
2023-10-19,21:00,0.0,25.2,82.7,5.34,49.0,0.0,2023-10-19 21:00:00
2023-10-19,22:00,0.0,24.2,84.1,3.87,61.5,0.0,2023-10-19 22:00:00
2023-10-19,23:00,0.0,22.2,89.2,2.28,57.7,0.0,2023-10-19 23:00:00
2023-10-20,00:00,0.0,20.7,80.2,7.07,57.1,0.0,2023-10-20 00:00:00
2023-10-20,01:00,0.0,23.7,83.5,7.04,58.5,0.0,2023-10-20 01:00:00
2023-10-20,02:00,0.0,20.4,74.2,3.07,41.2,0.0,2023-10-20 02:00:00
2023-10-20,03:00,0.0,21.8,70.3,1.48,37.3,0.0,2023-10-20 03:00:00
2023-10-20,04:00,0.0,21.2,79.1,4.29,50.0,0.0,2023-10-20 04:00:00
2023-10-20,05:00,0.0,19.9,88.2,2.85,47.8,0.0,2023-10-20 05:00:00
2023-10-20,06:00,0.0,24.1,67.9,1.5,32.2,0.0,2023-10-20 06:00:00
2023-10-20,07:00,111.86,23.4,75.6,6.17,42.9,4.44,2023-10-20 07:00:00
2023-10-20,08:00,341.77,26.0,74.8,10.02,36.3,14.4,2023-10-20 08:00:00
2023-10-20,09:00,526.34,28.3,66.9,3.0,24.1,20.71,2023-10-20 09:00:00
2023-10-20,10:00,536.11,25.7,84.4,4.94,56.2,21.07,2023-10-20 10:00:00
2023-10-20,11:00,718.04,27.5,68.2,1.49,37.7,27.17,2023-10-20 11:00:00
2023-10-20,12:00,550.71,33.0,65.6,3.08,67.6,22.21,2023-10-20 12:00:00
2023-10-20,13:00,773.7,30.8,52.5,1.79,12.5,29.49,2023-10-20 13:00:00
2023-10-20,14:00,653.64,31.0,59.2,1.41,28.5,24.71,2023-10-20 14:00:00
2023-10-20,15:00,491.78,32.3,56.5,4.08,37.3,19.75,2023-10-20 15:00:00
2023-10-20,16:00,293.94,30.7,60.2,5.34,53.9,11.48,2023-10-20 16:00:00
2023-10-20,17:00,119.45,31.1,71.9,3.45,42.9,4.89,2023-10-20 17:00:00
2023-10-20,18:00,0.0,29.1,66.9,3.77,41.5,0.0,2023-10-20 18:00:00
2023-10-20,19:00,0.0,28.1,73.2,2.64,20.0,0.0,2023-10-20 19:00:00
2023-10-20,20:00,0.0,24.9,64.2,4.89,19.5,0.0,2023-10-20 20:00:00
2023-10-20,21:00,0.0,25.0,71.2,3.04,41.7,0.0,2023-10-20 21:00:00
2023-10-20,22:00,0.0,25.1,63.3,1.5,16.4,0.0,2023-10-20 22:00:00
2023-10-20,23:00,0.0,20.9,73.3,2.12,28.9,0.0,2023-10-20 23:00:00
2023-10-21,00:00,0.0,22.4,80.9,1.91,43.9,0.0,2023-10-21 00:00:00
2023-10-21,01:00,0.0,20.1,77.5,3.38,21.6,0.0,2023-10-21 01:00:00
2023-10-21,02:00,0.0,21.3,86.7,1.49,60.4,0.0,2023-10-21 02:00:00
2023-10-21,03:00,0.0,20.4,88.4,5.37,54.7,0.0,2023-10-21 03:00:00
2023-10-21,04:00,0.0,20.7,76.6,6.37,12.8,0.0,2023-10-21 04:00:00
2023-10-21,05:00,0.0,22.3,68.1,2.53,22.4,0.0,2023-10-21 05:00:00
2023-10-21,06:00,0.0,25.1,60.8,3.6,2.1,0.0,2023-10-21 06:00:00
2023-10-21,07:00,141.69,24.8,69.4,3.75,24.6,6.16,2023-10-21 07:00:00
2023-10-21,08:00,289.22,26.8,86.7,8.29,47.9,12.69,2023-10-21 08:00:00
2023-10-21,09:00,515.91,26.8,70.4,1.49,30.1,20.6,2023-10-21 09:00:00
2023-10-21,10:00,609.35,31.8,63.5,4.49,43.3,23.64,2023-10-21 10:00:00
2023-10-21,11:00,763.1,31.3,59.1,2.98,13.5,28.27,2023-10-21 11:00:00
2023-10-21,12:00,676.79,31.3,62.7,3.67,48.3,26.57,2023-10-21 12:00:00
2023-10-21,13:00,748.97,31.5,60.8,2.38,28.0,28.23,2023-10-21 13:00:00
2023-10-21,14:00,621.57,33.7,62.4,2.09,36.5,23.35,2023-10-21 14:00:00
2023-10-21,15:00,496.31,30.7,62.6,2.51,35.0,19.6,2023-10-21 15:00:00
2023-10-21,16:00,354.93,27.9,59.4,1.53,17.3,15.18,2023-10-21 16:00:00
2023-10-21,17:00,132.15,30.3,59.0,2.67,19.1,6.33,2023-10-21 17:00:00
2023-10-21,18:00,0.0,31.1,64.8,4.61,50.9,0.0,2023-10-21 18:00:00
2023-10-21,19:00,0.0,30.4,59.6,4.4,42.3,0.0,2023-10-21 19:00:00
2023-10-21,20:00,0.0,25.8,72.0,3.92,52.1,0.0,2023-10-21 20:00:00
2023-10-21,21:00,0.0,24.5,68.0,0.57,41.2,0.0,2023-10-21 21:00:00
2023-10-21,22:00,0.0,23.9,68.8,1.89,38.5,0.0,2023-10-21 22:00:00
2023-10-21,23:00,0.0,21.2,66.3,5.67,10.5,0.0,2023-10-21 23:00:00
2023-10-22,00:00,0.0,21.5,79.5,2.64,31.8,0.0,2023-10-22 00:00:00
2023-10-22,01:00,0.0,19.8,85.1,6.43,35.4,0.0,2023-10-22 01:00:00
2023-10-22,02:00,0.0,21.6,77.7,5.97,65.2,0.0,2023-10-22 02:00:00
2023-10-22,03:00,0.0,21.2,86.1,2.06,46.2,0.0,2023-10-22 03:00:00
2023-10-22,04:00,0.0,22.0,77.2,6.24,58.9,0.0,2023-10-22 04:00:00
2023-10-22,05:00,0.0,21.1,82.5,4.28,44.8,0.0,2023-10-22 05:00:00
2023-10-22,06:00,0.0,26.2,68.0,4.29,25.2,0.0,2023-10-22 06:00:00
2023-10-22,07:00,108.76,25.1,74.3,5.76,37.6,4.41,2023-10-22 07:00:00
2023-10-22,08:00,330.08,26.2,65.9,3.24,39.4,12.99,2023-10-22 08:00:00
2023-10-22,09:00,511.08,25.9,59.3,4.88,21.8,20.32,2023-10-22 09:00:00
2023-10-22,10:00,636.2,28.6,61.4,4.49,30.1,25.05,2023-10-22 10:00:00
2023-10-22,11:00,720.4,30.2,64.6,5.12,32.8,27.98,2023-10-22 11:00:00
2023-10-22,12:00,623.17,29.5,78.6,4.45,59.9,23.97,2023-10-22 12:00:00
2023-10-22,13:00,769.12,31.0,50.5,1.6,4.6,29.53,2023-10-22 13:00:00
2023-10-22,14:00,549.93,31.4,66.0,2.74,53.9,21.64,2023-10-22 14:00:00
2023-10-22,15:00,534.96,31.6,55.1,6.87,21.8,21.57,2023-10-22 15:00:00
2023-10-22,16:00,343.29,27.8,62.1,2.41,15.3,13.25,2023-10-22 16:00:00
2023-10-22,17:00,96.92,29.7,61.1,3.54,53.6,4.17,2023-10-22 17:00:00
2023-10-22,18:00,0.0,28.1,75.6,3.02,46.8,0.0,2023-10-22 18:00:00
2023-10-22,19:00,0.0,27.3,72.8,1.64,54.7,0.0,2023-10-22 19:00:00
2023-10-22,20:00,0.0,27.6,74.2,2.2,47.9,0.0,2023-10-22 20:00:00
2023-10-22,21:00,0.0,27.9,73.9,2.71,66.8,0.0,2023-10-22 21:00:00
2023-10-22,22:00,0.0,24.0,75.8,3.5,44.2,0.0,2023-10-22 22:00:00
2023-10-22,23:00,0.0,19.3,83.9,5.97,33.5,0.0,2023-10-22 23:00:00
2023-10-23,00:00,0.0,19.7,81.1,3.74,40.5,0.0,2023-10-23 00:00:00
2023-10-23,01:00,0.0,20.8,83.0,4.4,54.0,0.0,2023-10-23 01:00:00
2023-10-23,02:00,0.0,20.4,72.1,3.33,23.7,0.0,2023-10-23 02:00:00
2023-10-23,03:00,0.0,21.5,72.0,5.93,25.6,0.0,2023-10-23 03:00:00
2023-10-23,04:00,0.0,20.2,73.3,4.46,30.7,0.0,2023-10-23 04:00:00
2023-10-23,05:00,0.0,20.6,67.1,1.67,3.8,0.0,2023-10-23 05:00:00
2023-10-23,06:00,0.0,25.7,75.8,3.56,37.4,0.0,2023-10-23 06:00:00
2023-10-23,07:00,140.35,24.1,72.9,5.54,7.1,6.41,2023-10-23 07:00:00
2023-10-23,08:00,327.49,23.7,68.5,4.87,36.2,14.31,2023-10-23 08:00:00
2023-10-23,09:00,468.04,29.7,69.1,6.33,48.3,19.19,2023-10-23 09:00:00
2023-10-23,10:00,661.04,25.8,67.1,2.43,28.2,26.12,2023-10-23 10:00:00
2023-10-23,11:00,565.52,23.5,85.5,7.89,60.5,23.55,2023-10-23 11:00:00
2023-10-23,12:00,782.93,32.1,55.8,2.7,13.5,29.52,2023-10-23 12:00:00
2023-10-23,13:00,616.26,33.0,63.8,1.36,53.2,23.01,2023-10-23 13:00:00
2023-10-23,14:00,580.36,32.3,59.9,3.64,45.5,22.23,2023-10-23 14:00:00
2023-10-23,15:00,534.18,29.0,52.8,1.8,9.6,20.92,2023-10-23 15:00:00
2023-10-23,16:00,199.72,30.6,76.2,4.56,76.0,8.19,2023-10-23 16:00:00
2023-10-23,17:00,135.47,29.3,66.1,6.27,34.4,5.63,2023-10-23 17:00:00
2023-10-23,18:00,0.0,27.6,65.7,6.56,22.2,0.0,2023-10-23 18:00:00
2023-10-23,19:00,0.0,29.6,56.8,4.17,14.3,0.0,2023-10-23 19:00:00
2023-10-23,20:00,0.0,23.7,71.9,3.83,32.1,0.0,2023-10-23 20:00:00
2023-10-23,21:00,0.0,24.6,74.6,9.09,33.5,0.0,2023-10-23 21:00:00
2023-10-23,22:00,0.0,24.7,76.1,4.04,36.9,0.0,2023-10-23 22:00:00
2023-10-23,23:00,0.0,22.0,70.0,6.66,30.9,0.0,2023-10-23 23:00:00
2023-10-24,00:00,0.0,22.4,75.0,6.49,44.4,0.0,2023-10-24 00:00:00
2023-10-24,01:00,0.0,20.5,71.0,2.72,29.1,0.0,2023-10-24 01:00:00
2023-10-24,02:00,0.0,20.1,72.1,0.95,5.9,0.0,2023-10-24 02:00:00
2023-10-24,03:00,0.0,20.2,81.4,3.39,32.6,0.0,2023-10-24 03:00:00
2023-10-24,04:00,0.0,21.2,67.1,5.84,0.0,0.0,2023-10-24 04:00:00
2023-10-24,05:00,0.0,20.4,76.8,5.61,40.2,0.0,2023-10-24 05:00:00
2023-10-24,06:00,0.0,20.0,73.7,4.16,20.2,0.0,2023-10-24 06:00:00
2023-10-24,07:00,117.48,25.5,80.3,2.07,37.3,5.3,2023-10-24 07:00:00
2023-10-24,08:00,271.54,27.4,77.3,1.78,54.6,10.89,2023-10-24 08:00:00
2023-10-24,09:00,519.44,27.3,67.1,7.18,20.6,21.1,2023-10-24 09:00:00
2023-10-24,10:00,567.66,27.3,73.0,3.31,50.8,22.48,2023-10-24 10:00:00
2023-10-24,11:00,718.54,26.8,66.8,4.38,28.4,27.96,2023-10-24 11:00:00
2023-10-24,12:00,590.51,30.7,65.6,6.34,61.2,23.47,2023-10-24 12:00:00
2023-10-24,13:00,724.48,28.7,60.1,5.93,29.4,24.47,2023-10-24 13:00:00
2023-10-24,14:00,651.21,28.6,60.4,3.98,22.3,25.47,2023-10-24 14:00:00
2023-10-24,15:00,468.14,31.1,60.8,3.61,45.2,18.29,2023-10-24 15:00:00
2023-10-24,16:00,321.14,29.2,60.9,4.88,28.3,13.71,2023-10-24 16:00:00
2023-10-24,17:00,117.03,30.2,59.9,2.99,22.3,4.99,2023-10-24 17:00:00
2023-10-24,18:00,0.0,28.0,64.8,4.27,27.7,0.0,2023-10-24 18:00:00
2023-10-24,19:00,0.0,25.8,67.4,1.08,34.2,0.0,2023-10-24 19:00:00
2023-10-24,20:00,0.0,22.3,82.3,5.51,55.0,0.0,2023-10-24 20:00:00
2023-10-24,21:00,0.0,22.2,67.4,9.99,5.9,0.0,2023-10-24 21:00:00
2023-10-24,22:00,0.0,20.9,78.3,7.18,35.2,0.0,2023-10-24 22:00:00
2023-10-24,23:00,0.0,18.9,79.7,3.04,44.2,0.0,2023-10-24 23:00:00
2023-10-25,00:00,0.0,19.3,83.1,3.81,37.3,0.0,2023-10-25 00:00:00
2023-10-25,01:00,0.0,17.3,85.4,2.47,54.0,0.0,2023-10-25 01:00:00
2023-10-25,02:00,0.0,18.8,86.6,2.78,33.3,0.0,2023-10-25 02:00:00
2023-10-25,03:00,0.0,19.8,77.3,3.47,31.6,0.0,2023-10-25 03:00:00
2023-10-25,04:00,0.0,18.4,82.8,4.96,43.3,0.0,2023-10-25 04:00:00
2023-10-25,05:00,0.0,21.6,78.9,1.01,35.9,0.0,2023-10-25 05:00:00
2023-10-25,06:00,0.0,19.7,80.8,3.19,28.5,0.0,2023-10-25 06:00:00
2023-10-25,07:00,103.29,21.6,81.8,3.93,42.1,4.24,2023-10-25 07:00:00
2023-10-25,08:00,345.81,24.9,75.9,2.37,24.6,14.62,2023-10-25 08:00:00
2023-10-25,09:00,500.94,27.9,67.1,1.59,25.2,20.11,2023-10-25 09:00:00
2023-10-25,10:00,636.39,29.7,61.8,3.85,26.5,24.82,2023-10-25 10:00:00
2023-10-25,11:00,600.71,32.3,63.1,4.33,54.7,23.21,2023-10-25 11:00:00
2023-10-25,12:00,795.45,29.6,55.1,4.35,0.0,31.23,2023-10-25 12:00:00
2023-10-25,13:00,684.02,30.7,70.0,3.02,40.3,26.15,2023-10-25 13:00:00
2023-10-25,14:00,629.09,29.3,59.2,2.48,34.9,24.15,2023-10-25 14:00:00
2023-10-25,15:00,529.83,28.7,56.0,2.4,9.2,20.45,2023-10-25 15:00:00
2023-10-25,16:00,296.33,30.7,62.8,1.27,39.0,12.32,2023-10-25 16:00:00
2023-10-25,17:00,102.1,28.0,65.1,2.22,41.5,4.93,2023-10-25 17:00:00
2023-10-25,18:00,0.0,30.3,63.7,5.46,43.2,0.0,2023-10-25 18:00:00
2023-10-25,19:00,0.0,24.0,71.2,0.71,0.0,0.0,2023-10-25 19:00:00
2023-10-25,20:00,0.0,26.0,73.5,1.31,54.9,0.0,2023-10-25 20:00:00
2023-10-25,21:00,0.0,21.8,74.8,1.9,23.3,0.0,2023-10-25 21:00:00
2023-10-25,22:00,0.0,20.6,73.6,3.31,44.7,0.0,2023-10-25 22:00:00
2023-10-25,23:00,0.0,21.9,74.1,2.92,45.5,0.0,2023-10-25 23:00:00
2023-10-26,00:00,0.0,18.5,81.2,2.18,20.8,0.0,2023-10-26 00:00:00
2023-10-26,01:00,0.0,18.2,90.3,1.8,43.8,0.0,2023-10-26 01:00:00
2023-10-26,02:00,0.0,17.5,81.7,6.85,28.1,0.0,2023-10-26 02:00:00
2023-10-26,03:00,0.0,22.3,66.0,6.41,2.8,0.0,2023-10-26 03:00:00
2023-10-26,04:00,0.0,18.6,86.9,5.12,51.4,0.0,2023-10-26 04:00:00
2023-10-26,05:00,0.0,20.8,64.0,2.55,36.25,0.0,2023-10-26 05:00:00
2023-10-26,06:00,0.0,21.6,73.8,2.88,21.1,0.0,2023-10-26 06:00:00
2023-10-26,07:00,108.12,23.8,67.1,4.48,27.9,5.15,2023-10-26 07:00:00
2023-10-26,08:00,307.19,23.8,77.0,2.73,38.0,12.88,2023-10-26 08:00:00
2023-10-26,09:00,484.11,26.1,60.3,3.8,33.1,19.5,2023-10-26 09:00:00
2023-10-26,10:00,602.57,28.6,65.1,4.4,42.1,23.87,2023-10-26 10:00:00
2023-10-26,11:00,758.43,27.6,61.9,3.75,13.8,28.88,2023-10-26 11:00:00
2023-10-26,12:00,773.61,32.1,54.5,3.27,22.8,29.61,2023-10-26 12:00:00
2023-10-26,13:00,705.46,32.8,57.3,2.98,32.2,26.66,2023-10-26 13:00:00
2023-10-26,14:00,481.51,32.0,71.2,5.16,62.4,18.3,2023-10-26 14:00:00
2023-10-26,15:00,491.08,30.8,61.8,4.9,32.2,19.08,2023-10-26 15:00:00
2023-10-26,16:00,279.58,24.7,71.8,4.65,50.2,11.8,2023-10-26 16:00:00
2023-10-26,17:00,105.23,29.9,67.5,3.1,34.5,4.27,2023-10-26 17:00:00
2023-10-26,18:00,0.0,27.2,66.9,5.15,26.7,0.0,2023-10-26 18:00:00
2023-10-26,19:00,0.0,26.0,69.7,7.26,30.2,0.0,2023-10-26 19:00:00
2023-10-26,20:00,0.0,21.5,72.0,4.61,31.4,0.0,2023-10-26 20:00:00
2023-10-26,21:00,0.0,24.3,64.1,3.25,43.0,0.0,2023-10-26 21:00:00
2023-10-26,22:00,0.0,19.3,81.1,5.29,54.5,0.0,2023-10-26 22:00:00
2023-10-26,23:00,0.0,20.9,74.4,4.18,39.3,0.0,2023-10-26 23:00:00
2023-10-27,00:00,0.0,21.1,78.7,6.01,51.3,0.0,2023-10-27 00:00:00
2023-10-27,01:00,0.0,18.1,74.2,4.75,19.0,0.0,2023-10-27 01:00:00
2023-10-27,02:00,0.0,20.9,75.9,5.11,27.2,0.0,2023-10-27 02:00:00
2023-10-27,03:00,0.0,17.6,82.8,4.49,22.6,0.0,2023-10-27 03:00:00
2023-10-27,04:00,0.0,20.6,82.9,1.68,38.2,0.0,2023-10-27 04:00:00
2023-10-27,05:00,0.0,18.1,83.2,3.6,28.1,0.0,2023-10-27 05:00:00
2023-10-27,06:00,0.0,23.6,72.1,1.42,44.4,0.0,2023-10-27 06:00:00
2023-10-27,07:00,125.74,24.7,68.1,3.43,19.5,5.67,2023-10-27 07:00:00
2023-10-27,08:00,313.75,25.6,76.4,4.77,34.1,12.91,2023-10-27 08:00:00
2023-10-27,09:00,452.89,25.6,66.2,3.31,43.8,18.64,2023-10-27 09:00:00
2023-10-27,10:00,671.46,25.2,68.2,0.65,2.5,26.96,2023-10-27 10:00:00
2023-10-27,11:00,535.1,28.3,69.9,3.08,65.3,21.5,2023-10-27 11:00:00
2023-10-27,12:00,736.34,31.9,60.6,1.51,29.2,27.8,2023-10-27 12:00:00
2023-10-27,13:00,766.87,30.7,56.4,5.18,3.1,29.04,2023-10-27 13:00:00
2023-10-27,14:00,612.49,27.9,67.9,5.2,35.8,25.11,2023-10-27 14:00:00
2023-10-27,15:00,483.21,28.5,74.7,5.37,34.0,19.51,2023-10-27 15:00:00
2023-10-27,16:00,305.25,32.2,58.6,1.17,32.2,12.3,2023-10-27 16:00:00
2023-10-27,17:00,107.53,29.8,60.8,1.19,48.3,4.39,2023-10-27 17:00:00
2023-10-27,18:00,0.0,25.5,74.3,6.31,44.7,0.0,2023-10-27 18:00:00
2023-10-27,19:00,0.0,23.1,74.1,1.88,37.9,0.0,2023-10-27 19:00:00
2023-10-27,20:00,0.0,23.6,76.9,4.5,40.2,0.0,2023-10-27 20:00:00
2023-10-27,21:00,0.0,19.8,81.8,5.29,31.9,0.0,2023-10-27 21:00:00
2023-10-27,22:00,0.0,21.4,82.8,3.43,60.1,0.0,2023-10-27 22:00:00
2023-10-27,23:00,0.0,24.9,67.2,3.88,11.3,0.0,2023-10-27 23:00:00
2023-10-28,00:00,0.0,16.4,84.7,2.43,35.1,0.0,2023-10-28 00:00:00
2023-10-28,01:00,0.0,18.4,88.1,6.59,34.0,0.0,2023-10-28 01:00:00
2023-10-28,02:00,0.0,20.9,78.5,2.78,45.2,0.0,2023-10-28 02:00:00
2023-10-28,03:00,0.0,20.1,72.2,2.38,20.3,0.0,2023-10-28 03:00:00
2023-10-28,04:00,0.0,19.0,76.7,3.78,6.8,0.0,2023-10-28 04:00:00
2023-10-28,05:00,0.0,20.0,75.1,2.25,35.3,0.0,2023-10-28 05:00:00
2023-10-28,06:00,0.0,19.4,81.8,4.59,37.2,0.0,2023-10-28 06:00:00
2023-10-28,07:00,98.45,22.5,79.4,3.73,55.3,4.33,2023-10-28 07:00:00
2023-10-28,08:00,322.06,24.9,65.7,2.02,13.9,13.33,2023-10-28 08:00:00
2023-10-28,09:00,438.31,28.0,80.3,1.5,50.3,17.5,2023-10-28 09:00:00
2023-10-28,10:00,460.14,26.4,82.5,1.96,68.5,18.77,2023-10-28 10:00:00
2023-10-28,11:00,707.47,28.4,68.3,1.96,27.3,26.91,2023-10-28 11:00:00
2023-10-28,12:00,774.03,28.0,63.5,2.83,13.6,29.56,2023-10-28 12:00:00
2023-10-28,13:00,739.13,30.7,57.9,5.59,26.9,28.19,2023-10-28 13:00:00
2023-10-28,14:00,615.38,31.9,61.5,1.42,33.2,23.29,2023-10-28 14:00:00
2023-10-28,15:00,460.42,31.4,65.6,1.91,41.4,19.04,2023-10-28 15:00:00
2023-10-28,16:00,324.9,27.6,65.4,2.78,24.1,12.4,2023-10-28 16:00:00
2023-10-28,17:00,89.02,29.0,71.0,3.91,56.3,4.23,2023-10-28 17:00:00
2023-10-28,18:00,0.0,26.3,63.0,5.06,16.3,0.0,2023-10-28 18:00:00
2023-10-28,19:00,0.0,27.9,61.0,6.56,6.9,0.0,2023-10-28 19:00:00
2023-10-28,20:00,0.0,24.2,74.0,3.27,49.6,0.0,2023-10-28 20:00:00
2023-10-28,21:00,0.0,20.2,72.5,1.77,0.0,0.0,2023-10-28 21:00:00
2023-10-28,22:00,0.0,21.1,67.8,2.36,29.9,0.0,2023-10-28 22:00:00
2023-10-28,23:00,0.0,21.1,93.7,2.71,79.8,0.0,2023-10-28 23:00:00
2023-10-29,00:00,0.0,19.5,73.6,5.22,32.4,0.0,2023-10-29 00:00:00
2023-10-29,01:00,0.0,17.6,73.3,4.59,15.7,0.0,2023-10-29 01:00:00
2023-10-29,02:00,0.0,17.2,83.8,2.34,31.7,0.0,2023-10-29 02:00:00
2023-10-29,03:00,0.0,16.7,85.1,5.63,31.8,0.0,2023-10-29 03:00:00
2023-10-29,04:00,0.0,18.4,89.4,5.82,34.9,0.0,2023-10-29 04:00:00
2023-10-29,05:00,0.0,18.5,84.1,6.06,42.5,0.0,2023-10-29 05:00:00
2023-10-29,06:00,0.0,23.0,69.6,2.65,17.0,0.0,2023-10-29 06:00:00
2023-10-29,07:00,90.0,21.1,83.6,1.94,57.9,4.09,2023-10-29 07:00:00
2023-10-29,08:00,303.64,24.5,78.7,1.76,36.2,12.9,2023-10-29 08:00:00
2023-10-29,09:00,447.84,26.0,81.6,3.22,43.4,18.21,2023-10-29 09:00:00
2023-10-29,10:00,632.83,29.0,61.5,3.35,23.1,24.81,2023-10-29 10:00:00
2023-10-29,11:00,616.67,30.5,69.4,5.91,51.8,24.22,2023-10-29 11:00:00
2023-10-29,12:00,747.3,30.8,60.7,2.62,28.7,28.76,2023-10-29 12:00:00
2023-10-29,13:00,680.63,30.7,62.7,4.27,36.7,26.77,2023-10-29 13:00:00
2023-10-29,14:00,647.92,28.4,69.6,5.23,18.5,24.96,2023-10-29 14:00:00
2023-10-29,15:00,508.19,28.2,58.4,2.63,17.6,21.3,2023-10-29 15:00:00
2023-10-29,16:00,295.21,28.0,59.4,2.62,42.9,12.13,2023-10-29 16:00:00
2023-10-29,17:00,105.67,29.9,62.9,4.5,25.9,4.47,2023-10-29 17:00:00
2023-10-29,18:00,0.0,27.4,68.6,4.82,19.7,0.0,2023-10-29 18:00:00
2023-10-29,19:00,0.0,27.4,65.5,7.31,22.9,0.0,2023-10-29 19:00:00
2023-10-29,20:00,0.0,26.1,73.6,5.73,43.0,0.0,2023-10-29 20:00:00
2023-10-29,21:00,0.0,21.4,76.7,5.49,23.1,0.0,2023-10-29 21:00:00
2023-10-29,22:00,0.0,21.4,76.0,4.63,30.8,0.0,2023-10-29 22:00:00
2023-10-29,23:00,0.0,20.0,80.4,1.85,32.8,0.0,2023-10-29 23:00:00
2023-10-30,00:00,0.0,18.3,75.5,5.39,3.3,0.0,2023-10-30 00:00:00
2023-10-30,01:00,0.0,17.3,68.7,6.79,10.0,0.0,2023-10-30 01:00:00
2023-10-30,02:00,0.0,20.2,79.4,3.17,37.1,0.0,2023-10-30 02:00:00
2023-10-30,03:00,0.0,18.4,71.4,2.83,21.0,0.0,2023-10-30 03:00:00
2023-10-30,04:00,0.0,18.9,83.5,3.77,47.9,0.0,2023-10-30 04:00:00
2023-10-30,05:00,0.0,18.4,82.1,7.23,46.6,0.0,2023-10-30 05:00:00
2023-10-30,06:00,0.0,22.3,81.4,1.37,42.9,0.0,2023-10-30 06:00:00
2023-10-30,07:00,82.32,20.7,84.8,4.72,59.4,3.54,2023-10-30 07:00:00
2023-10-30,08:00,295.42,24.9,72.3,5.43,30.8,12.11,2023-10-30 08:00:00
2023-10-30,09:00,445.91,26.5,69.9,5.24,41.8,17.42,2023-10-30 09:00:00
2023-10-30,10:00,636.76,26.4,70.4,3.98,23.3,24.74,2023-10-30 10:00:00
2023-10-30,11:00,503.94,28.9,67.5,6.55,68.9,20.46,2023-10-30 11:00:00
2023-10-30,12:00,570.3,29.6,67.5,1.94,61.8,21.89,2023-10-30 12:00:00
2023-10-30,13:00,714.22,29.8,68.5,2.52,32.3,27.61,2023-10-30 13:00:00
2023-10-30,14:00,599.85,30.1,62.6,2.8,37.9,23.87,2023-10-30 14:00:00
2023-10-30,15:00,414.22,30.0,59.5,0.85,52.5,16.16,2023-10-30 15:00:00
2023-10-30,16:00,299.31,29.5,69.0,3.09,29.9,11.99,2023-10-30 16:00:00
2023-10-30,17:00,95.86,28.4,67.3,2.09,22.2,4.41,2023-10-30 17:00:00
2023-10-30,18:00,0.0,25.1,76.5,4.82,45.2,0.0,2023-10-30 18:00:00
2023-10-30,19:00,0.0,25.4,70.6,3.28,33.3,0.0,2023-10-30 19:00:00
2023-10-30,20:00,0.0,24.6,78.5,4.7,34.8,0.0,2023-10-30 20:00:00
2023-10-30,21:00,0.0,22.7,75.9,2.74,19.6,0.0,2023-10-30 21:00:00
2023-10-30,22:00,0.0,22.8,73.6,1.93,6.3,0.0,2023-10-30 22:00:00
2023-10-30,23:00,0.0,21.0,80.2,1.93,35.6,0.0,2023-10-30 23:00:00
2023-10-31,00:00,0.0,17.1,86.1,2.31,45.2,0.0,2023-10-31 00:00:00
2023-10-31,01:00,0.0,17.8,78.8,1.83,28.3,0.0,2023-10-31 01:00:00
2023-10-31,02:00,0.0,17.3,82.3,2.4,53.2,0.0,2023-10-31 02:00:00
2023-10-31,03:00,0.0,18.1,80.1,4.03,21.1,0.0,2023-10-31 03:00:00
2023-10-31,04:00,0.0,18.7,78.3,2.57,15.8,0.0,2023-10-31 04:00:00
2023-10-31,05:00,0.0,20.8,75.1,2.96,30.7,0.0,2023-10-31 05:00:00
2023-10-31,06:00,0.0,21.2,78.3,1.38,30.4,0.0,2023-10-31 06:00:00
2023-10-31,07:00,90.64,24.6,72.6,6.17,43.2,4.12,2023-10-31 07:00:00
2023-10-31,08:00,314.13,24.3,72.0,1.97,20.0,13.1,2023-10-31 08:00:00
2023-10-31,09:00,422.71,24.0,73.5,2.99,52.2,17.41,2023-10-31 09:00:00
2023-10-31,10:00,475.59,26.1,71.9,3.13,61.2,19.3,2023-10-31 10:00:00
2023-10-31,11:00,692.38,29.2,63.0,5.12,31.1,26.53,2023-10-31 11:00:00
2023-10-31,12:00,640.1,26.2,76.6,3.59,50.4,25.06,2023-10-31 12:00:00
2023-10-31,13:00,732.46,27.3,58.4,3.14,15.8,28.47,2023-10-31 13:00:00
2023-10-31,14:00,544.36,29.9,71.3,4.65,47.8,21.68,2023-10-31 14:00:00
2023-10-31,15:00,421.28,31.4,58.2,4.12,47.4,16.48,2023-10-31 15:00:00
2023-10-31,16:00,284.39,31.4,63.1,1.58,44.6,11.03,2023-10-31 16:00:00
2023-10-31,17:00,85.43,27.7,60.7,2.83,31.4,2.93,2023-10-31 17:00:00
2023-10-31,18:00,0.0,28.8,46.4,7.95,0.0,0.0,2023-10-31 18:00:00
2023-10-31,19:00,0.0,25.6,68.6,3.59,22.0,0.0,2023-10-31 19:00:00
2023-10-31,20:00,0.0,21.1,73.2,3.32,22.3,0.0,2023-10-31 20:00:00
2023-10-31,21:00,0.0,22.3,65.2,2.03,17.0,0.0,2023-10-31 21:00:00
2023-10-31,22:00,0.0,19.8,76.6,5.64,33.5,0.0,2023-10-31 22:00:00
2023-10-31,23:00,0.0,21.3,76.2,1.94,25.4,0.0,2023-10-31 23:00:00
2023-11-01,00:00,0.0,18.4,75.6,1.77,18.9,0.0,2023-11-01 00:00:00
2023-11-01,01:00,0.0,15.6,79.6,3.39,15.4,0.0,2023-11-01 01:00:00
2023-11-01,02:00,0.0,15.0,81.0,3.38,20.5,0.0,2023-11-01 02:00:00
2023-11-01,03:00,0.0,17.9,82.8,8.09,48.1,0.0,2023-11-01 03:00:00
2023-11-01,04:00,0.0,14.1,81.8,1.9,21.3,0.0,2023-11-01 04:00:00
2023-11-01,05:00,0.0,18.5,75.6,3.59,22.85,0.0,2023-11-01 05:00:00
2023-11-01,06:00,0.0,21.1,71.4,2.3,24.4,0.0,2023-11-01 06:00:00
2023-11-01,07:00,76.47,20.2,74.7,4.68,36.3,3.9,2023-11-01 07:00:00
2023-11-01,08:00,296.74,25.5,69.8,3.18,38.1,12.0,2023-11-01 08:00:00
2023-11-01,09:00,503.53,27.4,56.3,4.39,0.0,20.44,2023-11-01 09:00:00
2023-11-01,10:00,561.18,24.9,70.0,2.94,46.6,22.19,2023-11-01 10:00:00
2023-11-01,11:00,593.74,27.4,75.2,3.96,52.8,23.51,2023-11-01 11:00:00
2023-11-01,12:00,739.77,30.7,62.8,3.52,15.5,28.58,2023-11-01 12:00:00
2023-11-01,13:00,726.93,29.5,59.9,3.1,16.7,27.73,2023-11-01 13:00:00
2023-11-01,14:00,614.23,27.2,65.6,3.84,24.5,23.8,2023-11-01 14:00:00
2023-11-01,15:00,479.64,29.2,58.4,3.14,19.9,18.87,2023-11-01 15:00:00
2023-11-01,16:00,282.87,27.4,71.8,5.37,34.6,11.29,2023-11-01 16:00:00
2023-11-01,17:00,105.57,29.9,62.6,3.64,2.0,3.97,2023-11-01 17:00:00
2023-11-01,18:00,0.0,27.8,61.3,6.31,14.5,0.0,2023-11-01 18:00:00
2023-11-01,19:00,0.0,24.7,74.4,2.41,54.3,0.0,2023-11-01 19:00:00
2023-11-01,20:00,0.0,23.9,69.8,1.81,17.3,0.0,2023-11-01 20:00:00
2023-11-01,21:00,0.0,19.8,83.3,3.13,49.9,0.0,2023-11-01 21:00:00
2023-11-01,22:00,0.0,19.3,78.2,2.21,36.6,0.0,2023-11-01 22:00:00
2023-11-01,23:00,0.0,22.2,69.6,3.19,4.1,0.0,2023-11-01 23:00:00
2023-11-02,00:00,0.0,18.4,86.2,2.33,40.4,0.0,2023-11-02 00:00:00
2023-11-02,01:00,0.0,19.4,75.0,5.91,29.1,0.0,2023-11-02 01:00:00
2023-11-02,02:00,0.0,17.9,89.3,3.98,24.0,0.0,2023-11-02 02:00:00
2023-11-02,03:00,0.0,20.1,72.3,3.65,34.5,0.0,2023-11-02 03:00:00
2023-11-02,04:00,0.0,14.7,84.0,5.23,37.9,0.0,2023-11-02 04:00:00
2023-11-02,05:00,0.0,18.9,82.9,1.92,41.4,0.0,2023-11-02 05:00:00
2023-11-02,06:00,0.0,23.4,86.0,5.8,48.5,0.0,2023-11-02 06:00:00
2023-11-02,07:00,91.64,23.7,71.4,3.59,36.9,4.0,2023-11-02 07:00:00
2023-11-02,08:00,298.08,25.9,59.4,1.96,10.2,11.8,2023-11-02 08:00:00
2023-11-02,09:00,467.88,25.0,70.6,5.47,23.7,18.15,2023-11-02 09:00:00
2023-11-02,10:00,386.46,25.5,79.5,3.49,75.0,15.76,2023-11-02 10:00:00
2023-11-02,11:00,655.66,25.9,74.2,4.16,41.7,26.16,2023-11-02 11:00:00
2023-11-02,12:00,523.06,26.7,76.3,6.19,66.4,21.07,2023-11-02 12:00:00
2023-11-02,13:00,614.1,30.7,63.5,6.15,51.8,23.94,2023-11-02 13:00:00
2023-11-02,14:00,599.81,30.4,72.4,6.18,34.4,22.39,2023-11-02 14:00:00
2023-11-02,16:00,296.51,29.6,70.4,4.97,30.3,12.03,2023-11-02 16:00:00
2023-11-02,17:00,117.65,28.0,62.9,2.46,4.8,5.17,2023-11-02 17:00:00
2023-11-02,18:00,0.0,28.2,62.5,5.57,31.1,0.0,2023-11-02 18:00:00
2023-11-02,19:00,0.0,26.8,79.5,2.96,49.0,0.0,2023-11-02 19:00:00
2023-11-02,20:00,0.0,21.6,67.6,3.5,21.8,0.0,2023-11-02 20:00:00
2023-11-02,21:00,0.0,22.4,79.7,6.16,37.0,0.0,2023-11-02 21:00:00
2023-11-02,22:00,0.0,17.5,76.3,5.36,43.6,0.0,2023-11-02 22:00:00
2023-11-02,23:00,0.0,19.5,70.5,7.13,17.2,0.0,2023-11-02 23:00:00
2023-11-03,00:00,0.0,19.2,72.5,3.05,23.6,0.0,2023-11-03 00:00:00
2023-11-03,01:00,0.0,15.1,78.1,2.04,15.2,0.0,2023-11-03 01:00:00
2023-11-03,02:00,0.0,16.5,79.8,6.4,18.1,0.0,2023-11-03 02:00:00
2023-11-03,03:00,0.0,17.5,73.2,3.63,11.1,0.0,2023-11-03 03:00:00
2023-11-03,04:00,0.0,18.5,68.3,6.14,16.9,0.0,2023-11-03 04:00:00
2023-11-03,05:00,0.0,18.5,87.0,4.86,51.7,0.0,2023-11-03 05:00:00
2023-11-03,06:00,0.0,18.2,77.1,5.98,16.7,0.0,2023-11-03 06:00:00
2023-11-03,07:00,95.55,21.6,77.3,4.42,32.3,4.05,2023-11-03 07:00:00
2023-11-03,08:00,310.67,20.3,76.0,5.42,22.9,13.77,2023-11-03 08:00:00
2023-11-03,09:00,419.66,24.4,79.2,1.86,48.1,17.1,2023-11-03 09:00:00
2023-11-03,10:00,544.35,25.5,74.0,7.56,50.1,21.68,2023-11-03 10:00:00
2023-11-03,11:00,651.0,27.3,73.9,2.2,43.4,25.75,2023-11-03 11:00:00
2023-11-03,12:00,706.21,27.5,64.4,1.1,35.0,27.07,2023-11-03 12:00:00
2023-11-03,13:00,690.86,26.4,64.3,3.81,27.0,27.41,2023-11-03 13:00:00
2023-11-03,14:00,626.5,28.6,65.7,4.74,12.5,24.61,2023-11-03 14:00:00
2023-11-03,15:00,369.49,30.8,74.1,4.77,59.6,14.48,2023-11-03 15:00:00
2023-11-03,16:00,311.65,30.8,60.9,2.95,19.0,12.95,2023-11-03 16:00:00
2023-11-03,17:00,75.73,31.9,58.7,5.0,40.4,3.39,2023-11-03 17:00:00
2023-11-03,18:00,0.0,29.3,63.7,5.67,46.3,0.0,2023-11-03 18:00:00
2023-11-03,19:00,0.0,22.7,76.8,4.19,22.1,0.0,2023-11-03 19:00:00
2023-11-03,20:00,0.0,22.6,82.7,3.15,46.0,0.0,2023-11-03 20:00:00
2023-11-03,21:00,0.0,21.7,77.7,4.21,41.9,0.0,2023-11-03 21:00:00
2023-11-03,22:00,0.0,20.1,93.3,5.85,56.3,0.0,2023-11-03 22:00:00
2023-11-03,23:00,0.0,19.2,78.9,6.27,23.4,0.0,2023-11-03 23:00:00
2023-11-04,00:00,0.0,22.2,65.0,1.18,10.7,0.0,2023-11-04 00:00:00
2023-11-04,01:00,0.0,15.3,81.6,1.87,22.4,0.0,2023-11-04 01:00:00
2023-11-04,02:00,0.0,15.8,84.6,0.76,33.2,0.0,2023-11-04 02:00:00
2023-11-04,03:00,0.0,20.2,77.8,3.63,30.9,0.0,2023-11-04 03:00:00
2023-11-04,04:00,0.0,16.8,85.8,3.38,24.1,0.0,2023-11-04 04:00:00
2023-11-04,05:00,0.0,19.6,67.1,3.88,1.4,0.0,2023-11-04 05:00:00
2023-11-04,06:00,0.0,21.9,71.1,4.58,37.1,0.0,2023-11-04 06:00:00
2023-11-04,07:00,70.71,22.4,83.7,3.06,59.6,3.48,2023-11-04 07:00:00
2023-11-04,08:00,276.71,23.4,72.1,2.34,37.0,11.2,2023-11-04 08:00:00
2023-11-04,09:00,443.04,26.3,80.0,3.19,39.2,17.41,2023-11-04 09:00:00
2023-11-04,10:00,578.22,24.5,76.7,0.86,38.6,23.12,2023-11-04 10:00:00
2023-11-04,11:00,662.14,26.4,67.3,5.55,36.0,26.34,2023-11-04 11:00:00
2023-11-04,12:00,650.38,29.2,72.1,3.14,44.0,24.79,2023-11-04 12:00:00
2023-11-04,13:00,664.23,25.2,74.1,4.25,36.0,26.33,2023-11-04 13:00:00
2023-11-04,14:00,602.44,31.6,61.5,2.88,25.3,22.68,2023-11-04 14:00:00
2023-11-04,15:00,480.61,29.4,59.9,4.21,18.1,19.53,2023-11-04 15:00:00
2023-11-04,16:00,305.57,28.6,65.4,3.85,26.3,12.25,2023-11-04 16:00:00
2023-11-04,17:00,83.42,24.4,63.7,2.34,34.7,3.49,2023-11-04 17:00:00
2023-11-04,18:00,0.0,23.8,75.9,4.27,25.3,0.0,2023-11-04 18:00:00
2023-11-04,19:00,0.0,23.9,59.1,1.79,34.7,0.0,2023-11-04 19:00:00
2023-11-04,20:00,0.0,24.5,70.6,3.58,36.6,0.0,2023-11-04 20:00:00
2023-11-04,21:00,0.0,17.8,77.5,4.79,42.5,0.0,2023-11-04 21:00:00
2023-11-04,22:00,0.0,21.5,78.1,3.89,49.3,0.0,2023-11-04 22:00:00
2023-11-04,23:00,0.0,18.2,80.2,4.95,31.2,0.0,2023-11-04 23:00:00
2023-11-05,00:00,0.0,17.3,71.8,2.65,10.0,0.0,2023-11-05 00:00:00
2023-11-05,01:00,0.0,17.5,68.8,1.35,24.5,0.0,2023-11-05 01:00:00
2023-11-05,02:00,0.0,17.4,82.3,1.41,30.3,0.0,2023-11-05 02:00:00
2023-11-05,03:00,0.0,15.8,85.2,2.63,2.1,0.0,2023-11-05 03:00:00
2023-11-05,04:00,0.0,18.8,83.0,3.25,50.5,0.0,2023-11-05 04:00:00
2023-11-05,05:00,0.0,14.5,90.0,3.84,31.8,0.0,2023-11-05 05:00:00
2023-11-05,06:00,0.0,19.1,86.2,5.02,35.4,0.0,2023-11-05 06:00:00
2023-11-05,07:00,69.43,21.6,72.5,5.64,50.1,2.54,2023-11-05 07:00:00
2023-11-05,08:00,294.4,22.3,69.8,4.63,20.2,13.29,2023-11-05 08:00:00
2023-11-05,09:00,443.26,21.2,72.7,3.5,38.3,18.16,2023-11-05 09:00:00
2023-11-05,10:00,588.06,27.3,62.8,2.61,28.0,23.29,2023-11-05 10:00:00
2023-11-05,11:00,694.23,24.9,76.2,3.34,26.9,27.19,2023-11-05 11:00:00
2023-11-05,12:00,731.49,28.0,63.4,2.65,18.1,28.2,2023-11-05 12:00:00
2023-11-05,13:00,553.35,29.0,73.3,4.26,54.6,21.6,2023-11-05 13:00:00
2023-11-05,14:00,608.61,28.9,62.5,5.46,24.0,23.95,2023-11-05 14:00:00
2023-11-05,15:00,432.96,30.8,59.0,3.75,40.1,17.44,2023-11-05 15:00:00
2023-11-05,16:00,317.46,28.0,61.1,1.32,1.5,11.96,2023-11-05 16:00:00
2023-11-05,17:00,71.97,27.9,75.0,6.87,47.3,2.92,2023-11-05 17:00:00
2023-11-05,18:00,0.0,25.8,73.9,2.74,45.4,0.0,2023-11-05 18:00:00
2023-11-05,19:00,0.0,25.5,71.5,6.46,31.1,0.0,2023-11-05 19:00:00
2023-11-05,20:00,0.0,23.55,63.5,5.42,26.2,0.0,2023-11-05 20:00:00
2023-11-05,21:00,0.0,21.6,79.3,3.27,35.6,0.0,2023-11-05 21:00:00
2023-11-05,22:00,0.0,21.3,89.4,1.42,64.0,0.0,2023-11-05 22:00:00
2023-11-05,23:00,0.0,21.3,70.5,7.03,3.2,0.0,2023-11-05 23:00:00
2023-11-06,00:00,0.0,19.9,73.2,4.44,41.0,0.0,2023-11-06 00:00:00
2023-11-06,01:00,0.0,16.2,86.1,2.54,15.6,0.0,2023-11-06 01:00:00
2023-11-06,02:00,0.0,18.6,75.6,3.82,29.0,0.0,2023-11-06 02:00:00
2023-11-06,03:00,0.0,17.3,82.0,4.32,25.6,0.0,2023-11-06 03:00:00
2023-11-06,04:00,0.0,19.5,80.3,2.43,22.9,0.0,2023-11-06 04:00:00
2023-11-06,05:00,0.0,19.5,82.3,1.69,29.1,0.0,2023-11-06 05:00:00
2023-11-06,06:00,0.0,20.2,65.6,2.62,12.3,0.0,2023-11-06 06:00:00
2023-11-06,07:00,69.8,21.9,78.8,1.34,44.7,3.16,2023-11-06 07:00:00
2023-11-06,08:00,303.84,23.1,66.1,1.52,2.4,12.92,2023-11-06 08:00:00
2023-11-06,09:00,438.99,24.8,77.9,2.07,37.4,17.79,2023-11-06 09:00:00
2023-11-06,10:00,603.23,25.4,69.8,2.08,24.4,23.54,2023-11-06 10:00:00
2023-11-06,11:00,710.93,26.5,69.0,2.53,11.7,27.45,2023-11-06 11:00:00
2023-11-06,12:00,698.08,31.1,63.1,6.83,32.3,26.71,2023-11-06 12:00:00
2023-11-06,13:00,719.25,29.3,57.2,4.02,5.9,27.23,2023-11-06 13:00:00
2023-11-06,14:00,596.78,27.7,66.7,3.32,29.9,23.32,2023-11-06 14:00:00
2023-11-06,15:00,471.31,28.0,66.1,3.96,7.9,18.28,2023-11-06 15:00:00
2023-11-06,16:00,265.97,29.8,59.2,0.79,36.2,11.04,2023-11-06 16:00:00
2023-11-06,17:00,82.93,25.6,69.1,6.2,15.4,3.68,2023-11-06 17:00:00
2023-11-06,18:00,0.0,23.0,68.6,3.81,22.5,0.0,2023-11-06 18:00:00
2023-11-06,19:00,0.0,21.7,72.5,3.45,33.7,0.0,2023-11-06 19:00:00
2023-11-06,20:00,0.0,19.6,79.1,6.9,17.7,0.0,2023-11-06 20:00:00
2023-11-06,21:00,0.0,18.8,75.4,4.85,28.4,0.0,2023-11-06 21:00:00
2023-11-06,22:00,0.0,17.6,76.8,2.94,6.6,0.0,2023-11-06 22:00:00
2023-11-06,23:00,0.0,20.9,76.4,6.8,38.7,0.0,2023-11-06 23:00:00
2023-11-07,00:00,0.0,17.2,78.6,5.75,55.4,0.0,2023-11-07 00:00:00
2023-11-07,01:00,0.0,16.0,95.6,7.18,70.8,0.0,2023-11-07 01:00:00
2023-11-07,02:00,0.0,13.9,87.2,1.71,30.3,0.0,2023-11-07 02:00:00
2023-11-07,03:00,0.0,16.4,77.9,7.2,40.7,0.0,2023-11-07 03:00:00
2023-11-07,04:00,0.0,14.2,76.5,3.86,2.2,0.0,2023-11-07 04:00:00
2023-11-07,05:00,0.0,17.6,79.2,4.51,51.5,0.0,2023-11-07 05:00:00
2023-11-07,06:00,0.0,23.2,78.3,2.36,40.6,0.0,2023-11-07 06:00:00
2023-11-07,07:00,78.38,22.1,77.8,1.98,21.7,3.57,2023-11-07 07:00:00
2023-11-07,08:00,267.91,22.1,82.1,1.59,47.5,11.97,2023-11-07 08:00:00
2023-11-07,09:00,457.3,25.3,72.3,3.31,25.1,18.69,2023-11-07 09:00:00
2023-11-07,10:00,617.01,24.6,66.5,2.4,22.1,24.57,2023-11-07 10:00:00
2023-11-07,11:00,655.96,25.3,73.3,1.61,36.1,25.86,2023-11-07 11:00:00
2023-11-07,12:00,745.17,30.8,57.0,7.19,13.0,28.55,2023-11-07 12:00:00
2023-11-07,13:00,637.4,26.2,72.5,4.87,44.2,25.25,2023-11-07 13:00:00
2023-11-07,14:00,607.97,27.9,65.3,3.75,13.1,23.6,2023-11-07 14:00:00
2023-11-07,15:00,487.56,28.8,64.8,4.93,13.2,19.05,2023-11-07 15:00:00
2023-11-07,16:00,283.17,26.0,63.3,4.19,15.3,11.77,2023-11-07 16:00:00
2023-11-07,17:00,67.37,27.9,62.6,2.18,40.3,3.44,2023-11-07 17:00:00
2023-11-07,18:00,0.0,24.9,66.8,4.31,19.7,0.0,2023-11-07 18:00:00
2023-11-07,19:00,0.0,25.2,63.5,4.56,8.7,0.0,2023-11-07 19:00:00
2023-11-07,20:00,0.0,23.5,70.8,2.48,19.8,0.0,2023-11-07 20:00:00
2023-11-07,21:00,0.0,20.5,79.7,2.86,28.4,0.0,2023-11-07 21:00:00
2023-11-07,22:00,0.0,22.6,61.2,3.14,11.2,0.0,2023-11-07 22:00:00
2023-11-07,23:00,0.0,17.0,74.7,4.15,11.6,0.0,2023-11-07 23:00:00
2023-11-08,00:00,0.0,19.5,82.0,1.9,60.3,0.0,2023-11-08 00:00:00
2023-11-08,01:00,0.0,18.6,81.0,4.93,15.7,0.0,2023-11-08 01:00:00
2023-11-08,02:00,0.0,19.5,75.9,2.98,23.7,0.0,2023-11-08 02:00:00
2023-11-08,03:00,0.0,16.8,78.5,4.62,23.1,0.0,2023-11-08 03:00:00
2023-11-08,04:00,0.0,15.7,84.2,6.75,22.3,0.0,2023-11-08 04:00:00
2023-11-08,05:00,0.0,21.8,74.4,5.93,37.9,0.0,2023-11-08 05:00:00
2023-11-08,06:00,0.0,18.7,82.6,4.9,42.8,0.0,2023-11-08 06:00:00
2023-11-08,07:00,73.65,19.3,84.3,2.26,24.0,2.65,2023-11-08 07:00:00
2023-11-08,08:00,301.71,22.0,76.7,4.86,10.0,12.87,2023-11-08 08:00:00
2023-11-08,09:00,406.97,22.1,77.1,4.32,47.7,17.47,2023-11-08 09:00:00
2023-11-08,10:00,582.93,26.2,66.8,5.12,27.2,23.77,2023-11-08 10:00:00
2023-11-08,11:00,555.66,25.4,73.1,5.92,54.5,22.53,2023-11-08 11:00:00
2023-11-08,12:00,737.89,27.0,51.8,2.82,0.0,28.22,2023-11-08 12:00:00
2023-11-08,13:00,674.66,29.8,67.3,4.36,31.5,26.37,2023-11-08 13:00:00
2023-11-08,14:00,491.31,29.4,79.9,2.66,57.4,19.98,2023-11-08 14:00:00
2023-11-08,15:00,464.71,28.1,61.9,2.98,23.3,18.37,2023-11-08 15:00:00
2023-11-08,16:00,300.52,27.8,61.3,3.76,25.2,12.46,2023-11-08 16:00:00
2023-11-08,17:00,75.54,26.6,67.3,3.37,33.0,3.12,2023-11-08 17:00:00
2023-11-08,18:00,0.0,24.5,68.6,4.14,20.2,0.0,2023-11-08 18:00:00
2023-11-08,19:00,0.0,23.8,65.7,5.03,23.9,0.0,2023-11-08 19:00:00
2023-11-08,20:00,0.0,23.2,69.2,4.16,23.5,0.0,2023-11-08 20:00:00
2023-11-08,21:00,0.0,20.5,78.1,7.61,19.2,0.0,2023-11-08 21:00:00
2023-11-08,22:00,0.0,20.0,82.3,4.9,47.0,0.0,2023-11-08 22:00:00
2023-11-08,23:00,0.0,16.5,89.2,8.29,35.5,0.0,2023-11-08 23:00:00
2023-11-09,00:00,0.0,15.8,85.8,4.93,32.0,0.0,2023-11-09 00:00:00
2023-11-09,01:00,0.0,15.0,83.2,3.7,40.4,0.0,2023-11-09 01:00:00
2023-11-09,02:00,0.0,15.1,81.1,3.26,24.3,0.0,2023-11-09 02:00:00
2023-11-09,03:00,0.0,18.6,77.3,4.88,16.6,0.0,2023-11-09 03:00:00
2023-11-09,04:00,0.0,18.2,73.0,4.6,19.2,0.0,2023-11-09 04:00:00
2023-11-09,05:00,0.0,15.9,78.2,4.49,28.3,0.0,2023-11-09 05:00:00
2023-11-09,06:00,0.0,19.9,68.5,4.8,12.4,0.0,2023-11-09 06:00:00
2023-11-09,07:00,75.29,19.8,77.6,5.95,20.8,2.72,2023-11-09 07:00:00
2023-11-09,08:00,276.3,20.9,72.3,2.43,20.5,11.09,2023-11-09 08:00:00
2023-11-09,09:00,338.3,21.0,88.3,3.97,60.1,13.94,2023-11-09 09:00:00
2023-11-09,10:00,623.85,26.8,56.2,4.15,0.0,24.97,2023-11-09 10:00:00
2023-11-09,11:00,677.6,23.9,60.7,2.74,25.6,26.76,2023-11-09 11:00:00
2023-11-09,12:00,604.05,27.2,72.2,8.49,54.1,24.0,2023-11-09 12:00:00
2023-11-09,13:00,673.17,26.2,74.8,5.22,30.1,26.34,2023-11-09 13:00:00
2023-11-09,14:00,552.78,29.5,65.8,2.87,39.6,21.92,2023-11-09 14:00:00
2023-11-09,15:00,449.81,27.3,61.0,3.03,29.8,18.65,2023-11-09 15:00:00
2023-11-09,16:00,291.6,27.1,57.4,4.78,18.2,13.21,2023-11-09 16:00:00
2023-11-09,17:00,86.93,26.2,65.5,0.91,0.0,3.61,2023-11-09 17:00:00
2023-11-09,18:00,0.0,25.6,66.2,3.5,31.3,0.0,2023-11-09 18:00:00
2023-11-09,19:00,0.0,23.7,74.8,2.96,16.6,0.0,2023-11-09 19:00:00
2023-11-09,20:00,0.0,22.0,73.7,5.77,16.3,0.0,2023-11-09 20:00:00
2023-11-09,21:00,0.0,19.6,72.7,5.26,20.8,0.0,2023-11-09 21:00:00
2023-11-09,22:00,0.0,16.3,93.8,2.91,54.4,0.0,2023-11-09 22:00:00
2023-11-09,23:00,0.0,15.8,88.7,5.88,64.3,0.0,2023-11-09 23:00:00
2023-11-10,00:00,0.0,18.0,75.0,6.45,31.2,0.0,2023-11-10 00:00:00
2023-11-10,01:00,0.0,15.6,78.4,3.91,21.0,0.0,2023-11-10 01:00:00
2023-11-10,02:00,0.0,14.7,83.6,2.08,10.3,0.0,2023-11-10 02:00:00
2023-11-10,03:00,0.0,13.6,92.9,5.11,35.0,0.0,2023-11-10 03:00:00
2023-11-10,04:00,0.0,13.6,83.45,2.86,54.7,0.0,2023-11-10 04:00:00
2023-11-10,05:00,0.0,16.4,74.0,3.79,24.2,0.0,2023-11-10 05:00:00
2023-11-10,06:00,0.0,20.5,63.0,1.32,0.0,0.0,2023-11-10 06:00:00
2023-11-10,07:00,79.95,19.3,76.3,3.66,38.0,3.74,2023-11-10 07:00:00
2023-11-10,08:00,246.13,22.6,71.6,3.13,42.7,10.9,2023-11-10 08:00:00
2023-11-10,09:00,467.57,22.4,68.5,4.59,4.2,19.03,2023-11-10 09:00:00
2023-11-10,10:00,585.24,26.1,76.2,1.28,30.6,23.05,2023-11-10 10:00:00
2023-11-10,11:00,654.07,25.5,73.6,4.26,34.7,25.85,2023-11-10 11:00:00
2023-11-10,12:00,699.85,24.9,64.8,5.12,26.8,27.82,2023-11-10 12:00:00
2023-11-10,13:00,681.95,27.2,60.4,0.93,16.1,25.84,2023-11-10 13:00:00
2023-11-10,14:00,534.5,31.2,62.0,4.97,43.2,20.14,2023-11-10 14:00:00
2023-11-10,15:00,455.5,30.9,60.7,1.92,21.9,18.48,2023-11-10 15:00:00
2023-11-10,16:00,291.28,28.0,65.7,4.66,5.7,11.57,2023-11-10 16:00:00
2023-11-10,17:00,90.33,25.9,59.3,3.46,0.0,4.68,2023-11-10 17:00:00
2023-11-10,18:00,0.0,25.4,79.8,3.91,46.9,0.0,2023-11-10 18:00:00
2023-11-10,19:00,0.0,24.0,81.7,2.94,37.2,0.0,2023-11-10 19:00:00
2023-11-10,20:00,0.0,21.8,73.2,2.52,29.3,0.0,2023-11-10 20:00:00
2023-11-10,21:00,0.0,21.1,72.2,1.53,21.3,0.0,2023-11-10 21:00:00
2023-11-10,22:00,0.0,19.3,74.6,5.87,20.0,0.0,2023-11-10 22:00:00
2023-11-10,23:00,0.0,17.1,77.6,4.19,11.8,0.0,2023-11-10 23:00:00
2023-11-11,00:00,0.0,14.4,82.3,8.16,21.2,0.0,2023-11-11 00:00:00
2023-11-11,01:00,0.0,15.1,80.9,5.74,0.0,0.0,2023-11-11 01:00:00
2023-11-11,02:00,0.0,17.1,72.3,5.92,16.6,0.0,2023-11-11 02:00:00
2023-11-11,03:00,0.0,15.9,79.8,4.13,23.0,0.0,2023-11-11 03:00:00
2023-11-11,04:00,0.0,17.1,84.9,1.6,36.8,0.0,2023-11-11 04:00:00
2023-11-11,05:00,0.0,17.0,84.7,6.44,27.0,0.0,2023-11-11 05:00:00
2023-11-11,06:00,0.0,16.8,93.5,1.85,39.6,0.0,2023-11-11 06:00:00
2023-11-11,07:00,60.69,19.7,77.3,3.74,47.9,2.39,2023-11-11 07:00:00
2023-11-11,08:00,248.34,19.9,78.4,5.8,43.5,9.93,2023-11-11 08:00:00
2023-11-11,09:00,434.05,21.3,67.7,3.54,34.7,17.89,2023-11-11 09:00:00
2023-11-11,10:00,576.39,26.9,62.2,2.12,27.8,22.61,2023-11-11 10:00:00
2023-11-11,11:00,679.04,25.2,58.4,3.1,12.9,27.47,2023-11-11 11:00:00
2023-11-11,12:00,681.25,25.6,69.2,8.52,38.7,26.77,2023-11-11 12:00:00
2023-11-11,13:00,557.73,30.4,66.7,11.47,52.8,21.99,2023-11-11 13:00:00
2023-11-11,14:00,571.32,29.2,66.3,4.73,32.8,22.55,2023-11-11 14:00:00
2023-11-11,15:00,355.15,26.8,72.7,6.12,56.4,14.34,2023-11-11 15:00:00
2023-11-11,16:00,270.46,27.7,61.5,1.31,4.8,11.27,2023-11-11 16:00:00
2023-11-11,17:00,74.66,25.5,64.8,2.66,10.3,2.77,2023-11-11 17:00:00
2023-11-11,18:00,0.0,23.5,70.7,3.08,40.5,0.0,2023-11-11 18:00:00
2023-11-11,19:00,0.0,24.1,65.0,0.92,31.6,0.0,2023-11-11 19:00:00
2023-11-11,20:00,0.0,21.1,82.5,3.11,47.3,0.0,2023-11-11 20:00:00
2023-11-11,21:00,0.0,20.3,83.0,1.69,27.4,0.0,2023-11-11 21:00:00
2023-11-11,22:00,0.0,20.5,83.0,3.74,14.6,0.0,2023-11-11 22:00:00
2023-11-11,23:00,0.0,19.1,81.2,0.75,24.4,0.0,2023-11-11 23:00:00
2023-11-12,00:00,0.0,15.3,84.0,2.63,4.4,0.0,2023-11-12 00:00:00
2023-11-12,01:00,0.0,16.6,79.6,5.89,10.4,0.0,2023-11-12 01:00:00
2023-11-12,02:00,0.0,13.5,91.4,2.36,41.9,0.0,2023-11-12 02:00:00
2023-11-12,03:00,0.0,16.5,85.8,1.48,40.4,0.0,2023-11-12 03:00:00
2023-11-12,04:00,0.0,16.6,82.9,2.54,32.8,0.0,2023-11-12 04:00:00
2023-11-12,05:00,0.0,18.0,75.8,5.54,1.5,0.0,2023-11-12 05:00:00
2023-11-12,07:00,70.07,23.7,66.1,4.07,9.0,3.19,2023-11-12 07:00:00
2023-11-12,08:00,244.98,19.9,76.7,0.59,45.0,10.03,2023-11-12 08:00:00
2023-11-12,09:00,469.52,24.8,69.3,3.54,18.6,19.35,2023-11-12 09:00:00
2023-11-12,10:00,609.82,22.7,64.9,2.61,11.1,24.45,2023-11-12 10:00:00
2023-11-12,11:00,663.26,26.7,67.0,2.93,27.8,26.04,2023-11-12 11:00:00
2023-11-12,12:00,698.65,27.7,64.9,4.13,17.8,27.83,2023-11-12 12:00:00
2023-11-12,13:00,585.24,27.4,73.6,5.97,49.6,22.62,2023-11-12 13:00:00
2023-11-12,14:00,603.09,26.6,67.3,2.2,16.3,23.78,2023-11-12 14:00:00
2023-11-12,15:00,443.31,27.6,59.3,5.09,6.4,18.13,2023-11-12 15:00:00
2023-11-12,16:00,286.01,27.2,61.1,1.35,0.0,11.48,2023-11-12 16:00:00
2023-11-12,17:00,65.53,29.0,61.3,2.89,26.9,3.13,2023-11-12 17:00:00
2023-11-12,18:00,0.0,22.9,62.5,2.39,18.9,0.0,2023-11-12 18:00:00
2023-11-12,19:00,0.0,22.1,70.5,6.47,5.9,0.0,2023-11-12 19:00:00
2023-11-12,20:00,0.0,22.0,79.5,2.18,45.2,0.0,2023-11-12 20:00:00
2023-11-12,21:00,0.0,19.5,84.1,4.03,37.4,0.0,2023-11-12 21:00:00
2023-11-12,22:00,0.0,18.3,79.2,2.11,26.9,0.0,2023-11-12 22:00:00
2023-11-12,23:00,0.0,19.2,76.7,3.54,47.8,0.0,2023-11-12 23:00:00
2023-11-13,00:00,0.0,11.1,92.2,3.28,37.0,0.0,2023-11-13 00:00:00
2023-11-13,01:00,0.0,14.5,85.5,1.28,14.7,0.0,2023-11-13 01:00:00
2023-11-13,02:00,0.0,12.2,86.5,5.52,11.5,0.0,2023-11-13 02:00:00
2023-11-13,03:00,0.0,13.4,89.2,5.18,39.4,0.0,2023-11-13 03:00:00
2023-11-13,04:00,0.0,20.5,70.9,2.67,33.0,0.0,2023-11-13 04:00:00
2023-11-13,05:00,0.0,18.2,76.0,4.21,29.6,0.0,2023-11-13 05:00:00
2023-11-13,06:00,0.0,20.0,75.5,3.05,14.4,0.0,2023-11-13 06:00:00
2023-11-13,07:00,52.58,19.6,73.0,5.1,36.2,2.93,2023-11-13 07:00:00
2023-11-13,08:00,281.07,22.7,68.6,4.63,15.8,12.81,2023-11-13 08:00:00
2023-11-13,09:00,429.63,19.7,77.0,1.67,25.6,18.4,2023-11-13 09:00:00
2023-11-13,10:00,505.35,26.2,77.5,5.68,48.8,20.88,2023-11-13 10:00:00
2023-11-13,11:00,679.4,24.1,70.6,2.19,17.2,27.11,2023-11-13 11:00:00
2023-11-13,12:00,713.54,25.6,66.3,2.16,3.5,27.73,2023-11-13 12:00:00
2023-11-13,13:00,680.77,28.0,62.0,4.87,11.3,25.75,2023-11-13 13:00:00
2023-11-13,14:00,537.95,27.9,65.3,2.21,42.0,20.87,2023-11-13 14:00:00
2023-11-13,15:00,445.09,27.3,64.3,1.87,30.9,17.6,2023-11-13 15:00:00
2023-11-13,16:00,263.55,24.1,66.4,2.93,25.2,11.49,2023-11-13 16:00:00
2023-11-13,17:00,63.5,25.7,68.7,5.63,19.4,2.82,2023-11-13 17:00:00
2023-11-13,18:00,0.0,26.1,66.7,2.18,34.4,0.0,2023-11-13 18:00:00
2023-11-13,19:00,0.0,21.9,69.2,2.95,14.3,0.0,2023-11-13 19:00:00
2023-11-13,20:00,0.0,23.7,72.5,2.71,31.7,0.0,2023-11-13 20:00:00
2023-11-13,21:00,0.0,18.2,83.3,3.02,16.1,0.0,2023-11-13 21:00:00
2023-11-13,22:00,0.0,18.3,78.6,4.75,13.6,0.0,2023-11-13 22:00:00
2023-11-13,23:00,0.0,19.8,71.6,3.24,17.5,0.0,2023-11-13 23:00:00
2023-11-14,00:00,0.0,14.7,83.9,5.04,21.2,0.0,2023-11-14 00:00:00
2023-11-14,01:00,0.0,17.2,87.3,4.34,26.1,0.0,2023-11-14 01:00:00
2023-11-14,02:00,0.0,18.7,82.0,3.04,30.4,0.0,2023-11-14 02:00:00
2023-11-14,03:00,0.0,15.6,70.2,3.36,0.0,0.0,2023-11-14 03:00:00
2023-11-14,04:00,0.0,15.0,77.5,4.69,14.7,0.0,2023-11-14 04:00:00
2023-11-14,05:00,0.0,15.5,78.0,3.82,21.0,0.0,2023-11-14 05:00:00
2023-11-14,06:00,0.0,20.5,87.4,5.91,49.4,0.0,2023-11-14 06:00:00
2023-11-14,07:00,65.1,21.9,74.8,6.75,10.6,2.79,2023-11-14 07:00:00
2023-11-14,08:00,277.82,23.7,69.3,4.77,29.3,12.03,2023-11-14 08:00:00
2023-11-14,09:00,386.11,22.6,75.8,8.59,49.3,15.42,2023-11-14 09:00:00
2023-11-14,10:00,588.29,26.0,63.0,4.12,7.1,24.13,2023-11-14 10:00:00
2023-11-14,11:00,637.84,25.3,70.5,1.27,32.7,24.57,2023-11-14 11:00:00
2023-11-14,12:00,701.73,24.7,62.8,3.69,14.8,27.13,2023-11-14 12:00:00
2023-11-14,13:00,676.49,29.0,60.3,2.44,19.3,25.95,2023-11-14 13:00:00
2023-11-14,14:00,585.9,30.1,52.7,2.92,14.8,22.57,2023-11-14 14:00:00
2023-11-14,15:00,456.56,25.1,71.4,3.62,15.9,18.7,2023-11-14 15:00:00
2023-11-14,16:00,184.35,24.5,73.1,2.75,67.7,7.89,2023-11-14 16:00:00
2023-11-14,17:00,43.71,25.4,64.7,2.81,39.5,1.91,2023-11-14 17:00:00
2023-11-14,18:00,0.0,25.9,73.7,3.22,43.4,0.0,2023-11-14 18:00:00
2023-11-14,19:00,0.0,20.6,72.7,2.71,34.2,0.0,2023-11-14 19:00:00
2023-11-14,20:00,0.0,21.5,66.4,2.14,2.7,0.0,2023-11-14 20:00:00
2023-11-14,21:00,0.0,18.5,80.7,5.08,32.8,0.0,2023-11-14 21:00:00
2023-11-14,22:00,0.0,19.4,84.3,3.19,42.9,0.0,2023-11-14 22:00:00
2023-11-14,23:00,0.0,15.5,79.4,5.57,14.0,0.0,2023-11-14 23:00:00
2023-11-15,00:00,0.0,17.1,91.7,6.06,41.1,0.0,2023-11-15 00:00:00
2023-11-15,01:00,0.0,14.9,86.9,4.98,37.2,0.0,2023-11-15 01:00:00
2023-11-15,02:00,0.0,13.3,98.0,3.2,54.4,0.0,2023-11-15 02:00:00
2023-11-15,04:00,0.0,12.3,92.6,2.06,10.1,0.0,2023-11-15 04:00:00
2023-11-15,05:00,0.0,15.7,86.0,4.45,21.2,0.0,2023-11-15 05:00:00
2023-11-15,06:00,0.0,18.6,84.3,3.24,48.1,0.0,2023-11-15 06:00:00
2023-11-15,07:00,70.67,16.2,78.2,4.42,0.0,3.35,2023-11-15 07:00:00
2023-11-15,08:00,274.76,16.3,74.5,5.01,0.0,12.02,2023-11-15 08:00:00
2023-11-15,09:00,441.63,18.3,78.4,3.96,27.9,18.3,2023-11-15 09:00:00
2023-11-15,10:00,591.02,26.3,60.3,4.35,20.0,23.76,2023-11-15 10:00:00
2023-11-15,11:00,669.12,25.1,65.8,2.36,26.7,25.8,2023-11-15 11:00:00
2023-11-15,12:00,647.62,25.2,80.6,4.1,40.8,25.1,2023-11-15 12:00:00
2023-11-15,13:00,672.54,28.4,57.2,3.49,18.3,25.94,2023-11-15 13:00:00
2023-11-15,14:00,586.31,26.2,58.1,3.34,0.0,24.01,2023-11-15 14:00:00
2023-11-15,15:00,358.2,27.2,73.1,3.26,57.3,14.39,2023-11-15 15:00:00
2023-11-15,16:00,276.44,26.2,63.4,2.82,11.6,11.27,2023-11-15 16:00:00
2023-11-15,17:00,70.3,24.3,67.8,2.79,10.7,3.12,2023-11-15 17:00:00
2023-11-15,18:00,0.0,24.5,72.2,4.67,43.1,0.0,2023-11-15 18:00:00
2023-11-15,19:00,0.0,23.9,71.1,3.93,20.8,0.0,2023-11-15 19:00:00
2023-11-15,20:00,0.0,20.6,80.1,1.16,25.6,0.0,2023-11-15 20:00:00
2023-11-15,21:00,0.0,18.6,85.6,1.35,33.8,0.0,2023-11-15 21:00:00
2023-11-15,22:00,0.0,17.3,83.7,3.99,42.8,0.0,2023-11-15 22:00:00
2023-11-15,23:00,0.0,12.6,88.9,5.7,21.6,0.0,2023-11-15 23:00:00
2023-11-16,00:00,0.0,16.1,83.6,1.31,49.2,0.0,2023-11-16 00:00:00
2023-11-16,01:00,0.0,12.8,77.9,3.7,0.0,0.0,2023-11-16 01:00:00
2023-11-16,02:00,0.0,15.9,80.9,5.74,37.8,0.0,2023-11-16 02:00:00
2023-11-16,03:00,0.0,14.8,81.1,0.75,13.8,0.0,2023-11-16 03:00:00
2023-11-16,04:00,0.0,15.8,84.6,2.66,47.0,0.0,2023-11-16 04:00:00
2023-11-16,05:00,0.0,17.8,74.3,6.54,28.5,0.0,2023-11-16 05:00:00
2023-11-16,06:00,0.0,16.1,78.4,1.61,16.3,0.0,2023-11-16 06:00:00
2023-11-16,07:00,64.99,19.9,72.3,4.17,36.3,3.12,2023-11-16 07:00:00
2023-11-16,08:00,247.52,21.2,83.5,3.7,39.8,10.98,2023-11-16 08:00:00
2023-11-16,09:00,427.06,22.0,73.8,2.04,36.0,17.38,2023-11-16 09:00:00
2023-11-16,10:00,586.98,22.1,73.5,1.29,10.9,23.66,2023-11-16 10:00:00
2023-11-16,11:00,657.16,26.1,63.7,3.68,19.1,26.46,2023-11-16 11:00:00
2023-11-16,12:00,673.02,27.2,61.0,4.88,26.3,26.48,2023-11-16 12:00:00
2023-11-16,13:00,645.06,26.8,70.9,2.18,25.7,25.22,2023-11-16 13:00:00
2023-11-16,14:00,545.85,24.8,72.6,4.62,37.6,22.53,2023-11-16 14:00:00
2023-11-16,15:00,466.67,25.6,69.1,3.88,0.0,18.69,2023-11-16 15:00:00
2023-11-16,16:00,253.17,25.8,67.3,3.03,31.4,9.84,2023-11-16 16:00:00
2023-11-16,17:00,66.14,26.2,64.4,4.47,22.0,2.51,2023-11-16 17:00:00
2023-11-16,18:00,0.0,20.9,76.1,2.25,13.8,0.0,2023-11-16 18:00:00
2023-11-16,19:00,0.0,21.3,75.9,3.47,15.2,0.0,2023-11-16 19:00:00
2023-11-16,20:00,0.0,20.0,76.4,3.89,23.1,0.0,2023-11-16 20:00:00
2023-11-16,21:00,0.0,19.1,84.7,3.48,0.0,0.0,2023-11-16 21:00:00
2023-11-16,22:00,0.0,15.4,79.7,3.2,15.8,0.0,2023-11-16 22:00:00
2023-11-16,23:00,0.0,16.1,74.1,4.92,13.2,0.0,2023-11-16 23:00:00
2023-11-17,00:00,0.0,14.8,82.3,4.43,34.2,0.0,2023-11-17 00:00:00
2023-11-17,01:00,0.0,12.9,83.1,4.34,14.1,0.0,2023-11-17 01:00:00
2023-11-17,02:00,0.0,14.4,90.2,6.17,22.9,0.0,2023-11-17 02:00:00
2023-11-17,03:00,0.0,13.8,90.9,9.03,49.3,0.0,2023-11-17 03:00:00
2023-11-17,04:00,0.0,16.3,92.1,3.98,41.1,0.0,2023-11-17 04:00:00
2023-11-17,05:00,0.0,14.7,89.6,2.99,39.7,0.0,2023-11-17 05:00:00
2023-11-17,06:00,0.0,17.7,82.4,5.17,18.7,0.0,2023-11-17 06:00:00
2023-11-17,07:00,55.68,17.6,83.7,1.99,34.3,2.19,2023-11-17 07:00:00
2023-11-17,08:00,263.8,19.5,77.9,3.72,22.7,10.99,2023-11-17 08:00:00
2023-11-17,09:00,447.23,22.7,74.8,3.78,23.2,18.3,2023-11-17 09:00:00
2023-11-17,10:00,560.17,24.0,69.8,8.2,32.3,22.67,2023-11-17 10:00:00
2023-11-17,11:00,683.0,24.1,65.9,8.75,17.2,26.6,2023-11-17 11:00:00
2023-11-17,12:00,600.87,25.3,75.6,5.31,48.6,22.95,2023-11-17 12:00:00
2023-11-17,13:00,651.16,23.8,78.0,3.54,23.8,26.03,2023-11-17 13:00:00
2023-11-17,14:00,544.24,29.1,59.0,3.88,35.4,21.51,2023-11-17 14:00:00
2023-11-17,15:00,388.06,27.6,62.5,2.86,48.0,15.16,2023-11-17 15:00:00
2023-11-17,16:00,218.46,26.9,69.0,5.56,41.6,10.55,2023-11-17 16:00:00
2023-11-17,17:00,48.86,21.9,72.5,4.95,5.0,2.3,2023-11-17 17:00:00
2023-11-17,18:00,0.0,22.5,74.7,5.12,32.8,0.0,2023-11-17 18:00:00
2023-11-17,19:00,0.0,21.5,72.8,1.97,38.9,0.0,2023-11-17 19:00:00
2023-11-17,20:00,0.0,17.1,84.6,3.21,39.5,0.0,2023-11-17 20:00:00
2023-11-17,21:00,0.0,20.6,64.5,3.84,9.5,0.0,2023-11-17 21:00:00
2023-11-17,22:00,0.0,20.2,76.3,1.89,16.3,0.0,2023-11-17 22:00:00
2023-11-17,23:00,0.0,20.0,79.0,3.08,41.1,0.0,2023-11-17 23:00:00
2023-11-18,00:00,0.0,13.3,83.4,1.65,14.5,0.0,2023-11-18 00:00:00
2023-11-18,01:00,0.0,14.8,84.9,7.29,21.5,0.0,2023-11-18 01:00:00
2023-11-18,02:00,0.0,16.8,88.0,4.98,49.6,0.0,2023-11-18 02:00:00
2023-11-18,03:00,0.0,14.1,83.0,4.24,25.3,0.0,2023-11-18 03:00:00
2023-11-18,04:00,0.0,14.2,86.6,2.32,15.1,0.0,2023-11-18 04:00:00
2023-11-18,05:00,0.0,12.8,87.2,2.92,12.8,0.0,2023-11-18 05:00:00
2023-11-18,06:00,0.0,19.4,71.5,2.0,31.0,0.0,2023-11-18 06:00:00
2023-11-18,07:00,61.72,18.8,72.4,3.83,6.0,2.91,2023-11-18 07:00:00
2023-11-18,08:00,266.54,19.1,72.6,5.48,22.3,11.4,2023-11-18 08:00:00
2023-11-18,09:00,433.31,22.5,68.9,1.03,31.0,17.48,2023-11-18 09:00:00
2023-11-18,10:00,502.6,23.7,78.0,1.75,45.5,20.48,2023-11-18 10:00:00
2023-11-18,11:00,620.53,24.9,70.0,2.44,36.0,24.26,2023-11-18 11:00:00
2023-11-18,12:00,715.97,25.2,65.4,4.75,15.3,28.5,2023-11-18 12:00:00
2023-11-18,13:00,592.93,29.1,64.6,6.19,43.6,23.03,2023-11-18 13:00:00
2023-11-18,14:00,582.14,26.2,67.5,4.99,21.5,23.18,2023-11-18 14:00:00
2023-11-18,15:00,456.17,29.1,60.9,3.78,7.4,17.91,2023-11-18 15:00:00
2023-11-18,16:00,248.86,26.6,74.6,1.77,23.4,10.35,2023-11-18 16:00:00
2023-11-18,17:00,52.51,25.3,73.2,5.01,47.5,1.84,2023-11-18 17:00:00
2023-11-18,18:00,0.0,23.2,66.5,1.77,28.4,0.0,2023-11-18 18:00:00
2023-11-18,19:00,0.0,23.7,69.0,2.98,26.2,0.0,2023-11-18 19:00:00
2023-11-18,20:00,0.0,20.6,85.1,2.81,50.5,0.0,2023-11-18 20:00:00
2023-11-18,21:00,0.0,17.2,72.2,3.04,4.5,0.0,2023-11-18 21:00:00
2023-11-18,22:00,0.0,15.7,72.2,2.9,6.7,0.0,2023-11-18 22:00:00
2023-11-18,23:00,0.0,16.9,72.1,5.1,1.7,0.0,2023-11-18 23:00:00
2023-11-19,00:00,0.0,13.4,85.6,2.15,31.4,0.0,2023-11-19 00:00:00
2023-11-19,01:00,0.0,14.3,81.3,5.7,28.3,0.0,2023-11-19 01:00:00
2023-11-19,02:00,0.0,16.1,89.0,5.81,48.9,0.0,2023-11-19 02:00:00
2023-11-19,03:00,0.0,15.0,84.5,3.62,29.4,0.0,2023-11-19 03:00:00
2023-11-19,04:00,0.0,13.7,87.5,1.77,19.7,0.0,2023-11-19 04:00:00
2023-11-19,05:00,0.0,18.5,76.9,4.02,25.8,0.0,2023-11-19 05:00:00
2023-11-19,06:00,0.0,18.2,81.8,5.48,27.6,0.0,2023-11-19 06:00:00
2023-11-19,07:00,51.5,20.5,67.5,2.72,0.7,2.44,2023-11-19 07:00:00
2023-11-19,08:00,189.88,16.1,87.9,5.62,66.5,7.98,2023-11-19 08:00:00
2023-11-19,09:00,422.36,22.4,72.6,4.54,33.6,17.93,2023-11-19 09:00:00
2023-11-19,10:00,561.02,24.7,63.7,8.44,28.9,23.35,2023-11-19 10:00:00
2023-11-19,11:00,630.5,27.5,74.7,5.51,35.0,24.03,2023-11-19 11:00:00
2023-11-19,12:00,637.76,22.8,75.5,2.3,36.4,25.4,2023-11-19 12:00:00
2023-11-19,13:00,658.7,28.2,60.4,3.43,23.7,25.75,2023-11-19 13:00:00
2023-11-19,14:00,571.72,29.2,58.8,1.76,16.3,22.26,2023-11-19 14:00:00
2023-11-19,15:00,406.64,22.4,65.3,1.52,34.8,16.25,2023-11-19 15:00:00
2023-11-19,16:00,255.05,26.3,74.2,4.7,31.6,10.25,2023-11-19 16:00:00
2023-11-19,17:00,65.76,25.6,70.4,6.44,13.6,2.08,2023-11-19 17:00:00
2023-11-19,18:00,0.0,22.6,78.3,7.74,47.1,0.0,2023-11-19 18:00:00
2023-11-19,19:00,0.0,20.9,77.5,2.63,30.2,0.0,2023-11-19 19:00:00
2023-11-19,20:00,0.0,21.4,72.0,2.3,36.7,0.0,2023-11-19 20:00:00
2023-11-19,21:00,0.0,17.6,80.5,3.94,46.7,0.0,2023-11-19 21:00:00
2023-11-19,22:00,0.0,16.8,74.5,2.3,26.1,0.0,2023-11-19 22:00:00
2023-11-19,23:00,0.0,17.4,80.9,2.75,30.5,0.0,2023-11-19 23:00:00
2023-11-20,00:00,0.0,18.0,86.7,5.62,37.8,0.0,2023-11-20 00:00:00
2023-11-20,01:00,0.0,15.2,79.4,5.4,14.8,0.0,2023-11-20 01:00:00
2023-11-20,02:00,0.0,14.3,86.6,6.21,26.4,0.0,2023-11-20 02:00:00
2023-11-20,03:00,0.0,13.3,90.8,3.58,27.5,0.0,2023-11-20 03:00:00
2023-11-20,04:00,0.0,13.0,76.8,3.96,11.3,0.0,2023-11-20 04:00:00
2023-11-20,05:00,0.0,17.8,95.8,5.11,60.4,0.0,2023-11-20 05:00:00
2023-11-20,06:00,0.0,16.8,80.6,2.49,4.5,0.0,2023-11-20 06:00:00
2023-11-20,07:00,69.09,20.5,72.8,5.5,6.2,2.92,2023-11-20 07:00:00
2023-11-20,08:00,230.21,19.4,85.9,1.01,45.4,9.98,2023-11-20 08:00:00
2023-11-20,09:00,427.31,20.4,82.4,5.3,36.3,17.86,2023-11-20 09:00:00
2023-11-20,10:00,582.67,23.8,68.0,5.15,10.2,23.14,2023-11-20 10:00:00
2023-11-20,11:00,618.87,24.1,78.2,2.78,34.7,24.93,2023-11-20 11:00:00
2023-11-20,12:00,589.41,23.1,75.5,4.84,47.7,23.85,2023-11-20 12:00:00
2023-11-20,13:00,633.94,29.1,64.5,2.36,25.2,23.78,2023-11-20 13:00:00
2023-11-20,14:00,407.59,24.9,84.1,4.02,64.6,16.86,2023-11-20 14:00:00
2023-11-20,15:00,437.49,27.5,48.0,4.67,0.0,17.48,2023-11-20 15:00:00
2023-11-20,16:00,246.53,26.7,70.7,4.76,36.0,10.03,2023-11-20 16:00:00
2023-11-20,17:00,43.94,22.0,80.7,8.17,43.1,1.59,2023-11-20 17:00:00
2023-11-20,18:00,0.0,21.2,71.1,2.2,39.0,0.0,2023-11-20 18:00:00
2023-11-20,19:00,0.0,21.0,75.3,3.58,22.6,0.0,2023-11-20 19:00:00
2023-11-20,20:00,0.0,18.5,74.4,6.03,21.3,0.0,2023-11-20 20:00:00
2023-11-20,21:00,0.0,21.6,77.3,3.95,32.3,0.0,2023-11-20 21:00:00
2023-11-20,22:00,0.0,16.7,84.0,5.99,37.9,0.0,2023-11-20 22:00:00
2023-11-20,23:00,0.0,17.4,78.8,3.37,34.7,0.0,2023-11-20 23:00:00
2023-11-21,00:00,0.0,15.6,91.3,5.29,41.1,0.0,2023-11-21 00:00:00
2023-11-21,01:00,0.0,14.5,79.1,5.93,10.2,0.0,2023-11-21 01:00:00
2023-11-21,02:00,0.0,13.9,85.8,5.7,22.1,0.0,2023-11-21 02:00:00
2023-11-21,03:00,0.0,16.3,83.7,5.94,11.4,0.0,2023-11-21 03:00:00
2023-11-21,04:00,0.0,13.2,81.5,2.39,19.7,0.0,2023-11-21 04:00:00
2023-11-21,05:00,0.0,18.7,82.2,3.39,40.7,0.0,2023-11-21 05:00:00
2023-11-21,06:00,0.0,14.5,83.0,2.16,27.1,0.0,2023-11-21 06:00:00
2023-11-21,07:00,26.76,19.7,85.5,2.2,64.6,0.9,2023-11-21 07:00:00
2023-11-21,08:00,240.29,17.3,89.8,3.61,28.4,10.02,2023-11-21 08:00:00
2023-11-21,09:00,437.8,20.8,77.2,7.32,26.4,18.5,2023-11-21 09:00:00
2023-11-21,10:00,550.61,23.0,73.5,4.1,27.1,22.47,2023-11-21 10:00:00
2023-11-21,11:00,650.62,23.2,71.3,5.77,15.9,26.15,2023-11-21 11:00:00
2023-11-21,12:00,684.43,24.7,70.8,6.82,24.6,27.04,2023-11-21 12:00:00
2023-11-21,13:00,624.98,23.2,68.5,1.64,42.4,23.45,2023-11-21 13:00:00
2023-11-21,14:00,565.53,24.1,79.8,2.1,27.2,22.63,2023-11-21 14:00:00
2023-11-21,15:00,430.4,26.5,57.8,2.73,13.6,17.82,2023-11-21 15:00:00
2023-11-21,16:00,248.27,25.1,72.2,4.22,11.6,10.15,2023-11-21 16:00:00
2023-11-21,17:00,52.75,22.9,72.8,1.46,18.7,2.51,2023-11-21 17:00:00
2023-11-21,18:00,0.0,25.2,69.6,5.22,26.6,0.0,2023-11-21 18:00:00
2023-11-21,19:00,0.0,19.2,80.8,1.48,43.4,0.0,2023-11-21 19:00:00
2023-11-21,20:00,0.0,19.2,83.0,2.08,5.4,0.0,2023-11-21 20:00:00
2023-11-21,21:00,0.0,17.4,81.5,3.13,20.7,0.0,2023-11-21 21:00:00
2023-11-21,22:00,0.0,18.0,80.0,3.93,27.7,0.0,2023-11-21 22:00:00
2023-11-21,23:00,0.0,15.7,74.3,6.05,0.0,0.0,2023-11-21 23:00:00
2023-11-22,00:00,0.0,14.3,79.1,7.42,12.9,0.0,2023-11-22 00:00:00
2023-11-22,01:00,0.0,10.6,88.1,6.08,15.2,0.0,2023-11-22 01:00:00
2023-11-22,02:00,0.0,15.2,76.8,1.78,13.4,0.0,2023-11-22 02:00:00
2023-11-22,03:00,0.0,13.5,89.5,4.3,28.3,0.0,2023-11-22 03:00:00
2023-11-22,04:00,0.0,14.7,81.1,3.4,23.0,0.0,2023-11-22 04:00:00
2023-11-22,05:00,0.0,14.1,87.1,1.89,17.0,0.0,2023-11-22 05:00:00
2023-11-22,06:00,0.0,15.0,89.4,3.92,31.8,0.0,2023-11-22 06:00:00
2023-11-22,07:00,48.37,20.8,81.4,3.02,51.2,1.77,2023-11-22 07:00:00
2023-11-22,08:00,222.81,16.5,90.1,2.98,50.0,9.62,2023-11-22 08:00:00
2023-11-22,09:00,453.27,19.3,73.6,1.7,0.0,19.05,2023-11-22 09:00:00
2023-11-22,10:00,540.13,25.3,64.7,7.96,34.0,21.7,2023-11-22 10:00:00
2023-11-22,11:00,649.39,25.1,75.0,4.82,22.7,24.49,2023-11-22 11:00:00
2023-11-22,12:00,674.19,24.3,69.5,2.68,27.7,26.06,2023-11-22 12:00:00
2023-11-22,13:00,645.79,27.7,66.1,6.5,19.4,24.51,2023-11-22 13:00:00
2023-11-22,14:00,541.15,26.5,69.9,7.04,27.1,21.73,2023-11-22 14:00:00
2023-11-22,15:00,421.87,25.9,58.1,5.4,27.6,17.19,2023-11-22 15:00:00
2023-11-22,16:00,244.89,25.3,63.6,4.44,16.7,10.09,2023-11-22 16:00:00
2023-11-22,17:00,70.1,24.8,69.1,3.11,11.9,2.74,2023-11-22 17:00:00
2023-11-22,18:00,0.0,23.6,69.5,3.37,18.6,0.0,2023-11-22 18:00:00
2023-11-22,19:00,0.0,25.2,72.2,3.46,28.9,0.0,2023-11-22 19:00:00
2023-11-22,20:00,0.0,19.3,80.0,7.05,34.4,0.0,2023-11-22 20:00:00
2023-11-22,21:00,0.0,17.8,87.8,5.04,38.2,0.0,2023-11-22 21:00:00
2023-11-22,22:00,0.0,14.4,83.3,2.73,18.0,0.0,2023-11-22 22:00:00
2023-11-22,23:00,0.0,15.3,90.2,4.26,29.6,0.0,2023-11-22 23:00:00
2023-11-23,00:00,0.0,17.7,79.5,4.11,39.7,0.0,2023-11-23 00:00:00
2023-11-23,01:00,0.0,15.5,86.9,5.41,42.8,0.0,2023-11-23 01:00:00
2023-11-23,02:00,0.0,12.5,85.0,1.7,24.4,0.0,2023-11-23 02:00:00
2023-11-23,03:00,0.0,13.8,86.3,4.68,22.0,0.0,2023-11-23 03:00:00
2023-11-23,04:00,0.0,12.0,87.9,2.91,28.1,0.0,2023-11-23 04:00:00
2023-11-23,05:00,0.0,13.5,80.8,1.92,8.0,0.0,2023-11-23 05:00:00
2023-11-23,06:00,0.0,16.8,77.6,4.86,22.4,0.0,2023-11-23 06:00:00
2023-11-23,07:00,55.37,17.1,81.6,2.91,36.4,1.69,2023-11-23 07:00:00
2023-11-23,08:00,246.53,17.6,82.3,4.85,34.9,10.65,2023-11-23 08:00:00
2023-11-23,09:00,414.09,21.9,64.4,2.1,21.2,16.55,2023-11-23 09:00:00
2023-11-23,10:00,544.73,22.4,64.3,8.35,28.5,22.9,2023-11-23 10:00:00
2023-11-23,11:00,651.63,20.9,72.1,5.35,12.9,26.39,2023-11-23 11:00:00
2023-11-23,12:00,643.09,21.0,66.4,2.72,35.8,25.57,2023-11-23 12:00:00
2023-11-23,13:00,630.24,24.3,68.8,4.91,24.1,25.01,2023-11-23 13:00:00
2023-11-23,14:00,560.28,22.6,69.9,1.95,21.1,23.13,2023-11-23 14:00:00
2023-11-23,15:00,422.64,21.9,74.3,4.41,19.8,17.67,2023-11-23 15:00:00
2023-11-23,16:00,253.17,26.7,63.3,1.44,24.3,10.68,2023-11-23 16:00:00
2023-11-23,17:00,46.39,23.6,75.5,2.92,18.5,2.59,2023-11-23 17:00:00
2023-11-23,18:00,0.0,22.0,79.2,7.94,35.1,0.0,2023-11-23 18:00:00
2023-11-23,19:00,0.0,20.7,67.7,1.86,19.3,0.0,2023-11-23 19:00:00
2023-11-23,20:00,0.0,17.5,84.9,4.12,49.2,0.0,2023-11-23 20:00:00
2023-11-23,21:00,0.0,18.7,89.9,1.53,47.2,0.0,2023-11-23 21:00:00
2023-11-23,22:00,0.0,16.3,75.7,4.5,11.9,0.0,2023-11-23 22:00:00
2023-11-23,23:00,0.0,13.9,85.5,2.67,26.3,0.0,2023-11-23 23:00:00
2023-11-24,00:00,0.0,13.0,90.0,2.81,15.4,0.0,2023-11-24 00:00:00
2023-11-24,01:00,0.0,11.3,86.0,2.94,20.3,0.0,2023-11-24 01:00:00
2023-11-24,02:00,0.0,12.6,98.0,2.32,55.2,0.0,2023-11-24 02:00:00
2023-11-24,03:00,0.0,13.1,81.9,6.91,20.6,0.0,2023-11-24 03:00:00
2023-11-24,04:00,0.0,13.4,76.0,6.34,30.6,0.0,2023-11-24 04:00:00
2023-11-24,05:00,0.0,15.2,90.4,5.93,33.3,0.0,2023-11-24 05:00:00
2023-11-24,06:00,0.0,16.2,80.0,1.77,10.2,0.0,2023-11-24 06:00:00
2023-11-24,07:00,33.49,18.2,77.8,2.46,12.4,1.34,2023-11-24 07:00:00
2023-11-24,08:00,257.66,21.0,65.9,4.2,7.1,11.38,2023-11-24 08:00:00
2023-11-24,09:00,448.95,21.9,66.1,7.63,11.9,18.85,2023-11-24 09:00:00
2023-11-24,10:00,573.84,24.0,68.6,4.16,0.0,23.32,2023-11-24 10:00:00
2023-11-24,11:00,605.24,22.0,76.3,2.89,33.3,24.33,2023-11-24 11:00:00
2023-11-24,12:00,539.6,23.6,78.1,5.46,56.0,21.9,2023-11-24 12:00:00
2023-11-24,13:00,632.28,26.3,68.3,1.95,27.4,24.84,2023-11-24 13:00:00
2023-11-24,15:00,427.12,23.9,70.9,7.79,15.5,17.06,2023-11-24 15:00:00
2023-11-24,16:00,258.06,25.6,64.3,7.54,18.3,10.75,2023-11-24 16:00:00
2023-11-24,17:00,35.58,21.9,64.0,2.02,9.9,0.79,2023-11-24 17:00:00
2023-11-24,18:00,0.0,23.2,77.1,3.89,38.1,0.0,2023-11-24 18:00:00
2023-11-24,19:00,0.0,20.8,74.4,4.06,37.3,0.0,2023-11-24 19:00:00
2023-11-24,20:00,0.0,16.8,72.0,2.27,7.8,0.0,2023-11-24 20:00:00
2023-11-24,21:00,0.0,17.0,88.8,3.88,36.1,0.0,2023-11-24 21:00:00
2023-11-24,22:00,0.0,20.3,85.1,4.38,48.1,0.0,2023-11-24 22:00:00
2023-11-24,23:00,0.0,15.5,91.7,2.9,53.7,0.0,2023-11-24 23:00:00
2023-11-25,00:00,0.0,18.1,84.9,2.84,68.1,0.0,2023-11-25 00:00:00
2023-11-25,01:00,0.0,10.8,93.9,1.45,11.6,0.0,2023-11-25 01:00:00
2023-11-25,02:00,0.0,14.5,98.0,7.24,67.5,0.0,2023-11-25 02:00:00
2023-11-25,03:00,0.0,8.8,90.5,5.35,19.8,0.0,2023-11-25 03:00:00
2023-11-25,04:00,0.0,14.0,81.0,5.04,16.2,0.0,2023-11-25 04:00:00
2023-11-25,05:00,0.0,16.1,83.7,1.06,30.0,0.0,2023-11-25 05:00:00
2023-11-25,06:00,0.0,17.7,75.6,4.26,16.4,0.0,2023-11-25 06:00:00
2023-11-25,07:00,47.38,16.2,92.3,2.2,31.1,1.91,2023-11-25 07:00:00
2023-11-25,08:00,254.43,21.0,68.3,4.46,5.3,10.7,2023-11-25 08:00:00
2023-11-25,09:00,424.67,19.7,71.6,4.24,21.5,17.19,2023-11-25 09:00:00
2023-11-25,10:00,500.64,21.9,84.6,5.75,44.4,20.34,2023-11-25 10:00:00
2023-11-25,11:00,626.31,22.6,69.9,2.56,24.3,25.81,2023-11-25 11:00:00
2023-11-25,12:00,669.79,22.3,76.5,1.13,27.2,26.67,2023-11-25 12:00:00
2023-11-25,13:00,623.18,27.8,69.1,6.45,32.2,24.66,2023-11-25 13:00:00
2023-11-25,14:00,515.68,25.2,72.6,6.38,42.7,20.59,2023-11-25 14:00:00
2023-11-25,15:00,428.9,26.9,55.8,3.46,0.3,17.18,2023-11-25 15:00:00
2023-11-25,16:00,239.81,26.2,69.0,1.58,33.9,9.85,2023-11-25 16:00:00
2023-11-25,17:00,46.07,21.7,68.0,3.65,21.1,2.35,2023-11-25 17:00:00
2023-11-25,18:00,0.0,24.3,70.4,3.77,27.6,0.0,2023-11-25 18:00:00
2023-11-25,19:00,0.0,21.6,80.9,5.49,41.0,0.0,2023-11-25 19:00:00
2023-11-25,20:00,0.0,17.3,82.7,4.77,7.2,0.0,2023-11-25 20:00:00
2023-11-25,21:00,0.0,18.4,70.5,1.53,9.9,0.0,2023-11-25 21:00:00
2023-11-25,22:00,0.0,14.3,77.5,4.7,0.0,0.0,2023-11-25 22:00:00
2023-11-25,23:00,0.0,17.8,75.4,1.95,16.9,0.0,2023-11-25 23:00:00
2023-11-26,00:00,0.0,15.3,89.4,1.66,45.0,0.0,2023-11-26 00:00:00
2023-11-26,01:00,0.0,13.1,80.1,3.21,23.2,0.0,2023-11-26 01:00:00
2023-11-26,02:00,0.0,15.3,74.6,1.58,5.0,0.0,2023-11-26 02:00:00
2023-11-26,03:00,0.0,10.3,82.2,5.55,17.8,0.0,2023-11-26 03:00:00
2023-11-26,04:00,0.0,12.4,76.3,3.5,2.7,0.0,2023-11-26 04:00:00
2023-11-26,05:00,0.0,14.3,78.0,4.07,8.2,0.0,2023-11-26 05:00:00
2023-11-26,06:00,0.0,20.0,84.4,4.02,30.9,0.0,2023-11-26 06:00:00
2023-11-26,07:00,52.19,15.5,80.0,7.93,7.4,2.25,2023-11-26 07:00:00
2023-11-26,08:00,225.4,15.9,86.8,6.48,41.7,10.29,2023-11-26 08:00:00
2023-11-26,09:00,422.15,17.9,84.5,5.73,24.0,18.23,2023-11-26 09:00:00
2023-11-26,10:00,545.41,23.6,72.7,3.14,26.3,22.35,2023-11-26 10:00:00
2023-11-26,11:00,638.63,22.2,73.8,2.0,20.9,25.84,2023-11-26 11:00:00
2023-11-26,12:00,628.28,23.9,71.4,4.1,36.6,25.14,2023-11-26 12:00:00
2023-11-26,13:00,598.58,26.2,67.4,3.39,36.8,23.46,2023-11-26 13:00:00
2023-11-26,14:00,524.45,24.7,65.2,2.42,30.1,21.31,2023-11-26 14:00:00
2023-11-26,15:00,395.71,25.2,68.2,1.72,33.5,15.47,2023-11-26 15:00:00
2023-11-26,16:00,247.51,25.1,66.7,3.38,21.9,10.06,2023-11-26 16:00:00
2023-11-26,17:00,39.08,22.5,75.9,4.4,33.2,2.14,2023-11-26 17:00:00
2023-11-26,18:00,0.0,21.7,72.3,4.27,20.0,0.0,2023-11-26 18:00:00
2023-11-26,19:00,0.0,21.0,73.3,5.13,25.1,0.0,2023-11-26 19:00:00
2023-11-26,20:00,0.0,20.6,70.7,3.51,20.9,0.0,2023-11-26 20:00:00
2023-11-26,21:00,0.0,16.0,82.1,2.87,18.2,0.0,2023-11-26 21:00:00
2023-11-26,22:00,0.0,10.6,85.8,3.84,14.7,0.0,2023-11-26 22:00:00
2023-11-26,23:00,0.0,16.0,85.4,7.8,32.1,0.0,2023-11-26 23:00:00
2023-11-27,00:00,0.0,15.3,80.6,1.32,44.7,0.0,2023-11-27 00:00:00
2023-11-27,01:00,0.0,13.4,91.9,3.8,42.6,0.0,2023-11-27 01:00:00
2023-11-27,02:00,0.0,13.3,84.6,2.9,6.2,0.0,2023-11-27 02:00:00
2023-11-27,03:00,0.0,12.0,95.6,1.77,44.4,0.0,2023-11-27 03:00:00
2023-11-27,04:00,0.0,14.5,82.5,3.37,20.2,0.0,2023-11-27 04:00:00
2023-11-27,05:00,0.0,16.1,88.0,4.35,34.0,0.0,2023-11-27 05:00:00
2023-11-27,06:00,0.0,15.9,73.9,3.79,11.4,0.0,2023-11-27 06:00:00
2023-11-27,07:00,44.75,21.8,73.7,1.15,27.1,1.76,2023-11-27 07:00:00
2023-11-27,08:00,240.3,16.0,82.7,4.04,29.7,10.37,2023-11-27 08:00:00
2023-11-27,09:00,433.11,20.7,73.8,2.45,2.8,18.35,2023-11-27 09:00:00
2023-11-27,10:00,522.66,19.7,70.9,2.96,34.1,21.1,2023-11-27 10:00:00
2023-11-27,11:00,568.89,24.6,70.2,2.82,45.2,23.33,2023-11-27 11:00:00
2023-11-27,12:00,663.15,21.2,80.8,5.81,22.4,26.52,2023-11-27 12:00:00
2023-11-27,13:00,563.6,22.2,68.3,1.34,45.4,22.38,2023-11-27 13:00:00
2023-11-27,14:00,552.64,23.7,73.3,2.99,22.2,22.68,2023-11-27 14:00:00
2023-11-27,15:00,399.74,25.1,69.0,3.19,37.8,16.63,2023-11-27 15:00:00
2023-11-27,16:00,250.26,22.9,66.7,4.23,0.0,9.83,2023-11-27 16:00:00
2023-11-27,17:00,31.46,22.0,88.0,5.24,61.3,1.33,2023-11-27 17:00:00
2023-11-27,18:00,0.0,21.5,80.8,4.83,47.5,0.0,2023-11-27 18:00:00
2023-11-27,19:00,0.0,19.9,81.1,4.99,20.8,0.0,2023-11-27 19:00:00
2023-11-27,20:00,0.0,21.5,65.8,2.26,0.0,0.0,2023-11-27 20:00:00
2023-11-27,21:00,0.0,18.5,78.1,6.42,29.3,0.0,2023-11-27 21:00:00
2023-11-27,22:00,0.0,15.2,81.2,3.28,3.4,0.0,2023-11-27 22:00:00
2023-11-27,23:00,0.0,18.4,78.6,0.9,31.7,0.0,2023-11-27 23:00:00
2023-11-28,00:00,0.0,14.3,88.7,4.49,31.2,0.0,2023-11-28 00:00:00
2023-11-28,01:00,0.0,11.1,91.5,4.16,10.9,0.0,2023-11-28 01:00:00
2023-11-28,02:00,0.0,13.1,94.3,1.89,41.8,0.0,2023-11-28 02:00:00
2023-11-28,03:00,0.0,13.8,82.3,7.31,37.1,0.0,2023-11-28 03:00:00
2023-11-28,04:00,0.0,12.2,90.2,3.95,39.6,0.0,2023-11-28 04:00:00
2023-11-28,05:00,0.0,12.5,88.7,3.52,25.1,0.0,2023-11-28 05:00:00
2023-11-28,06:00,0.0,15.8,76.3,3.21,3.8,0.0,2023-11-28 06:00:00
2023-11-28,07:00,35.77,16.5,85.5,2.34,39.7,1.53,2023-11-28 07:00:00
2023-11-28,08:00,245.13,21.3,74.5,7.14,20.9,10.59,2023-11-28 08:00:00
2023-11-28,09:00,420.48,21.5,66.7,4.68,4.2,16.64,2023-11-28 09:00:00
2023-11-28,10:00,482.99,20.5,79.8,3.98,45.3,20.13,2023-11-28 10:00:00
2023-11-28,11:00,510.23,23.7,73.8,4.3,56.5,20.71,2023-11-28 11:00:00
2023-11-28,12:00,663.05,26.1,65.0,5.65,24.4,26.33,2023-11-28 12:00:00
2023-11-28,13:00,511.57,21.9,75.4,4.32,57.4,20.26,2023-11-28 13:00:00
2023-11-28,14:00,534.63,22.8,72.9,1.83,26.4,21.12,2023-11-28 14:00:00
2023-11-28,15:00,423.78,24.4,67.5,4.65,19.3,16.6,2023-11-28 15:00:00
2023-11-28,16:00,238.92,23.9,64.4,3.97,15.5,10.1,2023-11-28 16:00:00
2023-11-28,17:00,21.49,22.8,85.3,7.5,49.6,0.8,2023-11-28 17:00:00
2023-11-28,18:00,0.0,21.1,70.7,4.87,13.3,0.0,2023-11-28 18:00:00
2023-11-28,19:00,0.0,19.6,80.8,2.97,36.0,0.0,2023-11-28 19:00:00
2023-11-28,20:00,0.0,19.3,72.6,1.95,16.6,0.0,2023-11-28 20:00:00
2023-11-28,21:00,0.0,19.1,74.2,3.58,18.1,0.0,2023-11-28 21:00:00
2023-11-28,22:00,0.0,14.8,89.2,4.55,40.5,0.0,2023-11-28 22:00:00
2023-11-28,23:00,0.0,18.8,75.3,2.18,19.3,0.0,2023-11-28 23:00:00
2023-11-29,00:00,0.0,16.8,79.5,4.39,18.9,0.0,2023-11-29 00:00:00
2023-11-29,01:00,0.0,15.1,91.1,5.52,42.0,0.0,2023-11-29 01:00:00
2023-11-29,02:00,0.0,13.6,89.8,2.07,49.0,0.0,2023-11-29 02:00:00
2023-11-29,03:00,0.0,16.3,78.9,4.7,34.7,0.0,2023-11-29 03:00:00
2023-11-29,04:00,0.0,12.8,78.5,1.51,15.2,0.0,2023-11-29 04:00:00
2023-11-29,05:00,0.0,12.8,90.9,0.84,17.3,0.0,2023-11-29 05:00:00
2023-11-29,06:00,0.0,14.5,88.5,1.19,26.2,0.0,2023-11-29 06:00:00
2023-11-29,07:00,37.49,15.1,87.4,4.3,29.8,1.87,2023-11-29 07:00:00
2023-11-29,08:00,243.37,18.7,72.8,7.74,10.2,10.53,2023-11-29 08:00:00
2023-11-29,09:00,384.62,20.6,72.7,5.12,35.8,15.67,2023-11-29 09:00:00
2023-11-29,10:00,552.39,21.9,72.6,2.56,26.3,22.5,2023-11-29 10:00:00
2023-11-29,11:00,641.34,22.7,65.6,1.54,0.0,25.4,2023-11-29 11:00:00
2023-11-29,12:00,675.38,23.9,62.4,4.22,11.1,25.08,2023-11-29 12:00:00
2023-11-29,13:00,633.72,27.4,57.4,0.72,17.4,24.76,2023-11-29 13:00:00
2023-11-29,14:00,544.26,25.6,60.7,5.27,23.9,21.78,2023-11-29 14:00:00
2023-11-29,15:00,348.92,26.0,77.0,2.51,53.3,14.85,2023-11-29 15:00:00
2023-11-29,16:00,224.31,24.0,66.3,2.77,28.6,9.23,2023-11-29 16:00:00
2023-11-29,17:00,39.13,19.8,74.6,2.97,12.4,1.71,2023-11-29 17:00:00
2023-11-29,18:00,0.0,18.2,78.2,5.06,28.3,0.0,2023-11-29 18:00:00
2023-11-29,19:00,0.0,23.8,71.6,2.61,19.7,0.0,2023-11-29 19:00:00
2023-11-29,20:00,0.0,17.5,82.6,2.7,29.9,0.0,2023-11-29 20:00:00
2023-11-29,21:00,0.0,15.8,83.8,3.85,33.7,0.0,2023-11-29 21:00:00
2023-11-29,22:00,0.0,15.9,87.5,3.5,43.1,0.0,2023-11-29 22:00:00
2023-11-29,23:00,0.0,15.2,82.9,7.21,24.6,0.0,2023-11-29 23:00:00
2023-11-30,00:00,0.0,14.4,88.3,2.6,49.6,0.0,2023-11-30 00:00:00
2023-11-30,01:00,0.0,15.7,90.0,1.68,38.6,0.0,2023-11-30 01:00:00
2023-11-30,02:00,0.0,15.0,79.4,3.85,14.4,0.0,2023-11-30 02:00:00
2023-11-30,03:00,0.0,11.1,97.5,2.22,58.2,0.0,2023-11-30 03:00:00
2023-11-30,04:00,0.0,14.9,79.5,3.28,29.9,0.0,2023-11-30 04:00:00
2023-11-30,05:00,0.0,13.4,84.1,2.23,12.5,0.0,2023-11-30 05:00:00
2023-11-30,06:00,0.0,15.1,87.4,6.04,49.8,0.0,2023-11-30 06:00:00
2023-11-30,07:00,28.01,14.8,89.9,2.89,56.2,0.89,2023-11-30 07:00:00
2023-11-30,08:00,232.07,15.3,79.8,5.14,24.5,10.28,2023-11-30 08:00:00
2023-11-30,09:00,428.39,19.8,74.2,7.05,17.5,17.66,2023-11-30 09:00:00
2023-11-30,10:00,542.51,19.6,68.2,6.88,22.4,22.74,2023-11-30 10:00:00
2023-11-30,11:00,592.38,24.2,75.4,3.78,35.7,24.39,2023-11-30 11:00:00
2023-11-30,12:00,590.71,23.0,76.4,8.18,44.2,24.12,2023-11-30 12:00:00
2023-11-30,13:00,603.68,24.7,69.5,4.43,33.6,24.21,2023-11-30 13:00:00
2023-11-30,14:00,529.21,26.8,60.2,1.91,26.5,21.0,2023-11-30 14:00:00
2023-11-30,15:00,357.28,21.5,81.4,6.13,47.5,15.02,2023-11-30 15:00:00
2023-11-30,16:00,234.99,22.2,69.2,3.52,20.3,9.8,2023-11-30 16:00:00
2023-11-30,17:00,40.96,22.9,81.0,2.05,40.5,2.42,2023-11-30 17:00:00
2023-11-30,18:00,0.0,21.9,74.3,5.26,20.7,0.0,2023-11-30 18:00:00
2023-11-30,19:00,0.0,21.9,81.2,4.26,31.5,0.0,2023-11-30 19:00:00
2023-11-30,20:00,0.0,19.9,76.5,6.06,23.3,0.0,2023-11-30 20:00:00
2023-11-30,21:00,0.0,17.0,84.9,5.54,24.2,0.0,2023-11-30 21:00:00
2023-11-30,22:00,0.0,15.9,82.8,2.86,19.4,0.0,2023-11-30 22:00:00
2023-11-30,23:00,0.0,14.7,87.4,2.57,45.2,0.0,2023-11-30 23:00:00
2023-12-01,00:00,0.0,10.3,88.8,4.87,14.1,0.0,2023-12-01 00:00:00
2023-12-01,01:00,0.0,12.1,82.0,4.01,14.0,0.0,2023-12-01 01:00:00
2023-12-01,02:00,0.0,12.6,98.0,1.52,56.9,0.0,2023-12-01 02:00:00
2023-12-01,03:00,0.0,13.2,89.7,2.2,39.7,0.0,2023-12-01 03:00:00
2023-12-01,04:00,0.0,11.3,83.2,2.04,0.0,0.0,2023-12-01 04:00:00
2023-12-01,05:00,0.0,11.7,88.2,4.09,16.6,0.0,2023-12-01 05:00:00
2023-12-01,06:00,0.0,14.8,73.5,1.64,0.0,0.0,2023-12-01 06:00:00
2023-12-01,07:00,41.55,20.2,77.7,2.33,10.8,2.09,2023-12-01 07:00:00
2023-12-01,08:00,239.0,16.7,70.8,3.87,0.0,10.14,2023-12-01 08:00:00
2023-12-01,09:00,405.39,21.8,68.0,1.94,23.0,16.64,2023-12-01 09:00:00
2023-12-01,10:00,550.93,24.0,65.3,2.53,7.9,21.41,2023-12-01 10:00:00
2023-12-01,11:00,629.04,22.5,67.6,6.35,26.0,24.82,2023-12-01 11:00:00
2023-12-01,12:00,670.16,22.1,73.3,4.65,0.7,26.89,2023-12-01 12:00:00
2023-12-01,13:00,612.18,24.9,68.3,2.8,26.3,24.21,2023-12-01 13:00:00
2023-12-01,14:00,550.26,24.5,55.1,6.0,18.8,22.56,2023-12-01 14:00:00
2023-12-01,15:00,359.31,22.4,79.1,2.54,47.6,14.55,2023-12-01 15:00:00
2023-12-01,16:00,212.8,22.2,80.5,4.08,46.2,8.97,2023-12-01 16:00:00
2023-12-01,17:00,48.84,23.2,72.7,3.08,36.8,2.12,2023-12-01 17:00:00
2023-12-01,18:00,0.0,22.9,65.3,4.99,20.2,0.0,2023-12-01 18:00:00
2023-12-01,19:00,0.0,19.1,84.6,3.09,54.8,0.0,2023-12-01 19:00:00
2023-12-01,20:00,0.0,18.1,71.4,2.53,1.8,0.0,2023-12-01 20:00:00
2023-12-01,21:00,0.0,17.8,70.4,4.18,4.0,0.0,2023-12-01 21:00:00
2023-12-01,22:00,0.0,14.9,79.3,4.94,23.8,0.0,2023-12-01 22:00:00
2023-12-01,23:00,0.0,13.4,95.2,3.83,58.9,0.0,2023-12-01 23:00:00
2023-12-02,00:00,0.0,11.5,91.9,4.77,22.1,0.0,2023-12-02 00:00:00
2023-12-02,01:00,0.0,10.8,91.2,3.31,22.4,0.0,2023-12-02 01:00:00
2023-12-02,02:00,0.0,16.8,68.8,5.29,3.5,0.0,2023-12-02 02:00:00
2023-12-02,03:00,0.0,11.9,94.4,4.06,39.3,0.0,2023-12-02 03:00:00
2023-12-02,04:00,0.0,15.3,90.0,2.28,39.4,0.0,2023-12-02 04:00:00
2023-12-02,05:00,0.0,16.8,89.6,6.15,36.9,0.0,2023-12-02 05:00:00
2023-12-02,06:00,0.0,14.7,78.1,5.62,15.7,0.0,2023-12-02 06:00:00
2023-12-02,07:00,45.69,17.1,77.8,7.43,14.5,2.16,2023-12-02 07:00:00
2023-12-02,08:00,250.04,18.2,76.4,3.99,5.7,10.74,2023-12-02 08:00:00
2023-12-02,09:00,392.32,16.7,79.4,4.53,26.4,16.13,2023-12-02 09:00:00
2023-12-02,10:00,556.2,18.2,77.1,5.86,8.9,22.44,2023-12-02 10:00:00
2023-12-02,11:00,650.41,22.4,68.2,1.38,7.4,25.44,2023-12-02 11:00:00
2023-12-02,12:00,663.64,22.5,67.6,6.43,18.8,26.71,2023-12-02 12:00:00
2023-12-02,13:00,623.54,27.2,60.6,2.64,17.8,24.39,2023-12-02 13:00:00
2023-12-02,14:00,542.89,23.6,73.9,1.42,17.0,22.44,2023-12-02 14:00:00
2023-12-02,15:00,390.73,27.3,63.1,2.48,32.1,14.82,2023-12-02 15:00:00
2023-12-02,16:00,228.05,22.4,68.3,4.07,26.3,9.67,2023-12-02 16:00:00
2023-12-02,17:00,46.92,25.7,68.0,1.34,20.8,2.17,2023-12-02 17:00:00
2023-12-02,18:00,0.0,21.9,74.0,0.61,27.9,0.0,2023-12-02 18:00:00
2023-12-02,19:00,0.0,20.6,66.4,4.34,10.2,0.0,2023-12-02 19:00:00
2023-12-02,20:00,0.0,17.1,78.9,3.45,26.7,0.0,2023-12-02 20:00:00
2023-12-02,21:00,0.0,17.5,77.3,5.68,27.4,0.0,2023-12-02 21:00:00
2023-12-02,22:00,0.0,18.1,70.9,2.57,2.6,0.0,2023-12-02 22:00:00
2023-12-02,23:00,0.0,13.5,98.0,2.68,40.0,0.0,2023-12-02 23:00:00
2023-12-03,00:00,0.0,12.1,83.6,1.58,12.0,0.0,2023-12-03 00:00:00
2023-12-03,01:00,0.0,11.6,85.7,3.84,26.5,0.0,2023-12-03 01:00:00
2023-12-03,02:00,0.0,14.8,96.5,3.06,42.6,0.0,2023-12-03 02:00:00
2023-12-03,03:00,0.0,13.6,92.9,2.95,39.1,0.0,2023-12-03 03:00:00
2023-12-03,04:00,0.0,15.3,86.4,3.47,25.7,0.0,2023-12-03 04:00:00
2023-12-03,05:00,0.0,14.2,80.3,5.73,19.7,0.0,2023-12-03 05:00:00
2023-12-03,06:00,0.0,14.9,92.3,1.77,39.4,0.0,2023-12-03 06:00:00
2023-12-03,07:00,38.31,17.1,86.4,3.77,35.3,1.72,2023-12-03 07:00:00
2023-12-03,08:00,243.42,19.8,74.9,2.28,15.9,10.35,2023-12-03 08:00:00
2023-12-03,09:00,408.58,19.0,67.9,2.36,13.3,17.28,2023-12-03 09:00:00
2023-12-03,10:00,559.96,23.3,65.0,2.57,0.0,22.64,2023-12-03 10:00:00
2023-12-03,11:00,614.28,22.8,79.6,3.48,27.5,25.24,2023-12-03 11:00:00
2023-12-03,12:00,652.33,18.7,78.8,3.64,23.9,26.53,2023-12-03 12:00:00
2023-12-03,13:00,563.03,25.3,71.1,5.94,42.2,22.56,2023-12-03 13:00:00
2023-12-03,14:00,525.29,21.6,74.3,6.17,30.6,21.91,2023-12-03 14:00:00
2023-12-03,15:00,357.44,25.2,72.9,4.07,45.2,15.32,2023-12-03 15:00:00
2023-12-03,16:00,221.28,24.7,63.4,2.68,14.7,9.54,2023-12-03 16:00:00
2023-12-03,17:00,38.46,22.7,76.3,5.46,42.3,2.07,2023-12-03 17:00:00
2023-12-03,18:00,0.0,21.8,77.4,5.27,17.2,0.0,2023-12-03 18:00:00
2023-12-03,19:00,0.0,21.4,82.4,5.31,36.8,0.0,2023-12-03 19:00:00
2023-12-03,20:00,0.0,17.0,72.3,0.99,3.3,0.0,2023-12-03 20:00:00
2023-12-03,21:00,0.0,17.7,85.7,5.0,28.7,0.0,2023-12-03 21:00:00
2023-12-03,22:00,0.0,17.0,77.5,5.76,0.0,0.0,2023-12-03 22:00:00
2023-12-03,23:00,0.0,16.8,82.6,4.16,21.2,0.0,2023-12-03 23:00:00
2023-12-04,00:00,0.0,10.5,93.9,4.98,31.9,0.0,2023-12-04 00:00:00
2023-12-04,01:00,0.0,12.7,81.6,5.15,17.5,0.0,2023-12-04 01:00:00
2023-12-04,02:00,0.0,10.0,85.8,3.69,9.5,0.0,2023-12-04 02:00:00
2023-12-04,03:00,0.0,10.1,97.7,5.43,38.0,0.0,2023-12-04 03:00:00
2023-12-04,04:00,0.0,13.2,81.3,5.26,23.7,0.0,2023-12-04 04:00:00
2023-12-04,05:00,0.0,13.6,79.9,6.48,17.9,0.0,2023-12-04 05:00:00
2023-12-04,06:00,0.0,16.8,82.5,6.56,25.9,0.0,2023-12-04 06:00:00
2023-12-04,07:00,28.96,15.5,89.8,3.8,64.8,1.2,2023-12-04 07:00:00
2023-12-04,08:00,210.8,17.5,87.7,1.18,42.6,8.85,2023-12-04 08:00:00
2023-12-04,09:00,373.45,19.7,78.1,1.03,42.7,15.28,2023-12-04 09:00:00
2023-12-04,10:00,517.65,19.2,80.1,6.85,31.8,21.4,2023-12-04 10:00:00
2023-12-04,11:00,615.72,20.7,77.2,2.94,27.8,24.59,2023-12-04 11:00:00
2023-12-04,12:00,675.44,24.9,60.7,3.12,0.0,26.25,2023-12-04 12:00:00
2023-12-04,13:00,638.67,22.5,69.1,3.53,15.1,25.2,2023-12-04 13:00:00
2023-12-04,14:00,544.7,25.8,63.1,2.61,18.1,21.4,2023-12-04 14:00:00
2023-12-04,15:00,408.91,24.6,63.0,4.09,0.0,16.45,2023-12-04 15:00:00
2023-12-04,16:00,234.25,20.1,68.0,5.21,7.9,10.18,2023-12-04 16:00:00
2023-12-04,17:00,37.98,22.9,64.8,2.57,0.0,0.86,2023-12-04 17:00:00
2023-12-04,18:00,0.0,21.7,76.6,4.93,24.7,0.0,2023-12-04 18:00:00
2023-12-04,19:00,0.0,20.0,74.8,4.51,37.5,0.0,2023-12-04 19:00:00
2023-12-04,20:00,0.0,17.5,82.3,3.78,41.9,0.0,2023-12-04 20:00:00
2023-12-04,21:00,0.0,14.5,88.2,2.88,31.5,0.0,2023-12-04 21:00:00
2023-12-04,22:00,0.0,17.1,68.7,5.96,10.8,0.0,2023-12-04 22:00:00
2023-12-04,23:00,0.0,13.3,87.5,3.23,0.0,0.0,2023-12-04 23:00:00
2023-12-05,00:00,0.0,10.8,88.0,3.1,0.0,0.0,2023-12-05 00:00:00
2023-12-05,01:00,0.0,12.6,76.5,4.35,6.3,0.0,2023-12-05 01:00:00
2023-12-05,02:00,0.0,10.2,79.3,6.54,12.0,0.0,2023-12-05 02:00:00
2023-12-05,03:00,0.0,10.1,90.7,3.7,23.0,0.0,2023-12-05 03:00:00
2023-12-05,04:00,0.0,11.7,80.5,4.8,10.2,0.0,2023-12-05 04:00:00
2023-12-05,05:00,0.0,12.1,93.3,3.47,30.5,0.0,2023-12-05 05:00:00
2023-12-05,06:00,0.0,14.8,87.7,2.39,21.9,0.0,2023-12-05 06:00:00
2023-12-05,07:00,32.56,17.5,80.6,1.88,25.5,1.72,2023-12-05 07:00:00
2023-12-05,08:00,203.66,17.4,82.2,1.95,42.5,8.66,2023-12-05 08:00:00
2023-12-05,09:00,410.05,21.4,76.2,1.06,7.7,16.54,2023-12-05 09:00:00
2023-12-05,10:00,512.81,19.0,82.4,3.91,31.7,21.09,2023-12-05 10:00:00
2023-12-05,11:00,614.07,18.7,80.7,1.92,25.2,24.74,2023-12-05 11:00:00
2023-12-05,12:00,652.85,23.0,75.4,5.88,20.4,26.82,2023-12-05 12:00:00
2023-12-05,13:00,593.5,26.7,65.5,8.16,38.7,24.56,2023-12-05 13:00:00
2023-12-05,14:00,485.69,24.5,78.0,3.64,38.6,19.03,2023-12-05 14:00:00
2023-12-05,15:00,413.07,29.2,57.9,3.44,11.2,15.97,2023-12-05 15:00:00
2023-12-05,16:00,229.25,23.4,71.9,2.99,22.6,9.34,2023-12-05 16:00:00
2023-12-05,17:00,38.07,22.2,73.5,4.33,29.6,1.38,2023-12-05 17:00:00
2023-12-05,18:00,0.0,16.7,72.8,4.18,21.3,0.0,2023-12-05 18:00:00
2023-12-05,19:00,0.0,19.9,82.5,2.96,34.1,0.0,2023-12-05 19:00:00
2023-12-05,20:00,0.0,17.9,73.3,2.96,29.6,0.0,2023-12-05 20:00:00
2023-12-05,21:00,0.0,15.3,86.4,4.37,52.9,0.0,2023-12-05 21:00:00
2023-12-05,22:00,0.0,14.3,77.3,3.92,2.4,0.0,2023-12-05 22:00:00
2023-12-05,23:00,0.0,13.2,78.3,4.78,23.5,0.0,2023-12-05 23:00:00
2023-12-06,00:00,0.0,11.9,80.7,6.9,11.9,0.0,2023-12-06 00:00:00
2023-12-06,01:00,0.0,15.4,86.5,5.17,34.6,0.0,2023-12-06 01:00:00
2023-12-06,02:00,0.0,10.8,82.7,2.79,1.2,0.0,2023-12-06 02:00:00
2023-12-06,03:00,0.0,11.9,88.8,5.03,30.7,0.0,2023-12-06 03:00:00
2023-12-06,04:00,0.0,11.5,83.1,3.44,16.0,0.0,2023-12-06 04:00:00
2023-12-06,05:00,0.0,14.6,81.9,5.16,14.5,0.0,2023-12-06 05:00:00
2023-12-06,06:00,0.0,14.7,77.6,6.11,3.8,0.0,2023-12-06 06:00:00
2023-12-06,07:00,30.39,15.4,75.0,2.54,18.5,0.87,2023-12-06 07:00:00
2023-12-06,08:00,207.19,14.0,88.6,2.48,41.8,8.58,2023-12-06 08:00:00
2023-12-06,09:00,412.74,19.4,72.2,3.36,25.1,17.7,2023-12-06 09:00:00
2023-12-06,10:00,512.09,19.9,82.5,1.37,34.9,21.33,2023-12-06 10:00:00
2023-12-06,11:00,530.74,21.6,78.7,4.59,50.5,21.57,2023-12-06 11:00:00
2023-12-06,12:00,634.3,20.5,86.7,4.97,29.5,26.02,2023-12-06 12:00:00
2023-12-06,13:00,649.96,25.8,69.4,2.97,17.1,25.1,2023-12-06 13:00:00
2023-12-06,14:00,506.59,25.0,70.1,3.51,17.200000000000003,19.93,2023-12-06 14:00:00
2023-12-06,15:00,401.23,25.8,68.0,4.09,17.3,15.72,2023-12-06 15:00:00
2023-12-06,16:00,222.33,24.7,59.1,1.55,17.9,9.44,2023-12-06 16:00:00
2023-12-06,17:00,29.28,22.7,70.5,4.74,2.7,1.36,2023-12-06 17:00:00
2023-12-06,18:00,0.0,18.4,79.0,3.79,39.4,0.0,2023-12-06 18:00:00
2023-12-06,19:00,0.0,22.3,71.8,4.26,19.7,0.0,2023-12-06 19:00:00
2023-12-06,20:00,0.0,15.8,80.4,4.81,28.2,0.0,2023-12-06 20:00:00
2023-12-06,21:00,0.0,15.4,76.9,4.53,10.0,0.0,2023-12-06 21:00:00
2023-12-06,22:00,0.0,15.7,83.7,1.7,32.0,0.0,2023-12-06 22:00:00
2023-12-06,23:00,0.0,14.5,82.1,5.19,14.1,0.0,2023-12-06 23:00:00
2023-12-07,00:00,0.0,13.1,86.1,4.19,23.5,0.0,2023-12-07 00:00:00
2023-12-07,01:00,0.0,10.8,93.5,4.76,38.8,0.0,2023-12-07 01:00:00
2023-12-07,02:00,0.0,10.2,87.6,2.59,37.5,0.0,2023-12-07 02:00:00
2023-12-07,03:00,0.0,16.0,91.7,2.4,25.3,0.0,2023-12-07 03:00:00
2023-12-07,04:00,0.0,12.0,82.9,5.53,0.0,0.0,2023-12-07 04:00:00
2023-12-07,05:00,0.0,12.7,98.0,3.17,70.5,0.0,2023-12-07 05:00:00
2023-12-07,06:00,0.0,13.0,92.1,4.02,51.8,0.0,2023-12-07 06:00:00
2023-12-07,07:00,24.62,16.2,81.3,3.9,36.5,1.28,2023-12-07 07:00:00
2023-12-07,08:00,229.68,17.6,77.8,4.06,14.3,9.75,2023-12-07 08:00:00
2023-12-07,09:00,405.87,18.8,78.9,1.52,23.9,16.59,2023-12-07 09:00:00
2023-12-07,10:00,543.07,21.0,78.1,2.78,17.5,21.75,2023-12-07 10:00:00
2023-12-07,11:00,559.6,24.7,82.4,1.5,44.6,22.99,2023-12-07 11:00:00
2023-12-07,12:00,620.28,21.4,81.2,3.57,29.6,24.28,2023-12-07 12:00:00
2023-12-07,13:00,639.84,23.2,61.6,6.29,13.9,25.85,2023-12-07 13:00:00
2023-12-07,14:00,535.61,22.1,69.7,3.17,18.6,21.43,2023-12-07 14:00:00
2023-12-07,15:00,357.47,23.6,76.6,5.19,42.5,15.54,2023-12-07 15:00:00
2023-12-07,16:00,194.86,21.5,78.6,2.71,49.6,8.19,2023-12-07 16:00:00
2023-12-07,17:00,45.46,20.6,81.1,5.79,48.6,1.84,2023-12-07 17:00:00
2023-12-07,18:00,0.0,17.7,74.1,3.3,37.0,0.0,2023-12-07 18:00:00
2023-12-07,19:00,0.0,19.0,80.6,3.02,21.8,0.0,2023-12-07 19:00:00
2023-12-07,20:00,0.0,18.1,65.3,4.66,0.0,0.0,2023-12-07 20:00:00
2023-12-07,21:00,0.0,19.1,72.6,3.72,30.1,0.0,2023-12-07 21:00:00
2023-12-07,22:00,0.0,15.1,79.7,2.94,25.6,0.0,2023-12-07 22:00:00
2023-12-07,23:00,0.0,12.2,88.2,1.43,27.7,0.0,2023-12-07 23:00:00
2023-12-08,00:00,0.0,9.5,85.9,2.12,26.6,0.0,2023-12-08 00:00:00
2023-12-08,01:00,0.0,9.1,83.6,5.12,5.9,0.0,2023-12-08 01:00:00
2023-12-08,02:00,0.0,8.8,98.0,6.55,34.2,0.0,2023-12-08 02:00:00
2023-12-08,03:00,0.0,14.7,86.3,2.13,35.3,0.0,2023-12-08 03:00:00
2023-12-08,04:00,0.0,12.5,92.0,3.99,36.0,0.0,2023-12-08 04:00:00
2023-12-08,05:00,0.0,11.8,87.4,1.21,40.0,0.0,2023-12-08 05:00:00
2023-12-08,06:00,0.0,12.4,89.9,2.73,34.9,0.0,2023-12-08 06:00:00
2023-12-08,07:00,27.54,14.0,83.4,3.43,19.6,1.18,2023-12-08 07:00:00
2023-12-08,08:00,226.47,16.0,79.0,4.88,24.7,9.86,2023-12-08 08:00:00
2023-12-08,09:00,408.87,21.1,74.9,1.31,27.2,17.15,2023-12-08 09:00:00
2023-12-08,10:00,531.13,20.1,69.1,5.18,27.4,20.89,2023-12-08 10:00:00
2023-12-08,11:00,571.9,18.8,83.7,2.31,40.8,23.57,2023-12-08 11:00:00
2023-12-08,12:00,627.31,26.5,67.5,5.04,35.5,24.57,2023-12-08 12:00:00
2023-12-08,13:00,499.53,20.9,81.9,4.27,57.0,20.86,2023-12-08 13:00:00
2023-12-08,14:00,403.85,22.1,85.0,2.95,58.9,16.7,2023-12-08 14:00:00
2023-12-08,16:00,222.6,23.1,64.1,2.47,0.0,9.31,2023-12-08 16:00:00
2023-12-08,17:00,29.28,20.5,75.9,2.39,44.3,1.41,2023-12-08 17:00:00
2023-12-08,18:00,0.0,17.9,82.9,1.46,17.7,0.0,2023-12-08 18:00:00
2023-12-08,19:00,0.0,17.0,72.6,3.19,13.8,0.0,2023-12-08 19:00:00
2023-12-08,20:00,0.0,15.5,84.2,1.72,19.8,0.0,2023-12-08 20:00:00
2023-12-08,21:00,0.0,15.6,75.0,3.3,19.1,0.0,2023-12-08 21:00:00
2023-12-08,22:00,0.0,14.5,90.7,0.88,35.0,0.0,2023-12-08 22:00:00
2023-12-08,23:00,0.0,12.6,85.7,2.06,2.4,0.0,2023-12-08 23:00:00
2023-12-09,00:00,0.0,11.7,77.3,6.74,9.8,0.0,2023-12-09 00:00:00
2023-12-09,01:00,0.0,9.3,95.6,5.29,31.1,0.0,2023-12-09 01:00:00
2023-12-09,02:00,0.0,11.5,93.0,2.47,33.35,0.0,2023-12-09 02:00:00
2023-12-09,03:00,0.0,13.5,91.5,4.78,35.6,0.0,2023-12-09 03:00:00
2023-12-09,04:00,0.0,11.5,87.8,4.49,14.2,0.0,2023-12-09 04:00:00
2023-12-09,05:00,0.0,12.4,80.4,2.18,11.3,0.0,2023-12-09 05:00:00
2023-12-09,06:00,0.0,14.2,82.4,3.09,18.4,0.0,2023-12-09 06:00:00
2023-12-09,07:00,31.0,17.5,87.8,6.45,29.6,1.16,2023-12-09 07:00:00
2023-12-09,08:00,208.01,15.4,84.5,4.9,48.3,9.37,2023-12-09 08:00:00
2023-12-09,09:00,410.55,21.2,69.5,5.04,0.0,17.04,2023-12-09 09:00:00
2023-12-09,10:00,527.52,20.8,79.1,3.96,22.7,22.21,2023-12-09 10:00:00
2023-12-09,11:00,632.38,21.3,65.6,4.48,6.0,25.77,2023-12-09 11:00:00
2023-12-09,12:00,661.6,24.4,58.0,3.7,1.2,26.08,2023-12-09 12:00:00
2023-12-09,13:00,569.24,20.7,74.0,4.92,40.5,23.16,2023-12-09 13:00:00
2023-12-09,14:00,488.05,23.9,74.3,4.87,34.1,19.84,2023-12-09 14:00:00
2023-12-09,15:00,376.24,23.6,67.7,1.18,32.7,15.13,2023-12-09 15:00:00
2023-12-09,16:00,204.5,20.5,78.7,4.3,39.8,9.13,2023-12-09 16:00:00
2023-12-09,17:00,29.2,22.1,77.0,4.29,18.8,1.57,2023-12-09 17:00:00
2023-12-09,18:00,0.0,20.5,73.9,1.5,19.5,0.0,2023-12-09 18:00:00
2023-12-09,19:00,0.0,18.2,84.3,3.26,58.8,0.0,2023-12-09 19:00:00
2023-12-09,20:00,0.0,18.6,78.2,6.25,22.3,0.0,2023-12-09 20:00:00
2023-12-09,21:00,0.0,14.4,87.4,7.15,37.0,0.0,2023-12-09 21:00:00
2023-12-09,22:00,0.0,14.5,86.6,5.19,26.1,0.0,2023-12-09 22:00:00
2023-12-09,23:00,0.0,12.5,87.7,2.04,0.0,0.0,2023-12-09 23:00:00
2023-12-10,00:00,0.0,10.6,85.7,3.1,0.0,0.0,2023-12-10 00:00:00
2023-12-10,01:00,0.0,12.0,94.5,2.21,17.5,0.0,2023-12-10 01:00:00
2023-12-10,02:00,0.0,10.5,96.6,4.4,42.0,0.0,2023-12-10 02:00:00
2023-12-10,03:00,0.0,8.4,93.8,5.13,38.0,0.0,2023-12-10 03:00:00
2023-12-10,04:00,0.0,8.4,98.0,6.07,39.9,0.0,2023-12-10 04:00:00
2023-12-10,05:00,0.0,14.0,81.3,5.83,11.4,0.0,2023-12-10 05:00:00
2023-12-10,06:00,0.0,11.7,90.8,1.73,50.4,0.0,2023-12-10 06:00:00
2023-12-10,07:00,29.97,15.8,88.5,1.89,11.7,1.27,2023-12-10 07:00:00
2023-12-10,08:00,219.01,17.0,78.9,6.39,29.4,9.12,2023-12-10 08:00:00
2023-12-10,09:00,395.78,17.8,76.7,5.68,26.0,16.14,2023-12-10 09:00:00
2023-12-10,10:00,539.66,23.4,68.6,3.48,23.6,21.52,2023-12-10 10:00:00
2023-12-10,11:00,543.93,21.4,80.1,3.35,46.2,22.4,2023-12-10 11:00:00
2023-12-10,12:00,644.7,23.4,72.5,3.91,15.6,25.38,2023-12-10 12:00:00
2023-12-10,13:00,617.11,23.2,56.1,4.12,5.9,25.48,2023-12-10 13:00:00
2023-12-10,14:00,527.92,22.4,76.7,2.56,26.5,22.02,2023-12-10 14:00:00
2023-12-10,15:00,403.12,22.6,68.9,3.23,20.2,16.64,2023-12-10 15:00:00
2023-12-10,16:00,130.31,24.7,80.5,4.24,76.8,5.35,2023-12-10 16:00:00
2023-12-10,17:00,33.76,23.1,81.3,2.33,36.3,1.23,2023-12-10 17:00:00
2023-12-10,18:00,0.0,23.4,70.8,10.38,20.0,0.0,2023-12-10 18:00:00
2023-12-10,19:00,0.0,18.8,76.2,2.69,10.3,0.0,2023-12-10 19:00:00
2023-12-10,20:00,0.0,15.3,76.9,3.91,0.0,0.0,2023-12-10 20:00:00
2023-12-10,21:00,0.0,14.5,84.0,3.92,10.8,0.0,2023-12-10 21:00:00
2023-12-10,22:00,0.0,11.7,95.9,3.44,27.9,0.0,2023-12-10 22:00:00
2023-12-10,23:00,0.0,14.0,81.0,2.5,47.6,0.0,2023-12-10 23:00:00
2023-12-11,00:00,0.0,10.5,98.0,3.97,43.2,0.0,2023-12-11 00:00:00
2023-12-11,01:00,0.0,5.4,98.0,1.67,29.8,0.0,2023-12-11 01:00:00
2023-12-11,02:00,0.0,15.2,84.6,3.16,21.5,0.0,2023-12-11 02:00:00
2023-12-11,03:00,0.0,9.9,90.0,2.41,30.4,0.0,2023-12-11 03:00:00
2023-12-11,04:00,0.0,10.5,84.3,1.88,18.6,0.0,2023-12-11 04:00:00
2023-12-11,05:00,0.0,15.5,98.0,6.62,52.1,0.0,2023-12-11 05:00:00
2023-12-11,06:00,0.0,11.6,84.9,4.67,23.5,0.0,2023-12-11 06:00:00
2023-12-11,07:00,31.87,17.2,86.5,2.13,25.1,1.87,2023-12-11 07:00:00
2023-12-11,08:00,228.72,15.7,78.0,7.06,0.0,10.63,2023-12-11 08:00:00
2023-12-11,09:00,360.155,15.9,90.2,2.37,23.4,16.16,2023-12-11 09:00:00
2023-12-11,10:00,491.59,22.8,74.3,2.47,38.9,20.09,2023-12-11 10:00:00
2023-12-11,11:00,625.74,22.6,62.3,1.94,10.4,25.04,2023-12-11 11:00:00
2023-12-11,12:00,648.76,23.6,68.4,4.84,15.1,25.64,2023-12-11 12:00:00
2023-12-11,13:00,576.71,23.2,68.8,4.0,38.3,23.36,2023-12-11 13:00:00
2023-12-11,14:00,545.11,23.8,76.1,1.43,4.2,21.77,2023-12-11 14:00:00
2023-12-11,15:00,366.4,20.3,82.6,1.11,42.2,15.36,2023-12-11 15:00:00
2023-12-11,16:00,228.41,22.1,74.6,3.81,18.4,11.04,2023-12-11 16:00:00
2023-12-11,17:00,13.66,19.3,79.3,4.4,20.5,0.73,2023-12-11 17:00:00
2023-12-11,18:00,0.0,17.2,73.8,5.5,9.5,0.0,2023-12-11 18:00:00
2023-12-11,19:00,0.0,19.0,79.0,3.57,32.0,0.0,2023-12-11 19:00:00
2023-12-11,20:00,0.0,18.8,88.1,4.54,63.3,0.0,2023-12-11 20:00:00
2023-12-11,21:00,0.0,14.5,95.5,4.87,38.1,0.0,2023-12-11 21:00:00
2023-12-11,22:00,0.0,13.4,78.6,4.2,13.4,0.0,2023-12-11 22:00:00
2023-12-11,23:00,0.0,10.4,92.3,3.0,43.4,0.0,2023-12-11 23:00:00
2023-12-12,00:00,0.0,11.4,86.9,1.93,21.8,0.0,2023-12-12 00:00:00
2023-12-12,01:00,0.0,12.2,90.8,4.38,47.2,0.0,2023-12-12 01:00:00
2023-12-12,02:00,0.0,12.0,85.8,5.1,38.7,0.0,2023-12-12 02:00:00
2023-12-12,03:00,0.0,11.8,71.5,2.24,0.0,0.0,2023-12-12 03:00:00
2023-12-12,04:00,0.0,10.3,80.1,3.64,11.5,0.0,2023-12-12 04:00:00
2023-12-12,05:00,0.0,11.2,97.8,3.2,40.8,0.0,2023-12-12 05:00:00
2023-12-12,06:00,0.0,15.0,84.7,2.32,28.9,0.0,2023-12-12 06:00:00
2023-12-12,07:00,21.52,16.5,81.4,2.52,11.2,0.76,2023-12-12 07:00:00
2023-12-12,08:00,229.79,16.3,77.5,2.48,17.1,10.45,2023-12-12 08:00:00
2023-12-12,09:00,411.83,17.4,73.5,3.3,0.0,17.44,2023-12-12 09:00:00
2023-12-12,10:00,519.51,21.7,80.2,3.17,25.3,21.37,2023-12-12 10:00:00
2023-12-12,11:00,467.51,20.2,90.8,3.92,59.8,19.53,2023-12-12 11:00:00
2023-12-12,12:00,616.54,23.1,78.8,1.69,38.7,24.44,2023-12-12 12:00:00
2023-12-12,13:00,474.62,22.2,82.4,4.05,59.4,19.21,2023-12-12 13:00:00
2023-12-12,14:00,495.13,20.7,81.0,1.06,39.8,20.13,2023-12-12 14:00:00
2023-12-12,15:00,378.61,25.3,74.0,2.57,42.0,14.9,2023-12-12 15:00:00
2023-12-12,16:00,189.37,22.0,80.4,3.67,56.2,7.87,2023-12-12 16:00:00
2023-12-12,17:00,22.45,19.6,77.0,4.6,32.3,0.71,2023-12-12 17:00:00
2023-12-12,18:00,0.0,17.1,84.8,5.12,23.8,0.0,2023-12-12 18:00:00
2023-12-12,19:00,0.0,15.8,81.6,1.22,42.1,0.0,2023-12-12 19:00:00
2023-12-12,20:00,0.0,15.9,94.2,3.84,48.4,0.0,2023-12-12 20:00:00
2023-12-12,21:00,0.0,18.5,76.0,3.01,19.4,0.0,2023-12-12 21:00:00
2023-12-12,22:00,0.0,12.6,79.8,4.64,15.8,0.0,2023-12-12 22:00:00
2023-12-12,23:00,0.0,15.0,82.5,2.7,28.7,0.0,2023-12-12 23:00:00
2023-12-13,00:00,0.0,11.0,89.8,4.93,39.3,0.0,2023-12-13 00:00:00
2023-12-13,01:00,0.0,8.6,94.5,4.15,38.8,0.0,2023-12-13 01:00:00
2023-12-13,02:00,0.0,9.6,84.6,5.24,5.5,0.0,2023-12-13 02:00:00
2023-12-13,03:00,0.0,8.4,98.0,8.25,55.5,0.0,2023-12-13 03:00:00
2023-12-13,04:00,0.0,9.7,88.5,6.38,17.2,0.0,2023-12-13 04:00:00
2023-12-13,05:00,0.0,10.6,89.6,4.1,22.9,0.0,2023-12-13 05:00:00
2023-12-13,06:00,0.0,10.1,91.2,6.19,13.3,0.0,2023-12-13 06:00:00
2023-12-13,07:00,18.15,17.6,89.4,2.05,67.3,0.0,2023-12-13 07:00:00
2023-12-13,08:00,225.97,16.9,83.6,1.3,30.5,8.69,2023-12-13 08:00:00
2023-12-13,09:00,400.66,16.8,78.3,3.82,14.1,17.22,2023-12-13 09:00:00
2023-12-13,10:00,487.67,19.9,82.3,7.77,39.8,20.14,2023-12-13 10:00:00
2023-12-13,11:00,576.74,19.2,81.0,4.73,38.4,24.46,2023-12-13 11:00:00
2023-12-13,12:00,641.82,16.9,78.1,2.79,24.0,25.7,2023-12-13 12:00:00
2023-12-13,13:00,573.84,27.6,64.8,4.49,39.4,22.84,2023-12-13 13:00:00
2023-12-13,14:00,535.07,22.8,70.3,1.27,14.5,22.27,2023-12-13 14:00:00
2023-12-13,15:00,404.42,21.2,78.2,3.53,19.4,16.88,2023-12-13 15:00:00
2023-12-13,16:00,240.28,18.2,71.8,2.48,0.0,9.67,2023-12-13 16:00:00
2023-12-13,17:00,25.06,18.0,71.9,1.35,7.0,2.21,2023-12-13 17:00:00
2023-12-13,18:00,0.0,22.5,78.7,2.54,53.9,0.0,2023-12-13 18:00:00
2023-12-13,19:00,0.0,20.7,79.6,4.8,51.5,0.0,2023-12-13 19:00:00
2023-12-13,20:00,0.0,17.8,77.6,3.9,27.8,0.0,2023-12-13 20:00:00
2023-12-13,21:00,0.0,12.9,87.8,1.09,51.8,0.0,2023-12-13 21:00:00
2023-12-13,22:00,0.0,16.2,80.8,3.26,24.4,0.0,2023-12-13 22:00:00
2023-12-13,23:00,0.0,13.0,87.2,4.99,23.2,0.0,2023-12-13 23:00:00
2023-12-14,00:00,0.0,12.3,86.45,7.18,27.9,0.0,2023-12-14 00:00:00
2023-12-14,01:00,0.0,11.4,85.7,5.97,25.2,0.0,2023-12-14 01:00:00
2023-12-14,02:00,0.0,7.6,90.8,0.65,23.9,0.0,2023-12-14 02:00:00
2023-12-14,03:00,0.0,8.4,92.9,2.39,44.2,0.0,2023-12-14 03:00:00
2023-12-14,04:00,0.0,10.2,88.2,2.33,29.3,0.0,2023-12-14 04:00:00
2023-12-14,05:00,0.0,13.3,88.7,3.27,37.8,0.0,2023-12-14 05:00:00
2023-12-14,06:00,0.0,10.9,88.9,4.37,42.6,0.0,2023-12-14 06:00:00
2023-12-14,07:00,3.57,13.45,85.9,2.05,32.9,0.46,2023-12-14 07:00:00
2023-12-14,08:00,234.71,16.0,76.3,6.48,12.5,10.14,2023-12-14 08:00:00
2023-12-14,09:00,408.39,19.3,69.0,5.16,6.8,16.6,2023-12-14 09:00:00
2023-12-14,10:00,514.81,20.6,77.9,3.3,29.3,21.5,2023-12-14 10:00:00
2023-12-14,11:00,606.41,18.8,75.4,4.06,24.5,24.55,2023-12-14 11:00:00
2023-12-14,12:00,629.7,24.2,68.9,3.86,28.4,24.72,2023-12-14 12:00:00
2023-12-14,13:00,601.3,20.1,81.8,4.05,26.8,24.26,2023-12-14 13:00:00
2023-12-14,14:00,365.3,24.3,76.3,5.83,65.8,15.04,2023-12-14 14:00:00
2023-12-14,15:00,423.87,21.2,76.2,2.3,7.1,17.71,2023-12-14 15:00:00
2023-12-14,16:00,240.46,21.8,65.9,4.58,0.0,9.85,2023-12-14 16:00:00
2023-12-14,17:00,13.63,21.0,72.0,1.78,32.1,1.0,2023-12-14 17:00:00
2023-12-14,18:00,0.0,19.7,73.6,3.48,21.4,0.0,2023-12-14 18:00:00
2023-12-14,19:00,0.0,19.1,79.6,4.32,31.8,0.0,2023-12-14 19:00:00
2023-12-14,20:00,0.0,17.1,88.3,0.93,35.8,0.0,2023-12-14 20:00:00
2023-12-14,21:00,0.0,16.2,90.5,1.79,46.3,0.0,2023-12-14 21:00:00
2023-12-14,22:00,0.0,14.2,80.1,1.68,4.5,0.0,2023-12-14 22:00:00
2023-12-14,23:00,0.0,9.8,95.0,3.1,18.7,0.0,2023-12-14 23:00:00
2023-12-15,00:00,0.0,11.5,83.7,4.25,33.8,0.0,2023-12-15 00:00:00
2023-12-15,01:00,0.0,9.4,96.6,9.42,38.9,0.0,2023-12-15 01:00:00
2023-12-15,02:00,0.0,8.2,98.0,2.56,60.3,0.0,2023-12-15 02:00:00
2023-12-15,03:00,0.0,9.9,96.9,1.95,41.7,0.0,2023-12-15 03:00:00
2023-12-15,04:00,0.0,11.4,83.1,3.28,26.5,0.0,2023-12-15 04:00:00
2023-12-15,05:00,0.0,12.4,80.8,2.01,14.0,0.0,2023-12-15 05:00:00
2023-12-15,06:00,0.0,15.1,81.4,1.1,18.9,0.0,2023-12-15 06:00:00
2023-12-15,07:00,29.02,17.0,83.6,3.96,18.5,1.56,2023-12-15 07:00:00
2023-12-15,08:00,209.35,16.8,91.8,6.03,37.2,9.62,2023-12-15 08:00:00
2023-12-15,09:00,378.56,18.7,77.1,5.84,31.2,15.82,2023-12-15 09:00:00
2023-12-15,10:00,539.64,19.4,67.5,1.74,7.5,22.06,2023-12-15 10:00:00
2023-12-15,11:00,616.12,20.85,75.6,2.02,20.8,24.81,2023-12-15 11:00:00
2023-12-15,12:00,571.16,22.3,87.1,3.62,40.5,23.0,2023-12-15 12:00:00
2023-12-15,13:00,590.13,21.9,79.7,3.07,32.6,23.89,2023-12-15 13:00:00
2023-12-15,14:00,501.78,26.1,66.8,4.69,35.9,20.46,2023-12-15 14:00:00
2023-12-15,15:00,380.38,21.0,88.2,3.64,33.1,15.82,2023-12-15 15:00:00
2023-12-15,16:00,188.61,24.0,79.7,1.04,51.8,7.89,2023-12-15 16:00:00
2023-12-15,17:00,3.11,18.0,77.6,2.7,30.9,0.24,2023-12-15 17:00:00
2023-12-15,18:00,0.0,20.7,82.1,6.29,21.6,0.0,2023-12-15 18:00:00
2023-12-15,19:00,0.0,20.4,69.3,3.72,13.6,0.0,2023-12-15 19:00:00
2023-12-15,20:00,0.0,12.8,86.1,5.31,31.1,0.0,2023-12-15 20:00:00
2023-12-15,21:00,0.0,14.9,80.6,3.23,0.0,0.0,2023-12-15 21:00:00
2023-12-15,22:00,0.0,14.5,84.3,4.54,24.6,0.0,2023-12-15 22:00:00
2023-12-15,23:00,0.0,12.4,87.6,2.14,24.3,0.0,2023-12-15 23:00:00
2023-12-16,00:00,0.0,11.6,84.5,4.89,7.2,0.0,2023-12-16 00:00:00
2023-12-16,01:00,0.0,10.6,92.0,5.22,13.7,0.0,2023-12-16 01:00:00
2023-12-16,02:00,0.0,8.1,88.5,1.67,39.8,0.0,2023-12-16 02:00:00
2023-12-16,03:00,0.0,14.6,87.0,2.21,31.1,0.0,2023-12-16 03:00:00
2023-12-16,04:00,0.0,10.0,91.1,3.5,29.2,0.0,2023-12-16 04:00:00
2023-12-16,05:00,0.0,12.7,86.0,4.33,32.2,0.0,2023-12-16 05:00:00
2023-12-16,06:00,0.0,11.9,86.4,4.33,29.0,0.0,2023-12-16 06:00:00
2023-12-16,07:00,34.72,10.5,85.3,4.49,46.3,1.89,2023-12-16 07:00:00
2023-12-16,08:00,211.89,14.4,82.6,4.75,29.5,9.01,2023-12-16 08:00:00
2023-12-16,09:00,408.47,15.1,84.0,3.69,5.8,18.16,2023-12-16 09:00:00
2023-12-16,10:00,450.6,21.1,84.7,4.01,52.1,18.62,2023-12-16 10:00:00
2023-12-16,11:00,580.86,20.75,78.6,0.85,33.2,23.87,2023-12-16 11:00:00
2023-12-16,12:00,643.74,20.4,68.5,2.12,18.8,25.92,2023-12-16 12:00:00
2023-12-16,13:00,631.5,20.0,75.5,3.66,8.8,25.98,2023-12-16 13:00:00
2023-12-16,14:00,498.97,22.3,80.2,4.95,33.6,19.99,2023-12-16 14:00:00
2023-12-16,15:00,404.0,20.6,79.7,5.39,25.9,17.5,2023-12-16 15:00:00
2023-12-16,16:00,179.25,23.1,74.3,4.84,51.3,7.72,2023-12-16 16:00:00
2023-12-16,17:00,39.54,20.9,70.8,3.6,22.5,1.99,2023-12-16 17:00:00
2023-12-16,18:00,0.0,18.1,83.2,2.68,15.1,0.0,2023-12-16 18:00:00
2023-12-16,19:00,0.0,19.2,76.6,3.41,41.1,0.0,2023-12-16 19:00:00
2023-12-16,20:00,0.0,16.1,88.1,0.87,41.5,0.0,2023-12-16 20:00:00
2023-12-16,21:00,0.0,14.6,78.5,4.13,30.2,0.0,2023-12-16 21:00:00
2023-12-16,22:00,0.0,10.5,92.5,1.56,37.8,0.0,2023-12-16 22:00:00
2023-12-16,23:00,0.0,11.7,91.6,2.01,27.1,0.0,2023-12-16 23:00:00
2023-12-17,00:00,0.0,11.4,90.6,4.27,31.4,0.0,2023-12-17 00:00:00
2023-12-17,01:00,0.0,12.6,94.5,0.94,45.4,0.0,2023-12-17 01:00:00
2023-12-17,02:00,0.0,8.6,91.5,4.01,37.3,0.0,2023-12-17 02:00:00
2023-12-17,03:00,0.0,14.3,81.6,4.33,25.4,0.0,2023-12-17 03:00:00
2023-12-17,04:00,0.0,11.8,96.3,5.23,48.2,0.0,2023-12-17 04:00:00
2023-12-17,05:00,0.0,9.0,89.3,1.51,0.0,0.0,2023-12-17 05:00:00
2023-12-17,06:00,0.0,11.5,98.0,0.71,58.7,0.0,2023-12-17 06:00:00
2023-12-17,07:00,15.0,17.0,78.9,5.09,2.4,1.03,2023-12-17 07:00:00
2023-12-17,08:00,242.19,18.2,70.7,2.72,18.5,10.65,2023-12-17 08:00:00
2023-12-17,09:00,390.74,17.6,78.6,6.11,27.3,16.55,2023-12-17 09:00:00
2023-12-17,10:00,513.9,19.3,84.8,2.22,25.7,21.24,2023-12-17 10:00:00
2023-12-17,11:00,559.12,18.1,88.7,4.07,43.0,23.11,2023-12-17 11:00:00
2023-12-17,12:00,640.94,23.6,70.2,1.79,12.1,25.03,2023-12-17 12:00:00
2023-12-17,13:00,579.4,20.0,77.3,3.23,31.9,23.73,2023-12-17 13:00:00
2023-12-17,14:00,523.8,23.5,73.7,6.06,19.3,20.88,2023-12-17 14:00:00
2023-12-17,15:00,393.64,24.2,73.5,4.18,32.4,16.43,2023-12-17 15:00:00
2023-12-17,16:00,217.98,21.3,68.7,4.61,27.0,9.34,2023-12-17 16:00:00
2023-12-17,17:00,3.66,22.0,78.3,2.42,29.3,0.0,2023-12-17 17:00:00
2023-12-17,18:00,0.0,22.3,68.0,6.58,19.7,0.0,2023-12-17 18:00:00
2023-12-17,19:00,0.0,18.0,81.1,4.26,20.3,0.0,2023-12-17 19:00:00
2023-12-17,20:00,0.0,15.7,78.0,1.77,32.3,0.0,2023-12-17 20:00:00
2023-12-17,21:00,0.0,14.3,95.5,0.98,42.1,0.0,2023-12-17 21:00:00
2023-12-17,22:00,0.0,11.7,86.1,0.98,19.0,0.0,2023-12-17 22:00:00
2023-12-17,23:00,0.0,10.4,83.7,1.37,28.25,0.0,2023-12-17 23:00:00
2023-12-18,00:00,0.0,11.5,89.4,6.42,37.5,0.0,2023-12-18 00:00:00
2023-12-18,01:00,0.0,9.8,90.9,3.03,27.8,0.0,2023-12-18 01:00:00
2023-12-18,02:00,0.0,10.5,94.4,2.76,40.7,0.0,2023-12-18 02:00:00
2023-12-18,03:00,0.0,7.4,97.8,3.29,14.7,0.0,2023-12-18 03:00:00
2023-12-18,04:00,0.0,10.5,84.9,3.26,1.6,0.0,2023-12-18 04:00:00
2023-12-18,05:00,0.0,13.5,76.1,2.48,20.3,0.0,2023-12-18 05:00:00
2023-12-18,06:00,0.0,10.9,82.9,1.68,16.8,0.0,2023-12-18 06:00:00
2023-12-18,07:00,25.46,11.7,96.2,1.79,27.1,0.26,2023-12-18 07:00:00
2023-12-18,08:00,228.5,12.5,86.5,4.13,18.7,10.43,2023-12-18 08:00:00
2023-12-18,09:00,360.96,15.1,91.0,3.2,39.4,15.02,2023-12-18 09:00:00
2023-12-18,10:00,515.26,20.3,74.3,6.3,23.9,21.47,2023-12-18 10:00:00
2023-12-18,11:00,591.59,19.6,74.2,3.5,30.5,23.41,2023-12-18 11:00:00
2023-12-18,12:00,627.69,24.4,69.1,3.68,30.6,25.12,2023-12-18 12:00:00
2023-12-18,13:00,602.47,22.5,74.6,6.67,31.2,24.03,2023-12-18 13:00:00
2023-12-18,14:00,522.68,22.8,70.9,3.67,27.9,21.05,2023-12-18 14:00:00
2023-12-18,15:00,373.84,19.7,87.1,3.67,35.9,15.52,2023-12-18 15:00:00
2023-12-18,16:00,228.36,20.4,71.0,3.05,16.3,9.44,2023-12-18 16:00:00
2023-12-18,17:00,20.49,18.8,79.9,4.73,49.2,0.62,2023-12-18 17:00:00
2023-12-18,18:00,0.0,17.0,83.9,3.18,24.7,0.0,2023-12-18 18:00:00
2023-12-18,19:00,0.0,18.6,78.0,4.08,8.6,0.0,2023-12-18 19:00:00
2023-12-18,20:00,0.0,17.4,81.8,3.43,31.1,0.0,2023-12-18 20:00:00
2023-12-18,21:00,0.0,15.0,79.0,3.8,15.5,0.0,2023-12-18 21:00:00
2023-12-18,22:00,0.0,11.4,84.9,5.53,38.2,0.0,2023-12-18 22:00:00
2023-12-18,23:00,0.0,12.2,90.95,3.28,61.4,0.0,2023-12-18 23:00:00
2023-12-19,00:00,0.0,7.1,97.0,2.44,16.8,0.0,2023-12-19 00:00:00
2023-12-19,01:00,0.0,12.4,88.0,3.99,33.6,0.0,2023-12-19 01:00:00
2023-12-19,02:00,0.0,7.4,89.7,6.83,2.3,0.0,2023-12-19 02:00:00
2023-12-19,03:00,0.0,8.0,95.9,4.63,35.4,0.0,2023-12-19 03:00:00
2023-12-19,04:00,0.0,10.8,94.1,2.81,15.3,0.0,2023-12-19 04:00:00
2023-12-19,05:00,0.0,11.9,87.85,7.4,19.2,0.0,2023-12-19 05:00:00
2023-12-19,06:00,0.0,12.6,81.6,2.96,12.1,0.0,2023-12-19 06:00:00
2023-12-19,07:00,31.26,12.2,88.7,8.18,39.6,1.72,2023-12-19 07:00:00
2023-12-19,08:00,203.04,17.8,85.5,2.25,43.7,9.15,2023-12-19 08:00:00
2023-12-19,09:00,390.93,14.3,86.0,11.22,28.9,16.71,2023-12-19 09:00:00
2023-12-19,10:00,532.11,16.1,80.6,1.57,15.6,23.04,2023-12-19 10:00:00
2023-12-19,11:00,503.18,19.8,79.9,4.75,52.4,20.92,2023-12-19 11:00:00
2023-12-19,12:00,654.58,18.7,82.2,4.91,17.3,26.6,2023-12-19 12:00:00
2023-12-19,13:00,633.6,23.8,62.5,4.55,0.0,25.72,2023-12-19 13:00:00
2023-12-19,14:00,497.19,19.7,84.1,5.16,35.5,20.85,2023-12-19 14:00:00
2023-12-19,15:00,404.7,24.4,79.0,3.54,12.0,17.12,2023-12-19 15:00:00
2023-12-19,16:00,211.72,22.8,73.2,1.4,43.4,9.49,2023-12-19 16:00:00
2023-12-19,17:00,30.13,22.2,73.8,3.03,22.9,1.17,2023-12-19 17:00:00
2023-12-19,18:00,0.0,22.2,75.6,4.35,37.6,0.0,2023-12-19 18:00:00
2023-12-19,19:00,0.0,17.5,94.3,4.37,49.6,0.0,2023-12-19 19:00:00
2023-12-19,20:00,0.0,14.0,80.5,2.27,10.5,0.0,2023-12-19 20:00:00
2023-12-19,21:00,0.0,14.0,85.0,2.55,20.1,0.0,2023-12-19 21:00:00
2023-12-19,22:00,0.0,11.8,90.1,3.6,27.4,0.0,2023-12-19 22:00:00
2023-12-19,23:00,0.0,10.3,97.1,4.84,51.6,0.0,2023-12-19 23:00:00
2023-12-20,00:00,0.0,10.7,91.7,5.76,19.0,0.0,2023-12-20 00:00:00
2023-12-20,01:00,0.0,9.3,91.4,1.64,20.0,0.0,2023-12-20 01:00:00
2023-12-20,02:00,0.0,8.3,98.0,6.63,36.1,0.0,2023-12-20 02:00:00
2023-12-20,03:00,0.0,9.4,91.8,6.66,20.3,0.0,2023-12-20 03:00:00
2023-12-20,04:00,0.0,11.5,88.1,0.84,31.2,0.0,2023-12-20 04:00:00
2023-12-20,05:00,0.0,13.1,80.7,3.69,5.7,0.0,2023-12-20 05:00:00
2023-12-20,06:00,0.0,9.8,98.0,4.07,62.1,0.0,2023-12-20 06:00:00
2023-12-20,07:00,38.22,13.6,84.0,3.91,8.7,1.58,2023-12-20 07:00:00
2023-12-20,08:00,223.98,15.4,87.9,4.22,24.1,9.56,2023-12-20 08:00:00
2023-12-20,09:00,387.44,15.1,91.9,3.68,28.4,16.3,2023-12-20 09:00:00
2023-12-20,10:00,416.98,18.5,84.6,2.74,57.6,17.55,2023-12-20 10:00:00
2023-12-20,11:00,635.75,20.2,72.5,1.71,9.1,25.55,2023-12-20 11:00:00
2023-12-20,12:00,505.34,21.8,81.2,2.34,58.7,20.89,2023-12-20 12:00:00
2023-12-20,13:00,558.68,21.6,73.2,4.91,40.3,22.89,2023-12-20 13:00:00
2023-12-20,14:00,493.37,20.1,80.9,2.5,35.2,19.14,2023-12-20 14:00:00
2023-12-20,15:00,400.56,25.1,69.0,5.56,14.2,15.73,2023-12-20 15:00:00
2023-12-20,16:00,201.44,22.4,71.5,3.23,37.5,8.35,2023-12-20 16:00:00
2023-12-20,17:00,31.8,20.9,71.7,3.28,18.1,1.78,2023-12-20 17:00:00
2023-12-20,18:00,0.0,20.5,79.3,5.91,47.9,0.0,2023-12-20 18:00:00
2023-12-20,19:00,0.0,17.7,71.0,2.37,14.4,0.0,2023-12-20 19:00:00
2023-12-20,20:00,0.0,18.0,79.7,2.24,27.2,0.0,2023-12-20 20:00:00
2023-12-20,21:00,0.0,14.2,79.3,8.31,20.6,0.0,2023-12-20 21:00:00
2023-12-20,22:00,0.0,12.7,85.1,3.85,14.1,0.0,2023-12-20 22:00:00
2023-12-20,23:00,0.0,12.6,92.2,2.25,40.0,0.0,2023-12-20 23:00:00
2023-12-21,00:00,0.0,13.2,91.1,2.12,37.3,0.0,2023-12-21 00:00:00
2023-12-21,01:00,0.0,12.5,94.9,5.84,47.4,0.0,2023-12-21 01:00:00
2023-12-21,02:00,0.0,10.6,90.9,4.14,2.6,0.0,2023-12-21 02:00:00
2023-12-21,03:00,0.0,10.7,92.0,1.83,45.2,0.0,2023-12-21 03:00:00
2023-12-21,04:00,0.0,11.6,96.3,6.11,66.9,0.0,2023-12-21 04:00:00
2023-12-21,05:00,0.0,13.1,88.6,3.41,22.5,0.0,2023-12-21 05:00:00
2023-12-21,06:00,0.0,14.9,91.5,8.6,57.7,0.0,2023-12-21 06:00:00
2023-12-21,07:00,29.03,13.6,90.4,2.69,25.3,1.29,2023-12-21 07:00:00
2023-12-21,08:00,240.53,17.9,77.6,3.8,8.7,10.23,2023-12-21 08:00:00
2023-12-21,09:00,400.17,17.7,87.3,2.16,24.7,16.48,2023-12-21 09:00:00
2023-12-21,10:00,479.4,19.7,81.3,3.39,45.0,19.49,2023-12-21 10:00:00
2023-12-21,11:00,617.77,22.3,64.8,2.17,16.7,24.74,2023-12-21 11:00:00
2023-12-21,12:00,646.05,22.1,73.3,2.8,20.3,25.61,2023-12-21 12:00:00
2023-12-21,13:00,570.68,23.0,74.8,2.63,38.2,23.02,2023-12-21 13:00:00
2023-12-21,14:00,503.46,20.9,78.1,2.69,29.3,20.3,2023-12-21 14:00:00
2023-12-21,15:00,371.4,24.1,76.0,7.61,38.0,15.69,2023-12-21 15:00:00
2023-12-21,16:00,216.31,22.0,73.1,1.25,32.8,8.96,2023-12-21 16:00:00
2023-12-21,17:00,26.68,20.0,75.1,3.65,36.5,1.82,2023-12-21 17:00:00
2023-12-21,18:00,0.0,20.5,74.4,4.29,22.8,0.0,2023-12-21 18:00:00
2023-12-21,19:00,0.0,21.8,66.0,4.45,32.8,0.0,2023-12-21 19:00:00
2023-12-21,20:00,0.0,13.5,83.9,5.0,15.4,0.0,2023-12-21 20:00:00
2023-12-21,21:00,0.0,12.6,91.6,5.05,48.6,0.0,2023-12-21 21:00:00
2023-12-21,22:00,0.0,17.4,82.3,7.2,19.8,0.0,2023-12-21 22:00:00
2023-12-21,23:00,0.0,12.1,85.5,5.01,46.2,0.0,2023-12-21 23:00:00
2023-12-22,00:00,0.0,10.6,90.7,5.51,26.1,0.0,2023-12-22 00:00:00
2023-12-22,01:00,0.0,9.5,98.0,3.81,32.7,0.0,2023-12-22 01:00:00
2023-12-22,02:00,0.0,11.6,90.9,4.43,22.2,0.0,2023-12-22 02:00:00
2023-12-22,03:00,0.0,14.4,85.9,3.56,14.4,0.0,2023-12-22 03:00:00
2023-12-22,04:00,0.0,9.1,88.6,2.66,3.5,0.0,2023-12-22 04:00:00
2023-12-22,05:00,0.0,11.0,80.3,2.83,13.8,0.0,2023-12-22 05:00:00
2023-12-22,06:00,0.0,11.8,89.2,3.04,24.8,0.0,2023-12-22 06:00:00
2023-12-22,07:00,16.47,15.2,87.0,2.95,32.8,0.44,2023-12-22 07:00:00
2023-12-22,08:00,197.1,17.7,80.3,3.82,44.8,8.4,2023-12-22 08:00:00
2023-12-22,09:00,382.98,19.9,75.4,2.53,23.0,16.01,2023-12-22 09:00:00
2023-12-22,10:00,546.65,19.8,62.8,3.74,16.4,22.55,2023-12-22 10:00:00
2023-12-22,11:00,635.53,24.2,64.4,6.48,8.0,25.57,2023-12-22 11:00:00
2023-12-22,12:00,603.47,19.6,78.1,3.24,36.8,24.54,2023-12-22 12:00:00
2023-12-22,13:00,519.79,19.8,88.5,2.41,50.4,21.07,2023-12-22 13:00:00
2023-12-22,14:00,455.87,24.1,73.6,2.98,48.6,18.33,2023-12-22 14:00:00
2023-12-22,15:00,370.22,21.5,76.8,6.0,40.3,15.7,2023-12-22 15:00:00
2023-12-22,16:00,221.29,18.2,82.2,6.91,39.2,9.32,2023-12-22 16:00:00
2023-12-22,17:00,14.6,19.1,82.8,6.11,55.1,0.87,2023-12-22 17:00:00
2023-12-22,18:00,0.0,18.9,83.2,2.71,34.6,0.0,2023-12-22 18:00:00
2023-12-22,19:00,0.0,15.9,78.0,3.16,39.3,0.0,2023-12-22 19:00:00
2023-12-22,20:00,0.0,13.6,90.4,7.8,24.8,0.0,2023-12-22 20:00:00
2023-12-22,21:00,0.0,13.5,82.0,2.88,9.2,0.0,2023-12-22 21:00:00
2023-12-22,22:00,0.0,10.5,94.3,1.96,19.4,0.0,2023-12-22 22:00:00
2023-12-22,23:00,0.0,12.4,77.8,2.69,29.5,0.0,2023-12-22 23:00:00
2023-12-23,00:00,0.0,6.7,87.9,7.43,30.9,0.0,2023-12-23 00:00:00
2023-12-23,01:00,0.0,9.7,98.0,3.29,58.9,0.0,2023-12-23 01:00:00
2023-12-23,02:00,0.0,10.3,94.4,6.76,31.2,0.0,2023-12-23 02:00:00
2023-12-23,03:00,0.0,9.4,95.6,1.76,47.7,0.0,2023-12-23 03:00:00
2023-12-23,04:00,0.0,12.1,90.1,5.08,23.5,0.0,2023-12-23 04:00:00
2023-12-23,05:00,0.0,8.7,97.2,1.69,25.4,0.0,2023-12-23 05:00:00
2023-12-23,06:00,0.0,11.1,88.5,2.28,10.1,0.0,2023-12-23 06:00:00
2023-12-23,07:00,41.75,13.2,85.3,4.22,18.9,1.78,2023-12-23 07:00:00
2023-12-23,08:00,214.68,16.7,84.8,3.37,37.9,9.05,2023-12-23 08:00:00
2023-12-23,09:00,385.78,17.3,79.1,4.48,30.1,16.0,2023-12-23 09:00:00
2023-12-23,10:00,486.78499999999997,22.2,77.5,7.74,44.2,20.05,2023-12-23 10:00:00
2023-12-23,11:00,587.79,18.2,76.8,1.38,32.7,23.56,2023-12-23 11:00:00
2023-12-23,12:00,524.335,18.1,75.9,2.25,24.7,25.91,2023-12-23 12:00:00
2023-12-23,13:00,460.88,24.4,81.0,4.34,62.3,18.61,2023-12-23 13:00:00
2023-12-23,14:00,523.1,18.8,77.1,6.22,28.6,21.68,2023-12-23 14:00:00
2023-12-23,15:00,330.48,22.4,75.3,5.3,47.5,13.87,2023-12-23 15:00:00
2023-12-23,16:00,219.53,18.8,79.6,3.51,24.0,9.24,2023-12-23 16:00:00
2023-12-23,17:00,32.7,15.9,87.8,4.95,40.7,1.96,2023-12-23 17:00:00
2023-12-23,18:00,0.0,17.7,83.6,2.34,43.9,0.0,2023-12-23 18:00:00
2023-12-23,19:00,0.0,18.5,79.9,0.95,33.2,0.0,2023-12-23 19:00:00
2023-12-23,20:00,0.0,13.2,81.9,3.99,0.0,0.0,2023-12-23 20:00:00
2023-12-23,21:00,0.0,14.9,89.1,5.42,30.3,0.0,2023-12-23 21:00:00
2023-12-23,22:00,0.0,13.7,92.4,3.36,48.5,0.0,2023-12-23 22:00:00
2023-12-23,23:00,0.0,8.8,91.5,3.99,37.9,0.0,2023-12-23 23:00:00
2023-12-24,00:00,0.0,9.7,93.8,3.31,37.1,0.0,2023-12-24 00:00:00
2023-12-24,01:00,0.0,12.3,81.1,3.73,4.6,0.0,2023-12-24 01:00:00
2023-12-24,02:00,0.0,10.4,85.1,6.08,19.6,0.0,2023-12-24 02:00:00
2023-12-24,03:00,0.0,9.0,97.6,3.56,36.6,0.0,2023-12-24 03:00:00
2023-12-24,04:00,0.0,10.8,95.2,0.83,36.6,0.0,2023-12-24 04:00:00
2023-12-24,05:00,0.0,9.8,98.0,5.32,48.6,0.0,2023-12-24 05:00:00
2023-12-24,06:00,0.0,14.3,81.6,4.23,28.2,0.0,2023-12-24 06:00:00
2023-12-24,07:00,22.97,15.7,86.2,4.85,36.5,0.88,2023-12-24 07:00:00
2023-12-24,08:00,227.3,15.5,84.4,6.28,30.7,10.28,2023-12-24 08:00:00
2023-12-24,09:00,386.19,17.2,79.3,2.71,15.6,15.83,2023-12-24 09:00:00
2023-12-24,10:00,547.52,16.5,75.8,3.68,0.0,23.07,2023-12-24 10:00:00
2023-12-24,11:00,584.58,17.1,83.5,4.15,36.9,23.99,2023-12-24 11:00:00
2023-12-24,12:00,607.47,19.8,78.0,2.97,33.0,24.16,2023-12-24 12:00:00
2023-12-24,13:00,624.06,20.9,78.4,5.7,21.1,25.37,2023-12-24 13:00:00
2023-12-24,14:00,534.51,23.2,63.3,4.66,6.1,21.39,2023-12-24 14:00:00
2023-12-24,15:00,369.0,22.7,75.2,4.87,39.9,15.11,2023-12-24 15:00:00
2023-12-24,16:00,217.83,20.8,79.7,5.38,26.4,9.06,2023-12-24 16:00:00
2023-12-24,17:00,19.59,21.7,73.9,2.58,38.8,0.9,2023-12-24 17:00:00
2023-12-24,18:00,0.0,16.6,86.7,4.95,58.4,0.0,2023-12-24 18:00:00
2023-12-24,19:00,0.0,18.8,74.7,5.13,0.0,0.0,2023-12-24 19:00:00
2023-12-24,20:00,0.0,13.9,78.4,5.67,19.9,0.0,2023-12-24 20:00:00
2023-12-24,21:00,0.0,16.0,85.5,3.61,27.3,0.0,2023-12-24 21:00:00
2023-12-24,22:00,0.0,12.2,92.8,3.68,52.2,0.0,2023-12-24 22:00:00
2023-12-24,23:00,0.0,7.4,92.0,1.72,5.9,0.0,2023-12-24 23:00:00
2023-12-25,00:00,0.0,11.3,93.1,5.75,59.9,0.0,2023-12-25 00:00:00
2023-12-25,01:00,0.0,10.8,96.8,3.82,32.9,0.0,2023-12-25 01:00:00
2023-12-25,02:00,0.0,8.4,89.9,4.11,29.4,0.0,2023-12-25 02:00:00
2023-12-25,03:00,0.0,8.7,96.8,1.87,27.9,0.0,2023-12-25 03:00:00
2023-12-25,04:00,0.0,9.7,86.8,4.15,24.3,0.0,2023-12-25 04:00:00
2023-12-25,05:00,0.0,7.5,98.0,1.29,46.5,0.0,2023-12-25 05:00:00
2023-12-25,06:00,0.0,7.9,91.6,6.59,14.8,0.0,2023-12-25 06:00:00
2023-12-25,07:00,14.17,16.0,92.8,5.86,36.0,0.36,2023-12-25 07:00:00
2023-12-25,08:00,213.74,13.7,82.4,2.27,25.1,9.22,2023-12-25 08:00:00
2023-12-25,09:00,405.39,20.1,72.9,4.11,19.4,16.44,2023-12-25 09:00:00
2023-12-25,10:00,361.99,20.6,91.3,4.15,69.6,14.59,2023-12-25 10:00:00
2023-12-25,11:00,576.23,22.2,70.3,5.35,37.1,23.91,2023-12-25 11:00:00
2023-12-25,12:00,595.97,19.2,78.4,5.02,40.0,24.82,2023-12-25 12:00:00
2023-12-25,13:00,529.89,18.1,86.8,8.99,47.9,21.98,2023-12-25 13:00:00
2023-12-25,14:00,535.93,19.2,69.5,3.0,9.5,22.46,2023-12-25 14:00:00
2023-12-25,15:00,323.72,20.2,86.1,1.89,57.1,13.09,2023-12-25 15:00:00
2023-12-25,16:00,219.03,16.1,76.5,4.01,0.0,9.45,2023-12-25 16:00:00
2023-12-25,17:00,6.93,18.6,70.9,5.07,19.3,0.38,2023-12-25 17:00:00
2023-12-25,18:00,0.0,17.8,83.2,2.7,23.9,0.0,2023-12-25 18:00:00
2023-12-25,19:00,0.0,14.4,83.2,2.47,39.5,0.0,2023-12-25 19:00:00
2023-12-25,20:00,0.0,13.3,91.7,5.34,34.1,0.0,2023-12-25 20:00:00
2023-12-25,21:00,0.0,13.2,87.8,5.0,28.3,0.0,2023-12-25 21:00:00
2023-12-25,22:00,0.0,12.8,86.6,2.31,30.6,0.0,2023-12-25 22:00:00
2023-12-25,23:00,0.0,9.3,85.7,5.92,16.2,0.0,2023-12-25 23:00:00
2023-12-26,00:00,0.0,10.4,87.9,1.95,8.8,0.0,2023-12-26 00:00:00
2023-12-26,01:00,0.0,9.5,92.8,1.79,42.1,0.0,2023-12-26 01:00:00
2023-12-26,02:00,0.0,9.2,98.0,3.0,41.6,0.0,2023-12-26 02:00:00
2023-12-26,03:00,0.0,8.1,98.0,6.11,55.0,0.0,2023-12-26 03:00:00
2023-12-26,04:00,0.0,7.5,98.0,4.64,19.4,0.0,2023-12-26 04:00:00
2023-12-26,05:00,0.0,13.9,90.7,3.19,41.6,0.0,2023-12-26 05:00:00
2023-12-26,06:00,0.0,13.2,85.3,2.07,27.0,0.0,2023-12-26 06:00:00
2023-12-26,07:00,17.83,15.4,88.0,4.75,49.1,0.92,2023-12-26 07:00:00
2023-12-26,08:00,185.1,14.9,87.8,4.13,46.6,7.47,2023-12-26 08:00:00
2023-12-26,09:00,373.07,16.4,85.0,8.47,34.4,15.26,2023-12-26 09:00:00
2023-12-26,10:00,522.69,19.0,79.8,5.08,26.1,21.19,2023-12-26 10:00:00
2023-12-26,11:00,551.29,16.0,92.3,1.75,45.6,23.28,2023-12-26 11:00:00
2023-12-26,12:00,600.56,18.3,82.9,4.84,40.9,24.63,2023-12-26 12:00:00
2023-12-26,13:00,622.98,19.5,70.4,2.57,21.0,25.71,2023-12-26 13:00:00
2023-12-26,14:00,530.61,20.3,70.7,7.37,11.3,22.35,2023-12-26 14:00:00
2023-12-26,15:00,398.5,19.3,84.0,1.03,26.9,16.32,2023-12-26 15:00:00
2023-12-26,16:00,188.85,20.9,75.9,2.48,54.0,8.69,2023-12-26 16:00:00
2023-12-26,17:00,15.86,19.5,85.8,3.66,48.4,0.48,2023-12-26 17:00:00
2023-12-26,18:00,0.0,20.6,71.2,1.59,14.6,0.0,2023-12-26 18:00:00
2023-12-26,19:00,0.0,21.1,83.1,2.97,13.7,0.0,2023-12-26 19:00:00
2023-12-26,20:00,0.0,12.8,95.0,3.65,50.4,0.0,2023-12-26 20:00:00
2023-12-26,21:00,0.0,13.8,89.1,3.42,14.2,0.0,2023-12-26 21:00:00
2023-12-26,22:00,0.0,12.4,92.5,3.49,38.9,0.0,2023-12-26 22:00:00
2023-12-26,23:00,0.0,10.8,88.2,6.02,22.0,0.0,2023-12-26 23:00:00
2023-12-27,00:00,0.0,7.9,96.9,3.69,55.9,0.0,2023-12-27 00:00:00
2023-12-27,01:00,0.0,7.6,93.2,6.89,20.1,0.0,2023-12-27 01:00:00
2023-12-27,02:00,0.0,9.4,92.8,2.02,48.8,0.0,2023-12-27 02:00:00
2023-12-27,03:00,0.0,7.5,96.1,2.68,34.4,0.0,2023-12-27 03:00:00
2023-12-27,04:00,0.0,10.1,93.5,4.43,35.4,0.0,2023-12-27 04:00:00
2023-12-27,05:00,0.0,10.3,75.6,2.69,2.1,0.0,2023-12-27 05:00:00
2023-12-27,06:00,0.0,12.3,87.1,2.98,0.0,0.0,2023-12-27 06:00:00
2023-12-27,07:00,24.76,11.7,84.6,6.28,28.4,1.03,2023-12-27 07:00:00
2023-12-27,08:00,192.87,15.3,85.1,3.84,35.4,8.55,2023-12-27 08:00:00
2023-12-27,09:00,402.51,15.0,83.3,2.93,14.8,16.6,2023-12-27 09:00:00
2023-12-27,10:00,521.05,18.3,81.6,5.15,15.3,22.03,2023-12-27 10:00:00
2023-12-27,11:00,554.57,21.7,74.3,1.53,40.1,22.81,2023-12-27 11:00:00
2023-12-27,12:00,579.68,20.7,68.9,3.96,40.1,23.85,2023-12-27 12:00:00
2023-12-27,13:00,586.65,21.4,79.6,1.73,29.6,23.6,2023-12-27 13:00:00
2023-12-27,14:00,473.14,22.5,72.1,2.18,43.4,19.03,2023-12-27 14:00:00
2023-12-27,15:00,398.97,18.3,77.5,1.46,14.0,16.59,2023-12-27 15:00:00
2023-12-27,16:00,226.74,23.3,73.3,6.29,26.3,9.62,2023-12-27 16:00:00
2023-12-27,17:00,21.67,17.4,75.0,1.34,56.4,1.22,2023-12-27 17:00:00
2023-12-27,18:00,0.0,19.6,72.3,3.74,32.7,0.0,2023-12-27 18:00:00
2023-12-27,19:00,0.0,17.9,79.7,2.42,33.6,0.0,2023-12-27 19:00:00
2023-12-27,20:00,0.0,13.4,86.1,3.14,66.2,0.0,2023-12-27 20:00:00
2023-12-27,21:00,0.0,15.3,74.4,3.63,10.7,0.0,2023-12-27 21:00:00
2023-12-27,22:00,0.0,12.9,92.0,3.44,43.6,0.0,2023-12-27 22:00:00
2023-12-27,23:00,0.0,14.2,92.5,4.96,56.6,0.0,2023-12-27 23:00:00
2023-12-28,00:00,0.0,10.1,92.9,6.42,27.2,0.0,2023-12-28 00:00:00
2023-12-28,01:00,0.0,8.9,98.0,2.77,45.0,0.0,2023-12-28 01:00:00
2023-12-28,02:00,0.0,8.0,85.6,1.1,17.4,0.0,2023-12-28 02:00:00
2023-12-28,03:00,0.0,6.0,91.3,6.19,21.8,0.0,2023-12-28 03:00:00
2023-12-28,04:00,0.0,9.2,98.0,7.96,37.9,0.0,2023-12-28 04:00:00
2023-12-28,05:00,0.0,10.2,98.0,3.36,44.1,0.0,2023-12-28 05:00:00
2023-12-28,06:00,0.0,12.4,89.8,3.46,48.9,0.0,2023-12-28 06:00:00
2023-12-28,07:00,33.64,10.8,98.0,2.0,55.6,1.65,2023-12-28 07:00:00
2023-12-28,08:00,233.21,14.5,89.2,3.55,31.1,10.44,2023-12-28 08:00:00
2023-12-28,09:00,339.97,17.5,87.2,2.78,50.0,14.16,2023-12-28 09:00:00
2023-12-28,10:00,512.34,19.1,77.1,9.15,27.0,21.88,2023-12-28 10:00:00
2023-12-28,11:00,541.99,15.8,85.1,2.22,45.6,23.08,2023-12-28 11:00:00
2023-12-28,12:00,632.18,21.4,84.6,3.12,35.2,25.48,2023-12-28 12:00:00
2023-12-28,13:00,556.79,20.3,79.6,4.22,38.8,22.92,2023-12-28 13:00:00
2023-12-28,14:00,489.39,20.6,80.3,2.97,38.4,19.46,2023-12-28 14:00:00
2023-12-28,15:00,395.02,16.5,78.6,3.55,8.0,16.54,2023-12-28 15:00:00
2023-12-28,16:00,229.36,22.8,66.4,7.74,15.2,9.25,2023-12-28 16:00:00
2023-12-28,17:00,14.33,19.5,79.4,3.7,33.6,0.27,2023-12-28 17:00:00
2023-12-28,18:00,0.0,15.2,77.6,6.4,6.8,0.0,2023-12-28 18:00:00
2023-12-28,19:00,0.0,17.2,84.0,1.3,44.6,0.0,2023-12-28 19:00:00
2023-12-28,20:00,0.0,15.5,89.3,1.86,45.2,0.0,2023-12-28 20:00:00
2023-12-28,21:00,0.0,15.6,82.2,6.96,37.0,0.0,2023-12-28 21:00:00
2023-12-28,22:00,0.0,11.4,81.9,1.91,15.3,0.0,2023-12-28 22:00:00
2023-12-28,23:00,0.0,10.7,98.0,4.89,52.8,0.0,2023-12-28 23:00:00
2023-12-29,00:00,0.0,8.5,98.0,3.42,63.1,0.0,2023-12-29 00:00:00
2023-12-29,01:00,0.0,10.1,92.2,3.25,34.7,0.0,2023-12-29 01:00:00
2023-12-29,02:00,0.0,7.4,91.2,4.44,40.2,0.0,2023-12-29 02:00:00
2023-12-29,03:00,0.0,7.4,98.0,4.83,35.6,0.0,2023-12-29 03:00:00
2023-12-29,04:00,0.0,9.5,98.0,6.73,40.5,0.0,2023-12-29 04:00:00
2023-12-29,05:00,0.0,8.4,97.9,2.57,30.7,0.0,2023-12-29 05:00:00
2023-12-29,06:00,0.0,14.7,87.5,4.66,32.0,0.0,2023-12-29 06:00:00
2023-12-29,07:00,29.85,16.8,80.3,2.96,46.1,0.63,2023-12-29 07:00:00
2023-12-29,08:00,146.62,14.0,96.8,4.77,67.7,7.38,2023-12-29 08:00:00
2023-12-29,09:00,389.77,13.9,79.6,1.99,11.5,17.16,2023-12-29 09:00:00
2023-12-29,10:00,514.44,18.5,76.1,3.47,31.0,20.5,2023-12-29 10:00:00
2023-12-29,11:00,625.59,18.2,78.4,2.21,14.8,24.72,2023-12-29 11:00:00
2023-12-29,12:00,511.93,22.2,87.4,2.93,56.4,20.53,2023-12-29 12:00:00
2023-12-29,13:00,604.18,19.2,83.1,4.76,23.7,24.09,2023-12-29 13:00:00
2023-12-29,14:00,534.4,21.8,72.5,2.46,10.9,22.67,2023-12-29 14:00:00
2023-12-29,15:00,355.58,20.9,79.1,4.58,42.1,14.59,2023-12-29 15:00:00
2023-12-29,16:00,183.43,18.8,85.6,3.65,58.7,8.06,2023-12-29 16:00:00
2023-12-29,17:00,13.79,19.5,77.8,1.68,42.5,0.4,2023-12-29 17:00:00
2023-12-29,18:00,0.0,19.4,78.7,3.16,35.6,0.0,2023-12-29 18:00:00
2023-12-29,19:00,0.0,16.6,88.4,5.92,38.7,0.0,2023-12-29 19:00:00
2023-12-29,20:00,0.0,15.0,98.0,8.59,53.8,0.0,2023-12-29 20:00:00
2023-12-29,21:00,0.0,11.7,84.0,3.08,42.349999999999994,0.0,2023-12-29 21:00:00
2023-12-29,22:00,0.0,13.9,84.8,1.4,30.9,0.0,2023-12-29 22:00:00
2023-12-29,23:00,0.0,12.5,85.6,1.92,25.7,0.0,2023-12-29 23:00:00
2023-12-30,00:00,0.0,8.8,94.3,5.23,15.5,0.0,2023-12-30 00:00:00
2023-12-30,01:00,0.0,8.8,98.0,4.42,28.1,0.0,2023-12-30 01:00:00
2023-12-30,02:00,0.0,11.3,98.0,2.7,49.6,0.0,2023-12-30 02:00:00
2023-12-30,03:00,0.0,6.9,98.0,3.18,41.5,0.0,2023-12-30 03:00:00
2023-12-30,04:00,0.0,10.7,91.2,5.41,42.7,0.0,2023-12-30 04:00:00
2023-12-30,05:00,0.0,9.5,91.3,3.27,35.2,0.0,2023-12-30 05:00:00
2023-12-30,06:00,0.0,15.0,82.4,5.01,40.8,0.0,2023-12-30 06:00:00
2023-12-30,07:00,21.22,13.3,82.6,2.75,21.0,1.39,2023-12-30 07:00:00
2023-12-30,08:00,228.3,17.0,85.2,4.82,28.3,9.65,2023-12-30 08:00:00
2023-12-30,09:00,369.85,15.0,93.0,3.51,35.9,15.93,2023-12-30 09:00:00
2023-12-30,10:00,499.4,15.5,87.4,3.87,37.2,21.44,2023-12-30 10:00:00
2023-12-30,11:00,569.87,18.6,80.5,4.13,37.8,23.5,2023-12-30 11:00:00
2023-12-30,12:00,631.03,20.4,72.9,3.44,30.9,25.16,2023-12-30 12:00:00
2023-12-30,13:00,596.94,19.7,76.8,3.51,27.3,24.31,2023-12-30 13:00:00
2023-12-30,14:00,289.22,22.1,87.8,2.61,80.4,12.18,2023-12-30 14:00:00
2023-12-30,15:00,359.35,20.2,75.5,8.34,46.6,15.03,2023-12-30 15:00:00
2023-12-30,16:00,201.97,16.2,89.2,6.34,39.2,8.27,2023-12-30 16:00:00
2023-12-30,17:00,25.98,20.0,75.7,3.79,29.5,1.0,2023-12-30 17:00:00
2023-12-30,18:00,0.0,16.2,85.7,1.21,26.2,0.0,2023-12-30 18:00:00
2023-12-30,19:00,0.0,15.7,84.2,2.13,31.0,0.0,2023-12-30 19:00:00
2023-12-30,20:00,0.0,17.6,84.1,5.77,37.4,0.0,2023-12-30 20:00:00
2023-12-30,21:00,0.0,16.4,73.8,6.71,4.8,0.0,2023-12-30 21:00:00
2023-12-30,22:00,0.0,10.7,84.9,2.09,9.4,0.0,2023-12-30 22:00:00
2023-12-30,23:00,0.0,11.6,91.0,4.88,23.4,0.0,2023-12-30 23:00:00
2023-12-31,00:00,0.0,8.5,95.9,4.25,36.6,0.0,2023-12-31 00:00:00
2023-12-31,01:00,0.0,8.4,90.4,2.78,29.9,0.0,2023-12-31 01:00:00
2023-12-31,02:00,0.0,7.6,98.0,3.38,55.6,0.0,2023-12-31 02:00:00
2023-12-31,03:00,0.0,5.8,95.6,4.54,11.2,0.0,2023-12-31 03:00:00
2023-12-31,04:00,0.0,9.7,96.5,1.74,22.2,0.0,2023-12-31 04:00:00
2023-12-31,05:00,0.0,11.0,98.0,2.24,56.3,0.0,2023-12-31 05:00:00
2023-12-31,06:00,0.0,10.5,92.8,1.2,35.4,0.0,2023-12-31 06:00:00
2023-12-31,07:00,30.88,15.1,86.8,6.29,46.7,1.62,2023-12-31 07:00:00
2023-12-31,08:00,162.95,13.9,94.3,4.01,64.2,7.16,2023-12-31 08:00:00
2023-12-31,09:00,407.95,15.1,81.0,3.77,23.0,17.0,2023-12-31 09:00:00
2023-12-31,10:00,514.16,18.7,82.0,4.71,32.0,21.28,2023-12-31 10:00:00
2023-12-31,11:00,595.43,16.2,87.2,8.52,29.4,24.66,2023-12-31 11:00:00
2023-12-31,12:00,661.34,21.5,73.7,2.15,4.1,26.41,2023-12-31 12:00:00
2023-12-31,13:00,608.84,19.8,75.8,1.94,28.8,25.04,2023-12-31 13:00:00
2023-12-31,14:00,472.47,22.5,75.9,2.75,46.7,18.83,2023-12-31 14:00:00
2023-12-31,15:00,379.82,22.8,74.5,6.32,41.6,15.87,2023-12-31 15:00:00
2023-12-31,16:00,214.89,21.1,71.3,3.27,42.7,8.65,2023-12-31 16:00:00
2023-12-31,17:00,30.4,17.5,75.9,5.27,27.8,0.98,2023-12-31 17:00:00
2023-12-31,18:00,0.0,15.5,82.5,2.31,23.6,0.0,2023-12-31 18:00:00
2023-12-31,19:00,0.0,13.7,94.1,3.63,52.5,0.0,2023-12-31 19:00:00
2023-12-31,20:00,0.0,16.7,83.4,1.9,26.0,0.0,2023-12-31 20:00:00
2023-12-31,21:00,0.0,12.9,87.0,3.27,37.9,0.0,2023-12-31 21:00:00
2023-12-31,22:00,0.0,10.6,91.1,2.6,35.9,0.0,2023-12-31 22:00:00
2023-12-31,23:00,0.0,10.2,97.5,3.89,55.4,0.0,2023-12-31 23:00:00
